fold_id,observation_date,model,method,feature,feature_value,attribution_value,absolute_attribution,model_weight,baseline_value,recorded_prediction,additivity_gap,evaluated_split
1,2020-03-01,elastic_net,standardized_linear_contribution,npl90_level_t,2.50407561213288,0.0,0.0,0.0,0.043457216030343096,0.043457216030343096,0.0,development
1,2020-03-01,elastic_net,standardized_linear_contribution,npl90_lag_1m,2.45738300404455,0.0,0.0,0.0,0.043457216030343096,0.043457216030343096,0.0,development
1,2020-03-01,elastic_net,standardized_linear_contribution,npl90_lag_3m,2.50818393414233,0.0,0.0,0.0,0.043457216030343096,0.043457216030343096,0.0,development
1,2020-03-01,elastic_net,standardized_linear_contribution,npl90_lag_6m,2.25142082271385,0.0,0.0,0.0,0.043457216030343096,0.043457216030343096,0.0,development
1,2020-03-01,elastic_net,standardized_linear_contribution,npl90_lag_12m,2.15464044786518,0.0,0.0,0.0,0.043457216030343096,0.043457216030343096,0.0,development
1,2020-03-01,elastic_net,standardized_linear_contribution,npl90_change_1m_pp,0.04669260808833009,0.0,0.0,0.0,0.043457216030343096,0.043457216030343096,0.0,development
1,2020-03-01,elastic_net,standardized_linear_contribution,npl90_change_3m_pp,-0.004108322009449772,-0.0,0.0,0.0,0.043457216030343096,0.043457216030343096,0.0,development
1,2020-03-01,elastic_net,standardized_linear_contribution,npl90_change_12m_pp,0.34943516426770005,0.0,0.0,0.0,0.043457216030343096,0.043457216030343096,0.0,development
1,2020-03-01,elastic_net,standardized_linear_contribution,npl90_rolling_mean_3m,2.469859185177267,0.0,0.0,0.0,0.043457216030343096,0.043457216030343096,0.0,development
1,2020-03-01,elastic_net,standardized_linear_contribution,npl90_rolling_mean_6m,2.46386525984038,0.0,0.0,0.0,0.043457216030343096,0.043457216030343096,0.0,development
1,2020-03-01,elastic_net,standardized_linear_contribution,npl90_rolling_mean_12m,2.322713963195134,0.0,0.0,0.0,0.043457216030343096,0.043457216030343096,0.0,development
1,2020-03-01,elastic_net,standardized_linear_contribution,imacec_yoy_pct,1.6313210162385516,-0.0,0.0,0.0,0.043457216030343096,0.043457216030343096,0.0,development
1,2020-03-01,elastic_net,standardized_linear_contribution,ipc_yoy,3.736201434,0.0,0.0,0.0,0.043457216030343096,0.043457216030343096,0.0,development
1,2020-03-01,elastic_net,standardized_linear_contribution,unemployment_rate,7.8105192968302,0.0,0.0,0.0,0.043457216030343096,0.043457216030343096,0.0,development
1,2020-03-01,elastic_net,standardized_linear_contribution,tpm_monthly_average,1.38,-0.0,0.0,0.0,0.043457216030343096,0.043457216030343096,0.0,development
1,2020-03-01,elastic_net,standardized_linear_contribution,tpm_change_3m_pp,-0.3700000000000001,-0.0,0.0,0.0,0.043457216030343096,0.043457216030343096,0.0,development
1,2020-03-01,elastic_net,standardized_linear_contribution,usdclp_yoy_pct,25.715231030651676,0.0,0.0,0.0,0.043457216030343096,0.043457216030343096,0.0,development
1,2020-03-01,elastic_net,standardized_linear_contribution,consumer_lending_rate,20.82,-0.0,0.0,0.0,0.043457216030343096,0.043457216030343096,0.0,development
1,2020-03-01,elastic_net,standardized_linear_contribution,consumer_lending_rate_change_3m_pp,1.6099999999999994,0.0,0.0,0.0,0.043457216030343096,0.043457216030343096,0.0,development
1,2020-03-01,elastic_net,standardized_linear_contribution,real_consumer_loans_yoy_pct,-2.640919539165565,-0.0,0.0,0.0,0.043457216030343096,0.043457216030343096,0.0,development
1,2020-03-01,elastic_net,standardized_linear_contribution,real_m1_yoy_pct,20.216513717064032,0.0,0.0,0.0,0.043457216030343096,0.043457216030343096,0.0,development
1,2020-03-01,elastic_net,standardized_linear_contribution,month_sin,0.8660254037844386,0.0,0.0,0.0,0.043457216030343096,0.043457216030343096,0.0,development
1,2020-03-01,elastic_net,standardized_linear_contribution,month_cos,0.5000000000000001,0.0,0.0,0.0,0.043457216030343096,0.043457216030343096,0.0,development
1,2020-03-01,random_forest,mean_decrease_impurity,npl90_level_t,2.50407561213288,,0.10717710788910961,0.10717710788910961,,0.0543961034225684,0.0,development
1,2020-03-01,random_forest,mean_decrease_impurity,npl90_lag_1m,2.45738300404455,,0.028837856276721332,0.028837856276721332,,0.0543961034225684,0.0,development
1,2020-03-01,random_forest,mean_decrease_impurity,npl90_lag_3m,2.50818393414233,,0.015548338493540174,0.015548338493540174,,0.0543961034225684,0.0,development
1,2020-03-01,random_forest,mean_decrease_impurity,npl90_lag_6m,2.25142082271385,,0.022679264218337783,0.022679264218337783,,0.0543961034225684,0.0,development
1,2020-03-01,random_forest,mean_decrease_impurity,npl90_lag_12m,2.15464044786518,,0.032189892668007834,0.032189892668007834,,0.0543961034225684,0.0,development
1,2020-03-01,random_forest,mean_decrease_impurity,npl90_change_1m_pp,0.04669260808833009,,0.015890429389778624,0.015890429389778624,,0.0543961034225684,0.0,development
1,2020-03-01,random_forest,mean_decrease_impurity,npl90_change_3m_pp,-0.004108322009449772,,0.06821801254446777,0.06821801254446777,,0.0543961034225684,0.0,development
1,2020-03-01,random_forest,mean_decrease_impurity,npl90_change_12m_pp,0.34943516426770005,,0.00847210502234661,0.00847210502234661,,0.0543961034225684,0.0,development
1,2020-03-01,random_forest,mean_decrease_impurity,npl90_rolling_mean_3m,2.469859185177267,,0.05173892741763928,0.05173892741763928,,0.0543961034225684,0.0,development
1,2020-03-01,random_forest,mean_decrease_impurity,npl90_rolling_mean_6m,2.46386525984038,,0.03554673797616013,0.03554673797616013,,0.0543961034225684,0.0,development
1,2020-03-01,random_forest,mean_decrease_impurity,npl90_rolling_mean_12m,2.322713963195134,,0.019504784339447523,0.019504784339447523,,0.0543961034225684,0.0,development
1,2020-03-01,random_forest,mean_decrease_impurity,imacec_yoy_pct,1.6313210162385516,,0.010117750069150229,0.010117750069150229,,0.0543961034225684,0.0,development
1,2020-03-01,random_forest,mean_decrease_impurity,ipc_yoy,3.736201434,,0.012966244540222696,0.012966244540222696,,0.0543961034225684,0.0,development
1,2020-03-01,random_forest,mean_decrease_impurity,unemployment_rate,7.8105192968302,,0.18230339917225086,0.18230339917225086,,0.0543961034225684,0.0,development
1,2020-03-01,random_forest,mean_decrease_impurity,tpm_monthly_average,1.38,,0.002639676183196803,0.002639676183196803,,0.0543961034225684,0.0,development
1,2020-03-01,random_forest,mean_decrease_impurity,tpm_change_3m_pp,-0.3700000000000001,,0.006916226867567992,0.006916226867567992,,0.0543961034225684,0.0,development
1,2020-03-01,random_forest,mean_decrease_impurity,usdclp_yoy_pct,25.715231030651676,,0.011209777007685372,0.011209777007685372,,0.0543961034225684,0.0,development
1,2020-03-01,random_forest,mean_decrease_impurity,consumer_lending_rate,20.82,,0.07550262938813673,0.07550262938813673,,0.0543961034225684,0.0,development
1,2020-03-01,random_forest,mean_decrease_impurity,consumer_lending_rate_change_3m_pp,1.6099999999999994,,0.01546681373047076,0.01546681373047076,,0.0543961034225684,0.0,development
1,2020-03-01,random_forest,mean_decrease_impurity,real_consumer_loans_yoy_pct,-2.640919539165565,,0.1967019914417507,0.1967019914417507,,0.0543961034225684,0.0,development
1,2020-03-01,random_forest,mean_decrease_impurity,real_m1_yoy_pct,20.216513717064032,,0.009089211593790099,0.009089211593790099,,0.0543961034225684,0.0,development
1,2020-03-01,random_forest,mean_decrease_impurity,month_sin,0.8660254037844386,,0.03390288339964187,0.03390288339964187,,0.0543961034225684,0.0,development
1,2020-03-01,random_forest,mean_decrease_impurity,month_cos,0.5000000000000001,,0.0373799403705794,0.0373799403705794,,0.0543961034225684,0.0,development
1,2020-03-01,xgboost,tree_shap,npl90_level_t,2.50407561213288,-0.031599778681993484,0.031599778681993484,,0.04060947522521019,0.062121227383613586,4.2462488636374474e-08,development
1,2020-03-01,xgboost,tree_shap,npl90_lag_1m,2.45738300404455,-0.0016206844011321664,0.0016206844011321664,,0.04060947522521019,0.062121227383613586,4.2462488636374474e-08,development
1,2020-03-01,xgboost,tree_shap,npl90_lag_3m,2.50818393414233,-0.0013051118003204465,0.0013051118003204465,,0.04060947522521019,0.062121227383613586,4.2462488636374474e-08,development
1,2020-03-01,xgboost,tree_shap,npl90_lag_6m,2.25142082271385,0.004719781689345837,0.004719781689345837,,0.04060947522521019,0.062121227383613586,4.2462488636374474e-08,development
1,2020-03-01,xgboost,tree_shap,npl90_lag_12m,2.15464044786518,-0.0071550640277564526,0.0071550640277564526,,0.04060947522521019,0.062121227383613586,4.2462488636374474e-08,development
1,2020-03-01,xgboost,tree_shap,npl90_change_1m_pp,0.04669260808833009,-0.0017815688624978065,0.0017815688624978065,,0.04060947522521019,0.062121227383613586,4.2462488636374474e-08,development
1,2020-03-01,xgboost,tree_shap,npl90_change_3m_pp,-0.004108322009449772,0.004448816180229187,0.004448816180229187,,0.04060947522521019,0.062121227383613586,4.2462488636374474e-08,development
1,2020-03-01,xgboost,tree_shap,npl90_change_12m_pp,0.34943516426770005,-0.006387471221387386,0.006387471221387386,,0.04060947522521019,0.062121227383613586,4.2462488636374474e-08,development
1,2020-03-01,xgboost,tree_shap,npl90_rolling_mean_3m,2.469859185177267,0.00581752322614193,0.00581752322614193,,0.04060947522521019,0.062121227383613586,4.2462488636374474e-08,development
1,2020-03-01,xgboost,tree_shap,npl90_rolling_mean_6m,2.46386525984038,0.02672772854566574,0.02672772854566574,,0.04060947522521019,0.062121227383613586,4.2462488636374474e-08,development
1,2020-03-01,xgboost,tree_shap,npl90_rolling_mean_12m,2.322713963195134,0.004808276891708374,0.004808276891708374,,0.04060947522521019,0.062121227383613586,4.2462488636374474e-08,development
1,2020-03-01,xgboost,tree_shap,imacec_yoy_pct,1.6313210162385516,0.004861488007009029,0.004861488007009029,,0.04060947522521019,0.062121227383613586,4.2462488636374474e-08,development
1,2020-03-01,xgboost,tree_shap,ipc_yoy,3.736201434,-0.003226770320907235,0.003226770320907235,,0.04060947522521019,0.062121227383613586,4.2462488636374474e-08,development
1,2020-03-01,xgboost,tree_shap,unemployment_rate,7.8105192968302,0.044205717742443085,0.044205717742443085,,0.04060947522521019,0.062121227383613586,4.2462488636374474e-08,development
1,2020-03-01,xgboost,tree_shap,tpm_monthly_average,1.38,-8.374606841243804e-05,8.374606841243804e-05,,0.04060947522521019,0.062121227383613586,4.2462488636374474e-08,development
1,2020-03-01,xgboost,tree_shap,tpm_change_3m_pp,-0.3700000000000001,0.0027640671469271183,0.0027640671469271183,,0.04060947522521019,0.062121227383613586,4.2462488636374474e-08,development
1,2020-03-01,xgboost,tree_shap,usdclp_yoy_pct,25.715231030651676,0.005807885434478521,0.005807885434478521,,0.04060947522521019,0.062121227383613586,4.2462488636374474e-08,development
1,2020-03-01,xgboost,tree_shap,consumer_lending_rate,20.82,0.039837270975112915,0.039837270975112915,,0.04060947522521019,0.062121227383613586,4.2462488636374474e-08,development
1,2020-03-01,xgboost,tree_shap,consumer_lending_rate_change_3m_pp,1.6099999999999994,-0.004962782841175795,0.004962782841175795,,0.04060947522521019,0.062121227383613586,4.2462488636374474e-08,development
1,2020-03-01,xgboost,tree_shap,real_consumer_loans_yoy_pct,-2.640919539165565,-0.043627459555864334,0.043627459555864334,,0.04060947522521019,0.062121227383613586,4.2462488636374474e-08,development
1,2020-03-01,xgboost,tree_shap,real_m1_yoy_pct,20.216513717064032,0.0018130859825760126,0.0018130859825760126,,0.04060947522521019,0.062121227383613586,4.2462488636374474e-08,development
1,2020-03-01,xgboost,tree_shap,month_sin,0.8660254037844386,-0.014155065640807152,0.014155065640807152,,0.04060947522521019,0.062121227383613586,4.2462488636374474e-08,development
1,2020-03-01,xgboost,tree_shap,month_cos,0.5000000000000001,-0.00839434377849102,0.00839434377849102,,0.04060947522521019,0.062121227383613586,4.2462488636374474e-08,development
1,2020-04-01,elastic_net,standardized_linear_contribution,npl90_level_t,2.65014483685801,0.0,0.0,0.0,0.0475065739699659,0.0475065739699659,0.0,development
1,2020-04-01,elastic_net,standardized_linear_contribution,npl90_lag_1m,2.50407561213288,0.0,0.0,0.0,0.0475065739699659,0.0475065739699659,0.0,development
1,2020-04-01,elastic_net,standardized_linear_contribution,npl90_lag_3m,2.44811893935437,0.0,0.0,0.0,0.0475065739699659,0.0475065739699659,0.0,development
1,2020-04-01,elastic_net,standardized_linear_contribution,npl90_lag_6m,2.37992357620879,0.0,0.0,0.0,0.0475065739699659,0.0475065739699659,0.0,development
1,2020-04-01,elastic_net,standardized_linear_contribution,npl90_lag_12m,2.173967828695,0.0,0.0,0.0,0.0475065739699659,0.0475065739699659,0.0,development
1,2020-04-01,elastic_net,standardized_linear_contribution,npl90_change_1m_pp,0.14606922472512984,0.0,0.0,0.0,0.0475065739699659,0.0475065739699659,0.0,development
1,2020-04-01,elastic_net,standardized_linear_contribution,npl90_change_3m_pp,0.2020258975036402,0.0,0.0,0.0,0.0475065739699659,0.0475065739699659,0.0,development
1,2020-04-01,elastic_net,standardized_linear_contribution,npl90_change_12m_pp,0.4761770081630101,0.0,0.0,0.0,0.0475065739699659,0.0475065739699659,0.0,development
1,2020-04-01,elastic_net,standardized_linear_contribution,npl90_rolling_mean_3m,2.5372011510118138,0.0,0.0,0.0,0.0475065739699659,0.0475065739699659,0.0,development
1,2020-04-01,elastic_net,standardized_linear_contribution,npl90_rolling_mean_6m,2.50890213661525,0.0,0.0,0.0,0.0475065739699659,0.0475065739699659,0.0,development
1,2020-04-01,elastic_net,standardized_linear_contribution,npl90_rolling_mean_12m,2.362395380542052,0.0,0.0,0.0,0.0475065739699659,0.0475065739699659,0.0,development
1,2020-04-01,elastic_net,standardized_linear_contribution,imacec_yoy_pct,-4.9273528495774155,-0.0,0.0,0.0,0.0475065739699659,0.0475065739699659,0.0,development
1,2020-04-01,elastic_net,standardized_linear_contribution,ipc_yoy,3.424472063,0.0,0.0,0.0,0.0475065739699659,0.0475065739699659,0.0,development
1,2020-04-01,elastic_net,standardized_linear_contribution,unemployment_rate,8.2285090973616,0.0,0.0,0.0,0.0475065739699659,0.0475065739699659,0.0,development
1,2020-04-01,elastic_net,standardized_linear_contribution,tpm_monthly_average,0.5,-0.0,0.0,0.0,0.0475065739699659,0.0475065739699659,0.0,development
1,2020-04-01,elastic_net,standardized_linear_contribution,tpm_change_3m_pp,-1.25,-0.0,0.0,0.0,0.0475065739699659,0.0475065739699659,0.0,development
1,2020-04-01,elastic_net,standardized_linear_contribution,usdclp_yoy_pct,27.86620431810729,0.0,0.0,0.0,0.0475065739699659,0.0475065739699659,0.0,development
1,2020-04-01,elastic_net,standardized_linear_contribution,consumer_lending_rate,18.91,-0.0,0.0,0.0,0.0475065739699659,0.0475065739699659,0.0,development
1,2020-04-01,elastic_net,standardized_linear_contribution,consumer_lending_rate_change_3m_pp,-1.25,-0.0,0.0,0.0,0.0475065739699659,0.0475065739699659,0.0,development
1,2020-04-01,elastic_net,standardized_linear_contribution,real_consumer_loans_yoy_pct,-4.492634004707208,-0.0,0.0,0.0,0.0475065739699659,0.0475065739699659,0.0,development
1,2020-04-01,elastic_net,standardized_linear_contribution,real_m1_yoy_pct,27.614117308525522,0.0,0.0,0.0,0.0475065739699659,0.0475065739699659,0.0,development
1,2020-04-01,elastic_net,standardized_linear_contribution,month_sin,1.0,0.0,0.0,0.0,0.0475065739699659,0.0475065739699659,0.0,development
1,2020-04-01,elastic_net,standardized_linear_contribution,month_cos,6.123233995736766e-17,0.0,0.0,0.0,0.0475065739699659,0.0475065739699659,0.0,development
1,2020-04-01,random_forest,mean_decrease_impurity,npl90_level_t,2.65014483685801,,0.09490762123438387,0.09490762123438387,,0.1368341193495828,0.0,development
1,2020-04-01,random_forest,mean_decrease_impurity,npl90_lag_1m,2.50407561213288,,0.027333329789451025,0.027333329789451025,,0.1368341193495828,0.0,development
1,2020-04-01,random_forest,mean_decrease_impurity,npl90_lag_3m,2.44811893935437,,0.016970143782399284,0.016970143782399284,,0.1368341193495828,0.0,development
1,2020-04-01,random_forest,mean_decrease_impurity,npl90_lag_6m,2.37992357620879,,0.029134981758518856,0.029134981758518856,,0.1368341193495828,0.0,development
1,2020-04-01,random_forest,mean_decrease_impurity,npl90_lag_12m,2.173967828695,,0.024953272565249304,0.024953272565249304,,0.1368341193495828,0.0,development
1,2020-04-01,random_forest,mean_decrease_impurity,npl90_change_1m_pp,0.14606922472512984,,0.0166436272762958,0.0166436272762958,,0.1368341193495828,0.0,development
1,2020-04-01,random_forest,mean_decrease_impurity,npl90_change_3m_pp,0.2020258975036402,,0.041995840499294154,0.041995840499294154,,0.1368341193495828,0.0,development
1,2020-04-01,random_forest,mean_decrease_impurity,npl90_change_12m_pp,0.4761770081630101,,0.00877918342128052,0.00877918342128052,,0.1368341193495828,0.0,development
1,2020-04-01,random_forest,mean_decrease_impurity,npl90_rolling_mean_3m,2.5372011510118138,,0.0597311962529273,0.0597311962529273,,0.1368341193495828,0.0,development
1,2020-04-01,random_forest,mean_decrease_impurity,npl90_rolling_mean_6m,2.50890213661525,,0.04177816214189069,0.04177816214189069,,0.1368341193495828,0.0,development
1,2020-04-01,random_forest,mean_decrease_impurity,npl90_rolling_mean_12m,2.362395380542052,,0.021442415161900184,0.021442415161900184,,0.1368341193495828,0.0,development
1,2020-04-01,random_forest,mean_decrease_impurity,imacec_yoy_pct,-4.9273528495774155,,0.0123253605472315,0.0123253605472315,,0.1368341193495828,0.0,development
1,2020-04-01,random_forest,mean_decrease_impurity,ipc_yoy,3.424472063,,0.015160957854308835,0.015160957854308835,,0.1368341193495828,0.0,development
1,2020-04-01,random_forest,mean_decrease_impurity,unemployment_rate,8.2285090973616,,0.20321763700147175,0.20321763700147175,,0.1368341193495828,0.0,development
1,2020-04-01,random_forest,mean_decrease_impurity,tpm_monthly_average,0.5,,0.003336576191715842,0.003336576191715842,,0.1368341193495828,0.0,development
1,2020-04-01,random_forest,mean_decrease_impurity,tpm_change_3m_pp,-1.25,,0.005912472573581419,0.005912472573581419,,0.1368341193495828,0.0,development
1,2020-04-01,random_forest,mean_decrease_impurity,usdclp_yoy_pct,27.86620431810729,,0.01579069682276245,0.01579069682276245,,0.1368341193495828,0.0,development
1,2020-04-01,random_forest,mean_decrease_impurity,consumer_lending_rate,18.91,,0.10727480682088725,0.10727480682088725,,0.1368341193495828,0.0,development
1,2020-04-01,random_forest,mean_decrease_impurity,consumer_lending_rate_change_3m_pp,-1.25,,0.013483463186560702,0.013483463186560702,,0.1368341193495828,0.0,development
1,2020-04-01,random_forest,mean_decrease_impurity,real_consumer_loans_yoy_pct,-4.492634004707208,,0.14944083774968067,0.14944083774968067,,0.1368341193495828,0.0,development
1,2020-04-01,random_forest,mean_decrease_impurity,real_m1_yoy_pct,27.614117308525522,,0.011186430987083185,0.011186430987083185,,0.1368341193495828,0.0,development
1,2020-04-01,random_forest,mean_decrease_impurity,month_sin,1.0,,0.04056680299703007,0.04056680299703007,,0.1368341193495828,0.0,development
1,2020-04-01,random_forest,mean_decrease_impurity,month_cos,6.123233995736766e-17,,0.03863418338409544,0.03863418338409544,,0.1368341193495828,0.0,development
1,2020-04-01,xgboost,tree_shap,npl90_level_t,2.65014483685801,-0.02290376089513302,0.02290376089513302,,0.04539114981889725,0.1590096354484558,6.07542460784316e-08,development
1,2020-04-01,xgboost,tree_shap,npl90_lag_1m,2.50407561213288,0.0003214507596567273,0.0003214507596567273,,0.04539114981889725,0.1590096354484558,6.07542460784316e-08,development
1,2020-04-01,xgboost,tree_shap,npl90_lag_3m,2.44811893935437,0.0018776431679725647,0.0018776431679725647,,0.04539114981889725,0.1590096354484558,6.07542460784316e-08,development
1,2020-04-01,xgboost,tree_shap,npl90_lag_6m,2.37992357620879,0.01214069128036499,0.01214069128036499,,0.04539114981889725,0.1590096354484558,6.07542460784316e-08,development
1,2020-04-01,xgboost,tree_shap,npl90_lag_12m,2.173967828695,-0.005870275665074587,0.005870275665074587,,0.04539114981889725,0.1590096354484558,6.07542460784316e-08,development
1,2020-04-01,xgboost,tree_shap,npl90_change_1m_pp,0.14606922472512984,-0.0035284305922687054,0.0035284305922687054,,0.04539114981889725,0.1590096354484558,6.07542460784316e-08,development
1,2020-04-01,xgboost,tree_shap,npl90_change_3m_pp,0.2020258975036402,-0.009611725807189941,0.009611725807189941,,0.04539114981889725,0.1590096354484558,6.07542460784316e-08,development
1,2020-04-01,xgboost,tree_shap,npl90_change_12m_pp,0.4761770081630101,-0.0028862750623375177,0.0028862750623375177,,0.04539114981889725,0.1590096354484558,6.07542460784316e-08,development
1,2020-04-01,xgboost,tree_shap,npl90_rolling_mean_3m,2.5372011510118138,0.003049761988222599,0.003049761988222599,,0.04539114981889725,0.1590096354484558,6.07542460784316e-08,development
1,2020-04-01,xgboost,tree_shap,npl90_rolling_mean_6m,2.50890213661525,0.034465134143829346,0.034465134143829346,,0.04539114981889725,0.1590096354484558,6.07542460784316e-08,development
1,2020-04-01,xgboost,tree_shap,npl90_rolling_mean_12m,2.362395380542052,0.008152787573635578,0.008152787573635578,,0.04539114981889725,0.1590096354484558,6.07542460784316e-08,development
1,2020-04-01,xgboost,tree_shap,imacec_yoy_pct,-4.9273528495774155,0.00810691062361002,0.00810691062361002,,0.04539114981889725,0.1590096354484558,6.07542460784316e-08,development
1,2020-04-01,xgboost,tree_shap,ipc_yoy,3.424472063,-0.0012500013690441847,0.0012500013690441847,,0.04539114981889725,0.1590096354484558,6.07542460784316e-08,development
1,2020-04-01,xgboost,tree_shap,unemployment_rate,8.2285090973616,0.0602417029440403,0.0602417029440403,,0.04539114981889725,0.1590096354484558,6.07542460784316e-08,development
1,2020-04-01,xgboost,tree_shap,tpm_monthly_average,0.5,-0.00022963211813475937,0.00022963211813475937,,0.04539114981889725,0.1590096354484558,6.07542460784316e-08,development
1,2020-04-01,xgboost,tree_shap,tpm_change_3m_pp,-1.25,-0.009049374610185623,0.009049374610185623,,0.04539114981889725,0.1590096354484558,6.07542460784316e-08,development
1,2020-04-01,xgboost,tree_shap,usdclp_yoy_pct,27.86620431810729,0.002383611863479018,0.002383611863479018,,0.04539114981889725,0.1590096354484558,6.07542460784316e-08,development
1,2020-04-01,xgboost,tree_shap,consumer_lending_rate,18.91,0.06713248044252396,0.06713248044252396,,0.04539114981889725,0.1590096354484558,6.07542460784316e-08,development
1,2020-04-01,xgboost,tree_shap,consumer_lending_rate_change_3m_pp,-1.25,0.002157078357413411,0.002157078357413411,,0.04539114981889725,0.1590096354484558,6.07542460784316e-08,development
1,2020-04-01,xgboost,tree_shap,real_consumer_loans_yoy_pct,-4.492634004707208,-0.02161489613354206,0.02161489613354206,,0.04539114981889725,0.1590096354484558,6.07542460784316e-08,development
1,2020-04-01,xgboost,tree_shap,real_m1_yoy_pct,27.614117308525522,0.006280609406530857,0.006280609406530857,,0.04539114981889725,0.1590096354484558,6.07542460784316e-08,development
1,2020-04-01,xgboost,tree_shap,month_sin,1.0,-0.012116087600588799,0.012116087600588799,,0.04539114981889725,0.1590096354484558,6.07542460784316e-08,development
1,2020-04-01,xgboost,tree_shap,month_cos,6.123233995736766e-17,-0.0036309778224676847,0.0036309778224676847,,0.04539114981889725,0.1590096354484558,6.07542460784316e-08,development
1,2020-05-01,elastic_net,standardized_linear_contribution,npl90_level_t,2.77950657589294,0.0,0.0,0.0,0.051831021492134574,0.051831021492134574,0.0,development
1,2020-05-01,elastic_net,standardized_linear_contribution,npl90_lag_1m,2.65014483685801,0.0,0.0,0.0,0.051831021492134574,0.051831021492134574,0.0,development
1,2020-05-01,elastic_net,standardized_linear_contribution,npl90_lag_3m,2.45738300404455,0.0,0.0,0.0,0.051831021492134574,0.051831021492134574,0.0,development
1,2020-05-01,elastic_net,standardized_linear_contribution,npl90_lag_6m,2.48550649315936,0.0,0.0,0.0,0.051831021492134574,0.051831021492134574,0.0,development
1,2020-05-01,elastic_net,standardized_linear_contribution,npl90_lag_12m,2.16142832694645,0.0,0.0,0.0,0.051831021492134574,0.051831021492134574,0.0,development
1,2020-05-01,elastic_net,standardized_linear_contribution,npl90_change_1m_pp,0.12936173903492998,0.0,0.0,0.0,0.051831021492134574,0.051831021492134574,0.0,development
1,2020-05-01,elastic_net,standardized_linear_contribution,npl90_change_3m_pp,0.3221235718483899,0.0,0.0,0.0,0.051831021492134574,0.051831021492134574,0.0,development
1,2020-05-01,elastic_net,standardized_linear_contribution,npl90_change_12m_pp,0.6180782489464902,0.0,0.0,0.0,0.051831021492134574,0.051831021492134574,0.0,development
1,2020-05-01,elastic_net,standardized_linear_contribution,npl90_rolling_mean_3m,2.6445756749612768,0.0,0.0,0.0,0.051831021492134574,0.051831021492134574,0.0,development
1,2020-05-01,elastic_net,standardized_linear_contribution,npl90_rolling_mean_6m,2.55790215040418,0.0,0.0,0.0,0.051831021492134574,0.051831021492134574,0.0,development
1,2020-05-01,elastic_net,standardized_linear_contribution,npl90_rolling_mean_12m,2.4139019012875926,0.0,0.0,0.0,0.051831021492134574,0.051831021492134574,0.0,development
1,2020-05-01,elastic_net,standardized_linear_contribution,imacec_yoy_pct,-13.502256004192482,-0.0,0.0,0.0,0.051831021492134574,0.051831021492134574,0.0,development
1,2020-05-01,elastic_net,standardized_linear_contribution,ipc_yoy,2.751963838,-0.0,0.0,0.0,0.051831021492134574,0.051831021492134574,0.0,development
1,2020-05-01,elastic_net,standardized_linear_contribution,unemployment_rate,9.0018555844912,0.0,0.0,0.0,0.051831021492134574,0.051831021492134574,0.0,development
1,2020-05-01,elastic_net,standardized_linear_contribution,tpm_monthly_average,0.5,-0.0,0.0,0.0,0.051831021492134574,0.051831021492134574,0.0,development
1,2020-05-01,elastic_net,standardized_linear_contribution,tpm_change_3m_pp,-1.25,-0.0,0.0,0.0,0.051831021492134574,0.051831021492134574,0.0,development
1,2020-05-01,elastic_net,standardized_linear_contribution,usdclp_yoy_pct,18.757986005476155,0.0,0.0,0.0,0.051831021492134574,0.051831021492134574,0.0,development
1,2020-05-01,elastic_net,standardized_linear_contribution,consumer_lending_rate,20.86,-0.0,0.0,0.0,0.051831021492134574,0.051831021492134574,0.0,development
1,2020-05-01,elastic_net,standardized_linear_contribution,consumer_lending_rate_change_3m_pp,0.18999999999999773,0.0,0.0,0.0,0.051831021492134574,0.051831021492134574,0.0,development
1,2020-05-01,elastic_net,standardized_linear_contribution,real_consumer_loans_yoy_pct,-6.040229868046465,-0.0,0.0,0.0,0.051831021492134574,0.051831021492134574,0.0,development
1,2020-05-01,elastic_net,standardized_linear_contribution,real_m1_yoy_pct,31.043668535226733,0.0,0.0,0.0,0.051831021492134574,0.051831021492134574,0.0,development
1,2020-05-01,elastic_net,standardized_linear_contribution,month_sin,0.8660254037844387,0.0,0.0,0.0,0.051831021492134574,0.051831021492134574,0.0,development
1,2020-05-01,elastic_net,standardized_linear_contribution,month_cos,-0.4999999999999998,-0.0,0.0,0.0,0.051831021492134574,0.051831021492134574,0.0,development
1,2020-05-01,random_forest,mean_decrease_impurity,npl90_level_t,2.77950657589294,,0.09812803483347089,0.09812803483347089,,0.09800416680801396,0.0,development
1,2020-05-01,random_forest,mean_decrease_impurity,npl90_lag_1m,2.65014483685801,,0.02887036291026167,0.02887036291026167,,0.09800416680801396,0.0,development
1,2020-05-01,random_forest,mean_decrease_impurity,npl90_lag_3m,2.45738300404455,,0.014358852238518039,0.014358852238518039,,0.09800416680801396,0.0,development
1,2020-05-01,random_forest,mean_decrease_impurity,npl90_lag_6m,2.48550649315936,,0.02701150804082729,0.02701150804082729,,0.09800416680801396,0.0,development
1,2020-05-01,random_forest,mean_decrease_impurity,npl90_lag_12m,2.16142832694645,,0.029143950576339478,0.029143950576339478,,0.09800416680801396,0.0,development
1,2020-05-01,random_forest,mean_decrease_impurity,npl90_change_1m_pp,0.12936173903492998,,0.011878476271346465,0.011878476271346465,,0.09800416680801396,0.0,development
1,2020-05-01,random_forest,mean_decrease_impurity,npl90_change_3m_pp,0.3221235718483899,,0.0384238729650254,0.0384238729650254,,0.09800416680801396,0.0,development
1,2020-05-01,random_forest,mean_decrease_impurity,npl90_change_12m_pp,0.6180782489464902,,0.00828901251804433,0.00828901251804433,,0.09800416680801396,0.0,development
1,2020-05-01,random_forest,mean_decrease_impurity,npl90_rolling_mean_3m,2.6445756749612768,,0.05709575921990401,0.05709575921990401,,0.09800416680801396,0.0,development
1,2020-05-01,random_forest,mean_decrease_impurity,npl90_rolling_mean_6m,2.55790215040418,,0.05170561650739033,0.05170561650739033,,0.09800416680801396,0.0,development
1,2020-05-01,random_forest,mean_decrease_impurity,npl90_rolling_mean_12m,2.4139019012875926,,0.036077033818010106,0.036077033818010106,,0.09800416680801396,0.0,development
1,2020-05-01,random_forest,mean_decrease_impurity,imacec_yoy_pct,-13.502256004192482,,0.012543770754221147,0.012543770754221147,,0.09800416680801396,0.0,development
1,2020-05-01,random_forest,mean_decrease_impurity,ipc_yoy,2.751963838,,0.014819571188695537,0.014819571188695537,,0.09800416680801396,0.0,development
1,2020-05-01,random_forest,mean_decrease_impurity,unemployment_rate,9.0018555844912,,0.22268053222531903,0.22268053222531903,,0.09800416680801396,0.0,development
1,2020-05-01,random_forest,mean_decrease_impurity,tpm_monthly_average,0.5,,0.0034089214008062403,0.0034089214008062403,,0.09800416680801396,0.0,development
1,2020-05-01,random_forest,mean_decrease_impurity,tpm_change_3m_pp,-1.25,,0.009569087512339642,0.009569087512339642,,0.09800416680801396,0.0,development
1,2020-05-01,random_forest,mean_decrease_impurity,usdclp_yoy_pct,18.757986005476155,,0.015879108407336383,0.015879108407336383,,0.09800416680801396,0.0,development
1,2020-05-01,random_forest,mean_decrease_impurity,consumer_lending_rate,20.86,,0.13376633532235704,0.13376633532235704,,0.09800416680801396,0.0,development
1,2020-05-01,random_forest,mean_decrease_impurity,consumer_lending_rate_change_3m_pp,0.18999999999999773,,0.009795459053727753,0.009795459053727753,,0.09800416680801396,0.0,development
1,2020-05-01,random_forest,mean_decrease_impurity,real_consumer_loans_yoy_pct,-6.040229868046465,,0.0975825537777661,0.0975825537777661,,0.09800416680801396,0.0,development
1,2020-05-01,random_forest,mean_decrease_impurity,real_m1_yoy_pct,31.043668535226733,,0.009969722238838925,0.009969722238838925,,0.09800416680801396,0.0,development
1,2020-05-01,random_forest,mean_decrease_impurity,month_sin,0.8660254037844387,,0.04157366459165532,0.04157366459165532,,0.09800416680801396,0.0,development
1,2020-05-01,random_forest,mean_decrease_impurity,month_cos,-0.4999999999999998,,0.0274287936277989,0.0274287936277989,,0.09800416680801396,0.0,development
1,2020-05-01,xgboost,tree_shap,npl90_level_t,2.77950657589294,-0.018137745559215546,0.018137745559215546,,0.04978592321276665,0.20790161192417145,8.453207556158304e-08,development
1,2020-05-01,xgboost,tree_shap,npl90_lag_1m,2.65014483685801,0.0005502910353243351,0.0005502910353243351,,0.04978592321276665,0.20790161192417145,8.453207556158304e-08,development
1,2020-05-01,xgboost,tree_shap,npl90_lag_3m,2.45738300404455,-0.0011560246348381042,0.0011560246348381042,,0.04978592321276665,0.20790161192417145,8.453207556158304e-08,development
1,2020-05-01,xgboost,tree_shap,npl90_lag_6m,2.48550649315936,0.014016056433320045,0.014016056433320045,,0.04978592321276665,0.20790161192417145,8.453207556158304e-08,development
1,2020-05-01,xgboost,tree_shap,npl90_lag_12m,2.16142832694645,-0.007219131104648113,0.007219131104648113,,0.04978592321276665,0.20790161192417145,8.453207556158304e-08,development
1,2020-05-01,xgboost,tree_shap,npl90_change_1m_pp,0.12936173903492998,-0.004684315994381905,0.004684315994381905,,0.04978592321276665,0.20790161192417145,8.453207556158304e-08,development
1,2020-05-01,xgboost,tree_shap,npl90_change_3m_pp,0.3221235718483899,-0.003582574659958482,0.003582574659958482,,0.04978592321276665,0.20790161192417145,8.453207556158304e-08,development
1,2020-05-01,xgboost,tree_shap,npl90_change_12m_pp,0.6180782489464902,0.0017216020496562123,0.0017216020496562123,,0.04978592321276665,0.20790161192417145,8.453207556158304e-08,development
1,2020-05-01,xgboost,tree_shap,npl90_rolling_mean_3m,2.6445756749612768,0.003306532511487603,0.003306532511487603,,0.04978592321276665,0.20790161192417145,8.453207556158304e-08,development
1,2020-05-01,xgboost,tree_shap,npl90_rolling_mean_6m,2.55790215040418,0.04204524680972099,0.04204524680972099,,0.04978592321276665,0.20790161192417145,8.453207556158304e-08,development
1,2020-05-01,xgboost,tree_shap,npl90_rolling_mean_12m,2.4139019012875926,0.007649133913218975,0.007649133913218975,,0.04978592321276665,0.20790161192417145,8.453207556158304e-08,development
1,2020-05-01,xgboost,tree_shap,imacec_yoy_pct,-13.502256004192482,0.008513919077813625,0.008513919077813625,,0.04978592321276665,0.20790161192417145,8.453207556158304e-08,development
1,2020-05-01,xgboost,tree_shap,ipc_yoy,2.751963838,0.000997982919216156,0.000997982919216156,,0.04978592321276665,0.20790161192417145,8.453207556158304e-08,development
1,2020-05-01,xgboost,tree_shap,unemployment_rate,9.0018555844912,0.06692619621753693,0.06692619621753693,,0.04978592321276665,0.20790161192417145,8.453207556158304e-08,development
1,2020-05-01,xgboost,tree_shap,tpm_monthly_average,0.5,-0.0001255786046385765,0.0001255786046385765,,0.04978592321276665,0.20790161192417145,8.453207556158304e-08,development
1,2020-05-01,xgboost,tree_shap,tpm_change_3m_pp,-1.25,-6.896602280903608e-05,6.896602280903608e-05,,0.04978592321276665,0.20790161192417145,8.453207556158304e-08,development
1,2020-05-01,xgboost,tree_shap,usdclp_yoy_pct,18.757986005476155,0.00714337732642889,0.00714337732642889,,0.04978592321276665,0.20790161192417145,8.453207556158304e-08,development
1,2020-05-01,xgboost,tree_shap,consumer_lending_rate,20.86,0.06719277799129486,0.06719277799129486,,0.04978592321276665,0.20790161192417145,8.453207556158304e-08,development
1,2020-05-01,xgboost,tree_shap,consumer_lending_rate_change_3m_pp,0.18999999999999773,-0.0007812652620486915,0.0007812652620486915,,0.04978592321276665,0.20790161192417145,8.453207556158304e-08,development
1,2020-05-01,xgboost,tree_shap,real_consumer_loans_yoy_pct,-6.040229868046465,-0.016769185662269592,0.016769185662269592,,0.04978592321276665,0.20790161192417145,8.453207556158304e-08,development
1,2020-05-01,xgboost,tree_shap,real_m1_yoy_pct,31.043668535226733,0.0034868395887315273,0.0034868395887315273,,0.04978592321276665,0.20790161192417145,8.453207556158304e-08,development
1,2020-05-01,xgboost,tree_shap,month_sin,0.8660254037844387,-0.014042733237147331,0.014042733237147331,,0.04978592321276665,0.20790161192417145,8.453207556158304e-08,development
1,2020-05-01,xgboost,tree_shap,month_cos,-0.4999999999999998,0.0011331690475344658,0.0011331690475344658,,0.04978592321276665,0.20790161192417145,8.453207556158304e-08,development
1,2020-06-01,elastic_net,standardized_linear_contribution,npl90_level_t,2.82762935504168,0.0,0.0,0.0,0.0564450628612245,0.0564450628612245,0.0,development
1,2020-06-01,elastic_net,standardized_linear_contribution,npl90_lag_1m,2.77950657589294,0.0,0.0,0.0,0.0564450628612245,0.0564450628612245,0.0,development
1,2020-06-01,elastic_net,standardized_linear_contribution,npl90_lag_3m,2.50407561213288,0.0,0.0,0.0,0.0564450628612245,0.0564450628612245,0.0,development
1,2020-06-01,elastic_net,standardized_linear_contribution,npl90_lag_6m,2.50818393414233,0.0,0.0,0.0,0.0564450628612245,0.0564450628612245,0.0,development
1,2020-06-01,elastic_net,standardized_linear_contribution,npl90_lag_12m,2.18400382034897,0.0,0.0,0.0,0.0564450628612245,0.0564450628612245,0.0,development
1,2020-06-01,elastic_net,standardized_linear_contribution,npl90_change_1m_pp,0.04812277914873997,0.0,0.0,0.0,0.0564450628612245,0.0564450628612245,0.0,development
1,2020-06-01,elastic_net,standardized_linear_contribution,npl90_change_3m_pp,0.3235537429087998,0.0,0.0,0.0,0.0564450628612245,0.0564450628612245,0.0,development
1,2020-06-01,elastic_net,standardized_linear_contribution,npl90_change_12m_pp,0.6436255346927102,0.0,0.0,0.0,0.0564450628612245,0.0564450628612245,0.0,development
1,2020-06-01,elastic_net,standardized_linear_contribution,npl90_rolling_mean_3m,2.752426922597543,0.0,0.0,0.0,0.0564450628612245,0.0564450628612245,0.0,development
1,2020-06-01,elastic_net,standardized_linear_contribution,npl90_rolling_mean_6m,2.611143053887405,0.0,0.0,0.0,0.0564450628612245,0.0564450628612245,0.0,development
1,2020-06-01,elastic_net,standardized_linear_contribution,npl90_rolling_mean_12m,2.467537362511985,0.0,0.0,0.0,0.0564450628612245,0.0564450628612245,0.0,development
1,2020-06-01,elastic_net,standardized_linear_contribution,imacec_yoy_pct,-15.2290302313551,-0.0,0.0,0.0,0.0564450628612245,0.0564450628612245,0.0,development
1,2020-06-01,elastic_net,standardized_linear_contribution,ipc_yoy,2.628031381,-0.0,0.0,0.0,0.0564450628612245,0.0564450628612245,0.0,development
1,2020-06-01,elastic_net,standardized_linear_contribution,unemployment_rate,11.206932833479,0.0,0.0,0.0,0.0564450628612245,0.0564450628612245,0.0,development
1,2020-06-01,elastic_net,standardized_linear_contribution,tpm_monthly_average,0.5,-0.0,0.0,0.0,0.0564450628612245,0.0564450628612245,0.0,development
1,2020-06-01,elastic_net,standardized_linear_contribution,tpm_change_3m_pp,-0.8799999999999999,-0.0,0.0,0.0,0.0564450628612245,0.0564450628612245,0.0,development
1,2020-06-01,elastic_net,standardized_linear_contribution,usdclp_yoy_pct,14.631229363829966,0.0,0.0,0.0,0.0564450628612245,0.0564450628612245,0.0,development
1,2020-06-01,elastic_net,standardized_linear_contribution,consumer_lending_rate,19.89,-0.0,0.0,0.0,0.0564450628612245,0.0564450628612245,0.0,development
1,2020-06-01,elastic_net,standardized_linear_contribution,consumer_lending_rate_change_3m_pp,-0.9299999999999997,-0.0,0.0,0.0,0.0564450628612245,0.0564450628612245,0.0,development
1,2020-06-01,elastic_net,standardized_linear_contribution,real_consumer_loans_yoy_pct,-7.856234764003512,-0.0,0.0,0.0,0.0564450628612245,0.0564450628612245,0.0,development
1,2020-06-01,elastic_net,standardized_linear_contribution,real_m1_yoy_pct,36.201562513955146,0.0,0.0,0.0,0.0564450628612245,0.0564450628612245,0.0,development
1,2020-06-01,elastic_net,standardized_linear_contribution,month_sin,0.49999999999999994,0.0,0.0,0.0,0.0564450628612245,0.0564450628612245,0.0,development
1,2020-06-01,elastic_net,standardized_linear_contribution,month_cos,-0.8660254037844387,-0.0,0.0,0.0,0.0564450628612245,0.0564450628612245,0.0,development
1,2020-06-01,random_forest,mean_decrease_impurity,npl90_level_t,2.82762935504168,,0.10075552388820073,0.10075552388820073,,0.2391458846863278,0.0,development
1,2020-06-01,random_forest,mean_decrease_impurity,npl90_lag_1m,2.77950657589294,,0.021619918782436645,0.021619918782436645,,0.2391458846863278,0.0,development
1,2020-06-01,random_forest,mean_decrease_impurity,npl90_lag_3m,2.50407561213288,,0.017024131329360013,0.017024131329360013,,0.2391458846863278,0.0,development
1,2020-06-01,random_forest,mean_decrease_impurity,npl90_lag_6m,2.50818393414233,,0.024153714284672608,0.024153714284672608,,0.2391458846863278,0.0,development
1,2020-06-01,random_forest,mean_decrease_impurity,npl90_lag_12m,2.18400382034897,,0.023972601433414856,0.023972601433414856,,0.2391458846863278,0.0,development
1,2020-06-01,random_forest,mean_decrease_impurity,npl90_change_1m_pp,0.04812277914873997,,0.007482472053322675,0.007482472053322675,,0.2391458846863278,0.0,development
1,2020-06-01,random_forest,mean_decrease_impurity,npl90_change_3m_pp,0.3235537429087998,,0.03180834707993382,0.03180834707993382,,0.2391458846863278,0.0,development
1,2020-06-01,random_forest,mean_decrease_impurity,npl90_change_12m_pp,0.6436255346927102,,0.009101895079125554,0.009101895079125554,,0.2391458846863278,0.0,development
1,2020-06-01,random_forest,mean_decrease_impurity,npl90_rolling_mean_3m,2.752426922597543,,0.06476114971040932,0.06476114971040932,,0.2391458846863278,0.0,development
1,2020-06-01,random_forest,mean_decrease_impurity,npl90_rolling_mean_6m,2.611143053887405,,0.08673650404875645,0.08673650404875645,,0.2391458846863278,0.0,development
1,2020-06-01,random_forest,mean_decrease_impurity,npl90_rolling_mean_12m,2.467537362511985,,0.046307009685451005,0.046307009685451005,,0.2391458846863278,0.0,development
1,2020-06-01,random_forest,mean_decrease_impurity,imacec_yoy_pct,-15.2290302313551,,0.012234024797326142,0.012234024797326142,,0.2391458846863278,0.0,development
1,2020-06-01,random_forest,mean_decrease_impurity,ipc_yoy,2.628031381,,0.014952083701584,0.014952083701584,,0.2391458846863278,0.0,development
1,2020-06-01,random_forest,mean_decrease_impurity,unemployment_rate,11.206932833479,,0.1815999188378333,0.1815999188378333,,0.2391458846863278,0.0,development
1,2020-06-01,random_forest,mean_decrease_impurity,tpm_monthly_average,0.5,,0.005363982983867171,0.005363982983867171,,0.2391458846863278,0.0,development
1,2020-06-01,random_forest,mean_decrease_impurity,tpm_change_3m_pp,-0.8799999999999999,,0.007094435692272893,0.007094435692272893,,0.2391458846863278,0.0,development
1,2020-06-01,random_forest,mean_decrease_impurity,usdclp_yoy_pct,14.631229363829966,,0.01447556159038877,0.01447556159038877,,0.2391458846863278,0.0,development
1,2020-06-01,random_forest,mean_decrease_impurity,consumer_lending_rate,19.89,,0.16847467961932047,0.16847467961932047,,0.2391458846863278,0.0,development
1,2020-06-01,random_forest,mean_decrease_impurity,consumer_lending_rate_change_3m_pp,-0.9299999999999997,,0.009967773525170982,0.009967773525170982,,0.2391458846863278,0.0,development
1,2020-06-01,random_forest,mean_decrease_impurity,real_consumer_loans_yoy_pct,-7.856234764003512,,0.07276685819010698,0.07276685819010698,,0.2391458846863278,0.0,development
1,2020-06-01,random_forest,mean_decrease_impurity,real_m1_yoy_pct,36.201562513955146,,0.011899686941199177,0.011899686941199177,,0.2391458846863278,0.0,development
1,2020-06-01,random_forest,mean_decrease_impurity,month_sin,0.49999999999999994,,0.04571822752469816,0.04571822752469816,,0.2391458846863278,0.0,development
1,2020-06-01,random_forest,mean_decrease_impurity,month_cos,-0.8660254037844387,,0.02172949922114831,0.02172949922114831,,0.2391458846863278,0.0,development
1,2020-06-01,xgboost,tree_shap,npl90_level_t,2.82762935504168,-0.012284052558243275,0.012284052558243275,,0.05407549813389778,0.24137155711650848,2.4541805032640696e-08,development
1,2020-06-01,xgboost,tree_shap,npl90_lag_1m,2.77950657589294,0.001521222060546279,0.001521222060546279,,0.05407549813389778,0.24137155711650848,2.4541805032640696e-08,development
1,2020-06-01,xgboost,tree_shap,npl90_lag_3m,2.50407561213288,-0.0008304287912324071,0.0008304287912324071,,0.05407549813389778,0.24137155711650848,2.4541805032640696e-08,development
1,2020-06-01,xgboost,tree_shap,npl90_lag_6m,2.50818393414233,0.01682412251830101,0.01682412251830101,,0.05407549813389778,0.24137155711650848,2.4541805032640696e-08,development
1,2020-06-01,xgboost,tree_shap,npl90_lag_12m,2.18400382034897,-0.01178825180977583,0.01178825180977583,,0.05407549813389778,0.24137155711650848,2.4541805032640696e-08,development
1,2020-06-01,xgboost,tree_shap,npl90_change_1m_pp,0.04812277914873997,-0.006622187327593565,0.006622187327593565,,0.05407549813389778,0.24137155711650848,2.4541805032640696e-08,development
1,2020-06-01,xgboost,tree_shap,npl90_change_3m_pp,0.3235537429087998,-8.922382403397933e-05,8.922382403397933e-05,,0.05407549813389778,0.24137155711650848,2.4541805032640696e-08,development
1,2020-06-01,xgboost,tree_shap,npl90_change_12m_pp,0.6436255346927102,0.000594481301959604,0.000594481301959604,,0.05407549813389778,0.24137155711650848,2.4541805032640696e-08,development
1,2020-06-01,xgboost,tree_shap,npl90_rolling_mean_3m,2.752426922597543,0.0024813166819512844,0.0024813166819512844,,0.05407549813389778,0.24137155711650848,2.4541805032640696e-08,development
1,2020-06-01,xgboost,tree_shap,npl90_rolling_mean_6m,2.611143053887405,0.050892703235149384,0.050892703235149384,,0.05407549813389778,0.24137155711650848,2.4541805032640696e-08,development
1,2020-06-01,xgboost,tree_shap,npl90_rolling_mean_12m,2.467537362511985,0.002592735458165407,0.002592735458165407,,0.05407549813389778,0.24137155711650848,2.4541805032640696e-08,development
1,2020-06-01,xgboost,tree_shap,imacec_yoy_pct,-15.2290302313551,0.003790828865021467,0.003790828865021467,,0.05407549813389778,0.24137155711650848,2.4541805032640696e-08,development
1,2020-06-01,xgboost,tree_shap,ipc_yoy,2.628031381,0.0007422674098052084,0.0007422674098052084,,0.05407549813389778,0.24137155711650848,2.4541805032640696e-08,development
1,2020-06-01,xgboost,tree_shap,unemployment_rate,11.206932833479,0.04038924723863602,0.04038924723863602,,0.05407549813389778,0.24137155711650848,2.4541805032640696e-08,development
1,2020-06-01,xgboost,tree_shap,tpm_monthly_average,0.5,-8.925660222303122e-05,8.925660222303122e-05,,0.05407549813389778,0.24137155711650848,2.4541805032640696e-08,development
1,2020-06-01,xgboost,tree_shap,tpm_change_3m_pp,-0.8799999999999999,-0.007158984430134296,0.007158984430134296,,0.05407549813389778,0.24137155711650848,2.4541805032640696e-08,development
1,2020-06-01,xgboost,tree_shap,usdclp_yoy_pct,14.631229363829966,0.012646030634641647,0.012646030634641647,,0.05407549813389778,0.24137155711650848,2.4541805032640696e-08,development
1,2020-06-01,xgboost,tree_shap,consumer_lending_rate,19.89,0.11213773488998413,0.11213773488998413,,0.05407549813389778,0.24137155711650848,2.4541805032640696e-08,development
1,2020-06-01,xgboost,tree_shap,consumer_lending_rate_change_3m_pp,-0.9299999999999997,0.0012658520136028528,0.0012658520136028528,,0.05407549813389778,0.24137155711650848,2.4541805032640696e-08,development
1,2020-06-01,xgboost,tree_shap,real_consumer_loans_yoy_pct,-7.856234764003512,-0.00765264593064785,0.00765264593064785,,0.05407549813389778,0.24137155711650848,2.4541805032640696e-08,development
1,2020-06-01,xgboost,tree_shap,real_m1_yoy_pct,36.201562513955146,0.004459438845515251,0.004459438845515251,,0.05407549813389778,0.24137155711650848,2.4541805032640696e-08,development
1,2020-06-01,xgboost,tree_shap,month_sin,0.49999999999999994,-0.017715666443109512,0.017715666443109512,,0.05407549813389778,0.24137155711650848,2.4541805032640696e-08,development
1,2020-06-01,xgboost,tree_shap,month_cos,-0.8660254037844387,0.0011888000881299376,0.0011888000881299376,,0.05407549813389778,0.24137155711650848,2.4541805032640696e-08,development
1,2020-07-01,elastic_net,standardized_linear_contribution,npl90_level_t,2.67630487419941,0.0,0.0,0.0,0.059355925098238324,0.059355925098238324,0.0,development
1,2020-07-01,elastic_net,standardized_linear_contribution,npl90_lag_1m,2.82762935504168,0.0,0.0,0.0,0.059355925098238324,0.059355925098238324,0.0,development
1,2020-07-01,elastic_net,standardized_linear_contribution,npl90_lag_3m,2.65014483685801,0.0,0.0,0.0,0.059355925098238324,0.059355925098238324,0.0,development
1,2020-07-01,elastic_net,standardized_linear_contribution,npl90_lag_6m,2.44811893935437,0.0,0.0,0.0,0.059355925098238324,0.059355925098238324,0.0,development
1,2020-07-01,elastic_net,standardized_linear_contribution,npl90_lag_12m,2.19895595153516,0.0,0.0,0.0,0.059355925098238324,0.059355925098238324,0.0,development
1,2020-07-01,elastic_net,standardized_linear_contribution,npl90_change_1m_pp,-0.1513244808422698,-0.0,0.0,0.0,0.059355925098238324,0.059355925098238324,0.0,development
1,2020-07-01,elastic_net,standardized_linear_contribution,npl90_change_3m_pp,0.026160037341400155,0.0,0.0,0.0,0.059355925098238324,0.059355925098238324,0.0,development
1,2020-07-01,elastic_net,standardized_linear_contribution,npl90_change_12m_pp,0.47734892266425,0.0,0.0,0.0,0.059355925098238324,0.059355925098238324,0.0,development
1,2020-07-01,elastic_net,standardized_linear_contribution,npl90_rolling_mean_3m,2.761146935044677,0.0,0.0,0.0,0.059355925098238324,0.059355925098238324,0.0,development
1,2020-07-01,elastic_net,standardized_linear_contribution,npl90_rolling_mean_6m,2.649174043028245,0.0,0.0,0.0,0.059355925098238324,0.059355925098238324,0.0,development
1,2020-07-01,elastic_net,standardized_linear_contribution,npl90_rolling_mean_12m,2.5073164394006726,0.0,0.0,0.0,0.059355925098238324,0.059355925098238324,0.0,development
1,2020-07-01,elastic_net,standardized_linear_contribution,imacec_yoy_pct,-14.501914745709065,-0.0,0.0,0.0,0.059355925098238324,0.059355925098238324,0.0,development
1,2020-07-01,elastic_net,standardized_linear_contribution,ipc_yoy,2.501811368,-0.0,0.0,0.0,0.059355925098238324,0.059355925098238324,0.0,development
1,2020-07-01,elastic_net,standardized_linear_contribution,unemployment_rate,12.217859680127,0.0,0.0,0.0,0.059355925098238324,0.059355925098238324,0.0,development
1,2020-07-01,elastic_net,standardized_linear_contribution,tpm_monthly_average,0.5,-0.0,0.0,0.0,0.059355925098238324,0.059355925098238324,0.0,development
1,2020-07-01,elastic_net,standardized_linear_contribution,tpm_change_3m_pp,0.0,0.0,0.0,0.0,0.059355925098238324,0.059355925098238324,0.0,development
1,2020-07-01,elastic_net,standardized_linear_contribution,usdclp_yoy_pct,14.38199150352608,0.0,0.0,0.0,0.059355925098238324,0.059355925098238324,0.0,development
1,2020-07-01,elastic_net,standardized_linear_contribution,consumer_lending_rate,20.07,-0.0,0.0,0.0,0.059355925098238324,0.059355925098238324,0.0,development
1,2020-07-01,elastic_net,standardized_linear_contribution,consumer_lending_rate_change_3m_pp,1.1600000000000001,0.0,0.0,0.0,0.059355925098238324,0.059355925098238324,0.0,development
1,2020-07-01,elastic_net,standardized_linear_contribution,real_consumer_loans_yoy_pct,-9.855062846631125,-0.0,0.0,0.0,0.059355925098238324,0.059355925098238324,0.0,development
1,2020-07-01,elastic_net,standardized_linear_contribution,real_m1_yoy_pct,38.4472974452988,0.0,0.0,0.0,0.059355925098238324,0.059355925098238324,0.0,development
1,2020-07-01,elastic_net,standardized_linear_contribution,month_sin,1.2246467991473532e-16,0.0,0.0,0.0,0.059355925098238324,0.059355925098238324,0.0,development
1,2020-07-01,elastic_net,standardized_linear_contribution,month_cos,-1.0,-0.0,0.0,0.0,0.059355925098238324,0.059355925098238324,0.0,development
1,2020-07-01,random_forest,mean_decrease_impurity,npl90_level_t,2.67630487419941,,0.10137173030244412,0.10137173030244412,,0.24324748051021128,0.0,development
1,2020-07-01,random_forest,mean_decrease_impurity,npl90_lag_1m,2.82762935504168,,0.017184235663744017,0.017184235663744017,,0.24324748051021128,0.0,development
1,2020-07-01,random_forest,mean_decrease_impurity,npl90_lag_3m,2.65014483685801,,0.013022226435341091,0.013022226435341091,,0.24324748051021128,0.0,development
1,2020-07-01,random_forest,mean_decrease_impurity,npl90_lag_6m,2.44811893935437,,0.02841527979844473,0.02841527979844473,,0.24324748051021128,0.0,development
1,2020-07-01,random_forest,mean_decrease_impurity,npl90_lag_12m,2.19895595153516,,0.02982914436431576,0.02982914436431576,,0.24324748051021128,0.0,development
1,2020-07-01,random_forest,mean_decrease_impurity,npl90_change_1m_pp,-0.1513244808422698,,0.008933632789323047,0.008933632789323047,,0.24324748051021128,0.0,development
1,2020-07-01,random_forest,mean_decrease_impurity,npl90_change_3m_pp,0.026160037341400155,,0.03513669325759777,0.03513669325759777,,0.24324748051021128,0.0,development
1,2020-07-01,random_forest,mean_decrease_impurity,npl90_change_12m_pp,0.47734892266425,,0.008808734391228845,0.008808734391228845,,0.24324748051021128,0.0,development
1,2020-07-01,random_forest,mean_decrease_impurity,npl90_rolling_mean_3m,2.761146935044677,,0.06196438148023347,0.06196438148023347,,0.24324748051021128,0.0,development
1,2020-07-01,random_forest,mean_decrease_impurity,npl90_rolling_mean_6m,2.649174043028245,,0.102747754580462,0.102747754580462,,0.24324748051021128,0.0,development
1,2020-07-01,random_forest,mean_decrease_impurity,npl90_rolling_mean_12m,2.5073164394006726,,0.05478791013370999,0.05478791013370999,,0.24324748051021128,0.0,development
1,2020-07-01,random_forest,mean_decrease_impurity,imacec_yoy_pct,-14.501914745709065,,0.0070295243679666065,0.0070295243679666065,,0.24324748051021128,0.0,development
1,2020-07-01,random_forest,mean_decrease_impurity,ipc_yoy,2.501811368,,0.014060646252225055,0.014060646252225055,,0.24324748051021128,0.0,development
1,2020-07-01,random_forest,mean_decrease_impurity,unemployment_rate,12.217859680127,,0.18001221249776037,0.18001221249776037,,0.24324748051021128,0.0,development
1,2020-07-01,random_forest,mean_decrease_impurity,tpm_monthly_average,0.5,,0.006973835569453253,0.006973835569453253,,0.24324748051021128,0.0,development
1,2020-07-01,random_forest,mean_decrease_impurity,tpm_change_3m_pp,0.0,,0.007267534363153128,0.007267534363153128,,0.24324748051021128,0.0,development
1,2020-07-01,random_forest,mean_decrease_impurity,usdclp_yoy_pct,14.38199150352608,,0.015220639564598739,0.015220639564598739,,0.24324748051021128,0.0,development
1,2020-07-01,random_forest,mean_decrease_impurity,consumer_lending_rate,20.07,,0.1669291857162155,0.1669291857162155,,0.24324748051021128,0.0,development
1,2020-07-01,random_forest,mean_decrease_impurity,consumer_lending_rate_change_3m_pp,1.1600000000000001,,0.006489198560458344,0.006489198560458344,,0.24324748051021128,0.0,development
1,2020-07-01,random_forest,mean_decrease_impurity,real_consumer_loans_yoy_pct,-9.855062846631125,,0.0700042536671825,0.0700042536671825,,0.24324748051021128,0.0,development
1,2020-07-01,random_forest,mean_decrease_impurity,real_m1_yoy_pct,38.4472974452988,,0.010672436456558618,0.010672436456558618,,0.24324748051021128,0.0,development
1,2020-07-01,random_forest,mean_decrease_impurity,month_sin,1.2246467991473532e-16,,0.04137711189243447,0.04137711189243447,,0.24324748051021128,0.0,development
1,2020-07-01,random_forest,mean_decrease_impurity,month_cos,-1.0,,0.011761697895148646,0.011761697895148646,,0.24324748051021128,0.0,development
1,2020-07-01,xgboost,tree_shap,npl90_level_t,2.67630487419941,-0.009248880669474602,0.009248880669474602,,0.056441161781549454,0.2544049918651581,1.9914295990020037e-08,development
1,2020-07-01,xgboost,tree_shap,npl90_lag_1m,2.82762935504168,0.001076144864782691,0.001076144864782691,,0.056441161781549454,0.2544049918651581,1.9914295990020037e-08,development
1,2020-07-01,xgboost,tree_shap,npl90_lag_3m,2.65014483685801,-0.0004054016899317503,0.0004054016899317503,,0.056441161781549454,0.2544049918651581,1.9914295990020037e-08,development
1,2020-07-01,xgboost,tree_shap,npl90_lag_6m,2.44811893935437,0.012566082179546356,0.012566082179546356,,0.056441161781549454,0.2544049918651581,1.9914295990020037e-08,development
1,2020-07-01,xgboost,tree_shap,npl90_lag_12m,2.19895595153516,-0.013907002285122871,0.013907002285122871,,0.056441161781549454,0.2544049918651581,1.9914295990020037e-08,development
1,2020-07-01,xgboost,tree_shap,npl90_change_1m_pp,-0.1513244808422698,0.0027098380960524082,0.0027098380960524082,,0.056441161781549454,0.2544049918651581,1.9914295990020037e-08,development
1,2020-07-01,xgboost,tree_shap,npl90_change_3m_pp,0.026160037341400155,-0.00026035416522063315,0.00026035416522063315,,0.056441161781549454,0.2544049918651581,1.9914295990020037e-08,development
1,2020-07-01,xgboost,tree_shap,npl90_change_12m_pp,0.47734892266425,0.0011963344877585769,0.0011963344877585769,,0.056441161781549454,0.2544049918651581,1.9914295990020037e-08,development
1,2020-07-01,xgboost,tree_shap,npl90_rolling_mean_3m,2.761146935044677,0.0006790698389522731,0.0006790698389522731,,0.056441161781549454,0.2544049918651581,1.9914295990020037e-08,development
1,2020-07-01,xgboost,tree_shap,npl90_rolling_mean_6m,2.649174043028245,0.040116868913173676,0.040116868913173676,,0.056441161781549454,0.2544049918651581,1.9914295990020037e-08,development
1,2020-07-01,xgboost,tree_shap,npl90_rolling_mean_12m,2.5073164394006726,0.00015939775039441884,0.00015939775039441884,,0.056441161781549454,0.2544049918651581,1.9914295990020037e-08,development
1,2020-07-01,xgboost,tree_shap,imacec_yoy_pct,-14.501914745709065,0.005210164934396744,0.005210164934396744,,0.056441161781549454,0.2544049918651581,1.9914295990020037e-08,development
1,2020-07-01,xgboost,tree_shap,ipc_yoy,2.501811368,0.0014107988681644201,0.0014107988681644201,,0.056441161781549454,0.2544049918651581,1.9914295990020037e-08,development
1,2020-07-01,xgboost,tree_shap,unemployment_rate,12.217859680127,0.04849696904420853,0.04849696904420853,,0.056441161781549454,0.2544049918651581,1.9914295990020037e-08,development
1,2020-07-01,xgboost,tree_shap,tpm_monthly_average,0.5,-0.00038675739779137075,0.00038675739779137075,,0.056441161781549454,0.2544049918651581,1.9914295990020037e-08,development
1,2020-07-01,xgboost,tree_shap,tpm_change_3m_pp,0.0,0.0008340589120052755,0.0008340589120052755,,0.056441161781549454,0.2544049918651581,1.9914295990020037e-08,development
1,2020-07-01,xgboost,tree_shap,usdclp_yoy_pct,14.38199150352608,0.008953073993325233,0.008953073993325233,,0.056441161781549454,0.2544049918651581,1.9914295990020037e-08,development
1,2020-07-01,xgboost,tree_shap,consumer_lending_rate,20.07,0.10274241864681244,0.10274241864681244,,0.056441161781549454,0.2544049918651581,1.9914295990020037e-08,development
1,2020-07-01,xgboost,tree_shap,consumer_lending_rate_change_3m_pp,1.1600000000000001,-0.009271691553294659,0.009271691553294659,,0.056441161781549454,0.2544049918651581,1.9914295990020037e-08,development
1,2020-07-01,xgboost,tree_shap,real_consumer_loans_yoy_pct,-9.855062846631125,-0.009953710250556469,0.009953710250556469,,0.056441161781549454,0.2544049918651581,1.9914295990020037e-08,development
1,2020-07-01,xgboost,tree_shap,real_m1_yoy_pct,38.4472974452988,0.0070693050511181355,0.0070693050511181355,,0.056441161781549454,0.2544049918651581,1.9914295990020037e-08,development
1,2020-07-01,xgboost,tree_shap,month_sin,1.2246467991473532e-16,0.008071253076195717,0.008071253076195717,,0.056441161781549454,0.2544049918651581,1.9914295990020037e-08,development
1,2020-07-01,xgboost,tree_shap,month_cos,-1.0,0.00010586935241008177,0.00010586935241008177,,0.056441161781549454,0.2544049918651581,1.9914295990020037e-08,development
1,2020-08-01,elastic_net,standardized_linear_contribution,npl90_level_t,2.23744928868022,0.0,0.0,0.0,0.05470109775719552,0.05470109775719552,0.0,development
1,2020-08-01,elastic_net,standardized_linear_contribution,npl90_lag_1m,2.67630487419941,0.0,0.0,0.0,0.05470109775719552,0.05470109775719552,0.0,development
1,2020-08-01,elastic_net,standardized_linear_contribution,npl90_lag_3m,2.77950657589294,0.0,0.0,0.0,0.05470109775719552,0.05470109775719552,0.0,development
1,2020-08-01,elastic_net,standardized_linear_contribution,npl90_lag_6m,2.45738300404455,0.0,0.0,0.0,0.05470109775719552,0.05470109775719552,0.0,development
1,2020-08-01,elastic_net,standardized_linear_contribution,npl90_lag_12m,2.1195992490599,0.0,0.0,0.0,0.05470109775719552,0.05470109775719552,0.0,development
1,2020-08-01,elastic_net,standardized_linear_contribution,npl90_change_1m_pp,-0.43885558551919024,-0.0,0.0,0.0,0.05470109775719552,0.05470109775719552,0.0,development
1,2020-08-01,elastic_net,standardized_linear_contribution,npl90_change_3m_pp,-0.5420572872127201,-0.0,0.0,0.0,0.05470109775719552,0.05470109775719552,0.0,development
1,2020-08-01,elastic_net,standardized_linear_contribution,npl90_change_12m_pp,0.11785003962032015,0.0,0.0,0.0,0.05470109775719552,0.05470109775719552,0.0,development
1,2020-08-01,elastic_net,standardized_linear_contribution,npl90_rolling_mean_3m,2.5804611726404367,0.0,0.0,0.0,0.05470109775719552,0.05470109775719552,0.0,development
1,2020-08-01,elastic_net,standardized_linear_contribution,npl90_rolling_mean_6m,2.6125184238008567,0.0,0.0,0.0,0.05470109775719552,0.05470109775719552,0.0,development
1,2020-08-01,elastic_net,standardized_linear_contribution,npl90_rolling_mean_12m,2.517137276035699,0.0,0.0,0.0,0.05470109775719552,0.05470109775719552,0.0,development
1,2020-08-01,elastic_net,standardized_linear_contribution,imacec_yoy_pct,-12.53729808211932,-0.0,0.0,0.0,0.05470109775719552,0.05470109775719552,0.0,development
1,2020-08-01,elastic_net,standardized_linear_contribution,ipc_yoy,2.445426635,-0.0,0.0,0.0,0.05470109775719552,0.05470109775719552,0.0,development
1,2020-08-01,elastic_net,standardized_linear_contribution,unemployment_rate,13.091216396143,0.0,0.0,0.0,0.05470109775719552,0.05470109775719552,0.0,development
1,2020-08-01,elastic_net,standardized_linear_contribution,tpm_monthly_average,0.5,-0.0,0.0,0.0,0.05470109775719552,0.05470109775719552,0.0,development
1,2020-08-01,elastic_net,standardized_linear_contribution,tpm_change_3m_pp,0.0,0.0,0.0,0.0,0.05470109775719552,0.05470109775719552,0.0,development
1,2020-08-01,elastic_net,standardized_linear_contribution,usdclp_yoy_pct,9.942819778885381,0.0,0.0,0.0,0.05470109775719552,0.05470109775719552,0.0,development
1,2020-08-01,elastic_net,standardized_linear_contribution,consumer_lending_rate,19.63,-0.0,0.0,0.0,0.05470109775719552,0.05470109775719552,0.0,development
1,2020-08-01,elastic_net,standardized_linear_contribution,consumer_lending_rate_change_3m_pp,-1.2300000000000004,-0.0,0.0,0.0,0.05470109775719552,0.05470109775719552,0.0,development
1,2020-08-01,elastic_net,standardized_linear_contribution,real_consumer_loans_yoy_pct,-13.105592923655818,-0.0,0.0,0.0,0.05470109775719552,0.05470109775719552,0.0,development
1,2020-08-01,elastic_net,standardized_linear_contribution,real_m1_yoy_pct,53.82582165850054,0.0,0.0,0.0,0.05470109775719552,0.05470109775719552,0.0,development
1,2020-08-01,elastic_net,standardized_linear_contribution,month_sin,-0.4999999999999997,-0.0,0.0,0.0,0.05470109775719552,0.05470109775719552,0.0,development
1,2020-08-01,elastic_net,standardized_linear_contribution,month_cos,-0.8660254037844388,-0.0,0.0,0.0,0.05470109775719552,0.05470109775719552,0.0,development
1,2020-08-01,random_forest,mean_decrease_impurity,npl90_level_t,2.23744928868022,,0.0896753826320663,0.0896753826320663,,0.21587352201735588,0.0,development
1,2020-08-01,random_forest,mean_decrease_impurity,npl90_lag_1m,2.67630487419941,,0.020271560508110142,0.020271560508110142,,0.21587352201735588,0.0,development
1,2020-08-01,random_forest,mean_decrease_impurity,npl90_lag_3m,2.77950657589294,,0.019422957345651002,0.019422957345651002,,0.21587352201735588,0.0,development
1,2020-08-01,random_forest,mean_decrease_impurity,npl90_lag_6m,2.45738300404455,,0.039540598990327976,0.039540598990327976,,0.21587352201735588,0.0,development
1,2020-08-01,random_forest,mean_decrease_impurity,npl90_lag_12m,2.1195992490599,,0.052616412479229324,0.052616412479229324,,0.21587352201735588,0.0,development
1,2020-08-01,random_forest,mean_decrease_impurity,npl90_change_1m_pp,-0.43885558551919024,,0.014970692249501101,0.014970692249501101,,0.21587352201735588,0.0,development
1,2020-08-01,random_forest,mean_decrease_impurity,npl90_change_3m_pp,-0.5420572872127201,,0.03345948861269013,0.03345948861269013,,0.21587352201735588,0.0,development
1,2020-08-01,random_forest,mean_decrease_impurity,npl90_change_12m_pp,0.11785003962032015,,0.016711664971609943,0.016711664971609943,,0.21587352201735588,0.0,development
1,2020-08-01,random_forest,mean_decrease_impurity,npl90_rolling_mean_3m,2.5804611726404367,,0.04663354772684339,0.04663354772684339,,0.21587352201735588,0.0,development
1,2020-08-01,random_forest,mean_decrease_impurity,npl90_rolling_mean_6m,2.6125184238008567,,0.05634828158831315,0.05634828158831315,,0.21587352201735588,0.0,development
1,2020-08-01,random_forest,mean_decrease_impurity,npl90_rolling_mean_12m,2.517137276035699,,0.039131122450179044,0.039131122450179044,,0.21587352201735588,0.0,development
1,2020-08-01,random_forest,mean_decrease_impurity,imacec_yoy_pct,-12.53729808211932,,0.014099729593801314,0.014099729593801314,,0.21587352201735588,0.0,development
1,2020-08-01,random_forest,mean_decrease_impurity,ipc_yoy,2.445426635,,0.014171534511387442,0.014171534511387442,,0.21587352201735588,0.0,development
1,2020-08-01,random_forest,mean_decrease_impurity,unemployment_rate,13.091216396143,,0.147083458947874,0.147083458947874,,0.21587352201735588,0.0,development
1,2020-08-01,random_forest,mean_decrease_impurity,tpm_monthly_average,0.5,,0.0032617443954008306,0.0032617443954008306,,0.21587352201735588,0.0,development
1,2020-08-01,random_forest,mean_decrease_impurity,tpm_change_3m_pp,0.0,,0.019155831253416324,0.019155831253416324,,0.21587352201735588,0.0,development
1,2020-08-01,random_forest,mean_decrease_impurity,usdclp_yoy_pct,9.942819778885381,,0.012370505848152271,0.012370505848152271,,0.21587352201735588,0.0,development
1,2020-08-01,random_forest,mean_decrease_impurity,consumer_lending_rate,19.63,,0.14945293436355173,0.14945293436355173,,0.21587352201735588,0.0,development
1,2020-08-01,random_forest,mean_decrease_impurity,consumer_lending_rate_change_3m_pp,-1.2300000000000004,,0.017227714810404804,0.017227714810404804,,0.21587352201735588,0.0,development
1,2020-08-01,random_forest,mean_decrease_impurity,real_consumer_loans_yoy_pct,-13.105592923655818,,0.09685987436134219,0.09685987436134219,,0.21587352201735588,0.0,development
1,2020-08-01,random_forest,mean_decrease_impurity,real_m1_yoy_pct,53.82582165850054,,0.014091682116398396,0.014091682116398396,,0.21587352201735588,0.0,development
1,2020-08-01,random_forest,mean_decrease_impurity,month_sin,-0.4999999999999997,,0.0633922861177978,0.0633922861177978,,0.21587352201735588,0.0,development
1,2020-08-01,random_forest,mean_decrease_impurity,month_cos,-0.8660254037844388,,0.020050994125951533,0.020050994125951533,,0.21587352201735588,0.0,development
1,2020-08-01,xgboost,tree_shap,npl90_level_t,2.23744928868022,-0.01180142629891634,0.01180142629891634,,0.05197092518210411,0.2388545125722885,6.502523319795728e-08,development
1,2020-08-01,xgboost,tree_shap,npl90_lag_1m,2.67630487419941,0.004220555070787668,0.004220555070787668,,0.05197092518210411,0.2388545125722885,6.502523319795728e-08,development
1,2020-08-01,xgboost,tree_shap,npl90_lag_3m,2.77950657589294,-0.002094293013215065,0.002094293013215065,,0.05197092518210411,0.2388545125722885,6.502523319795728e-08,development
1,2020-08-01,xgboost,tree_shap,npl90_lag_6m,2.45738300404455,0.01858689822256565,0.01858689822256565,,0.05197092518210411,0.2388545125722885,6.502523319795728e-08,development
1,2020-08-01,xgboost,tree_shap,npl90_lag_12m,2.1195992490599,0.0004296033293940127,0.0004296033293940127,,0.05197092518210411,0.2388545125722885,6.502523319795728e-08,development
1,2020-08-01,xgboost,tree_shap,npl90_change_1m_pp,-0.43885558551919024,0.0023570344783365726,0.0023570344783365726,,0.05197092518210411,0.2388545125722885,6.502523319795728e-08,development
1,2020-08-01,xgboost,tree_shap,npl90_change_3m_pp,-0.5420572872127201,0.0003069352824240923,0.0003069352824240923,,0.05197092518210411,0.2388545125722885,6.502523319795728e-08,development
1,2020-08-01,xgboost,tree_shap,npl90_change_12m_pp,0.11785003962032015,-0.0016374411061406136,0.0016374411061406136,,0.05197092518210411,0.2388545125722885,6.502523319795728e-08,development
1,2020-08-01,xgboost,tree_shap,npl90_rolling_mean_3m,2.5804611726404367,0.0016918987967073917,0.0016918987967073917,,0.05197092518210411,0.2388545125722885,6.502523319795728e-08,development
1,2020-08-01,xgboost,tree_shap,npl90_rolling_mean_6m,2.6125184238008567,0.023664388805627823,0.023664388805627823,,0.05197092518210411,0.2388545125722885,6.502523319795728e-08,development
1,2020-08-01,xgboost,tree_shap,npl90_rolling_mean_12m,2.517137276035699,-0.0023474646732211113,0.0023474646732211113,,0.05197092518210411,0.2388545125722885,6.502523319795728e-08,development
1,2020-08-01,xgboost,tree_shap,imacec_yoy_pct,-12.53729808211932,9.247957495972514e-05,9.247957495972514e-05,,0.05197092518210411,0.2388545125722885,6.502523319795728e-08,development
1,2020-08-01,xgboost,tree_shap,ipc_yoy,2.445426635,0.0033665932714939117,0.0033665932714939117,,0.05197092518210411,0.2388545125722885,6.502523319795728e-08,development
1,2020-08-01,xgboost,tree_shap,unemployment_rate,13.091216396143,0.02124882861971855,0.02124882861971855,,0.05197092518210411,0.2388545125722885,6.502523319795728e-08,development
1,2020-08-01,xgboost,tree_shap,tpm_monthly_average,0.5,-0.00011522571003297344,0.00011522571003297344,,0.05197092518210411,0.2388545125722885,6.502523319795728e-08,development
1,2020-08-01,xgboost,tree_shap,tpm_change_3m_pp,0.0,0.00017797292093746364,0.00017797292093746364,,0.05197092518210411,0.2388545125722885,6.502523319795728e-08,development
1,2020-08-01,xgboost,tree_shap,usdclp_yoy_pct,9.942819778885381,0.003554306924343109,0.003554306924343109,,0.05197092518210411,0.2388545125722885,6.502523319795728e-08,development
1,2020-08-01,xgboost,tree_shap,consumer_lending_rate,19.63,0.10929495841264725,0.10929495841264725,,0.05197092518210411,0.2388545125722885,6.502523319795728e-08,development
1,2020-08-01,xgboost,tree_shap,consumer_lending_rate_change_3m_pp,-1.2300000000000004,0.004231960512697697,0.004231960512697697,,0.05197092518210411,0.2388545125722885,6.502523319795728e-08,development
1,2020-08-01,xgboost,tree_shap,real_consumer_loans_yoy_pct,-13.105592923655818,-0.021905669942498207,0.021905669942498207,,0.05197092518210411,0.2388545125722885,6.502523319795728e-08,development
1,2020-08-01,xgboost,tree_shap,real_m1_yoy_pct,53.82582165850054,-0.0017163475276902318,0.0017163475276902318,,0.05197092518210411,0.2388545125722885,6.502523319795728e-08,development
1,2020-08-01,xgboost,tree_shap,month_sin,-0.4999999999999997,0.02647082507610321,0.02647082507610321,,0.05197092518210411,0.2388545125722885,6.502523319795728e-08,development
1,2020-08-01,xgboost,tree_shap,month_cos,-0.8660254037844388,0.00880615133792162,0.00880615133792162,,0.05197092518210411,0.2388545125722885,6.502523319795728e-08,development
1,2020-09-01,elastic_net,standardized_linear_contribution,npl90_level_t,1.86993518073533,-0.0,0.0,0.0,0.04340861367269149,0.04340861367269149,0.0,development
1,2020-09-01,elastic_net,standardized_linear_contribution,npl90_lag_1m,2.23744928868022,0.0,0.0,0.0,0.04340861367269149,0.04340861367269149,0.0,development
1,2020-09-01,elastic_net,standardized_linear_contribution,npl90_lag_3m,2.82762935504168,0.0,0.0,0.0,0.04340861367269149,0.04340861367269149,0.0,development
1,2020-09-01,elastic_net,standardized_linear_contribution,npl90_lag_6m,2.50407561213288,0.0,0.0,0.0,0.04340861367269149,0.04340861367269149,0.0,development
1,2020-09-01,elastic_net,standardized_linear_contribution,npl90_lag_12m,2.25142082271385,0.0,0.0,0.0,0.04340861367269149,0.04340861367269149,0.0,development
1,2020-09-01,elastic_net,standardized_linear_contribution,npl90_change_1m_pp,-0.36751410794489003,-0.0,0.0,0.0,0.04340861367269149,0.04340861367269149,0.0,development
1,2020-09-01,elastic_net,standardized_linear_contribution,npl90_change_3m_pp,-0.9576941743063501,-0.0,0.0,0.0,0.04340861367269149,0.04340861367269149,0.0,development
1,2020-09-01,elastic_net,standardized_linear_contribution,npl90_change_12m_pp,-0.38148564197852,-0.0,0.0,0.0,0.04340861367269149,0.04340861367269149,0.0,development
1,2020-09-01,elastic_net,standardized_linear_contribution,npl90_rolling_mean_3m,2.2612297812049866,0.0,0.0,0.0,0.04340861367269149,0.04340861367269149,0.0,development
1,2020-09-01,elastic_net,standardized_linear_contribution,npl90_rolling_mean_6m,2.506828351901265,0.0,0.0,0.0,0.04340861367269149,0.04340861367269149,0.0,development
1,2020-09-01,elastic_net,standardized_linear_contribution,npl90_rolling_mean_12m,2.485346805870823,0.0,0.0,0.0,0.04340861367269149,0.04340861367269149,0.0,development
1,2020-09-01,elastic_net,standardized_linear_contribution,imacec_yoy_pct,-10.933699183267898,-0.0,0.0,0.0,0.04340861367269149,0.04340861367269149,0.0,development
1,2020-09-01,elastic_net,standardized_linear_contribution,ipc_yoy,3.083712086,0.0,0.0,0.0,0.04340861367269149,0.04340861367269149,0.0,development
1,2020-09-01,elastic_net,standardized_linear_contribution,unemployment_rate,12.907461467072,0.0,0.0,0.0,0.04340861367269149,0.04340861367269149,0.0,development
1,2020-09-01,elastic_net,standardized_linear_contribution,tpm_monthly_average,0.5,-0.0,0.0,0.0,0.04340861367269149,0.04340861367269149,0.0,development
1,2020-09-01,elastic_net,standardized_linear_contribution,tpm_change_3m_pp,0.0,0.0,0.0,0.0,0.04340861367269149,0.04340861367269149,0.0,development
1,2020-09-01,elastic_net,standardized_linear_contribution,usdclp_yoy_pct,7.650239540167725,0.0,0.0,0.0,0.04340861367269149,0.04340861367269149,0.0,development
1,2020-09-01,elastic_net,standardized_linear_contribution,consumer_lending_rate,18.89,-0.0,0.0,0.0,0.04340861367269149,0.04340861367269149,0.0,development
1,2020-09-01,elastic_net,standardized_linear_contribution,consumer_lending_rate_change_3m_pp,-1.0,-0.0,0.0,0.0,0.04340861367269149,0.04340861367269149,0.0,development
1,2020-09-01,elastic_net,standardized_linear_contribution,real_consumer_loans_yoy_pct,-15.356975974711029,-0.0,0.0,0.0,0.04340861367269149,0.04340861367269149,0.0,development
1,2020-09-01,elastic_net,standardized_linear_contribution,real_m1_yoy_pct,56.65495109870471,0.0,0.0,0.0,0.04340861367269149,0.04340861367269149,0.0,development
1,2020-09-01,elastic_net,standardized_linear_contribution,month_sin,-0.8660254037844385,-0.0,0.0,0.0,0.04340861367269149,0.04340861367269149,0.0,development
1,2020-09-01,elastic_net,standardized_linear_contribution,month_cos,-0.5000000000000004,-0.0,0.0,0.0,0.04340861367269149,0.04340861367269149,0.0,development
1,2020-09-01,random_forest,mean_decrease_impurity,npl90_level_t,1.86993518073533,,0.08854803619324754,0.08854803619324754,,0.07872024044922726,0.0,development
1,2020-09-01,random_forest,mean_decrease_impurity,npl90_lag_1m,2.23744928868022,,0.027216360181966673,0.027216360181966673,,0.07872024044922726,0.0,development
1,2020-09-01,random_forest,mean_decrease_impurity,npl90_lag_3m,2.82762935504168,,0.03471497012428539,0.03471497012428539,,0.07872024044922726,0.0,development
1,2020-09-01,random_forest,mean_decrease_impurity,npl90_lag_6m,2.50407561213288,,0.017598976563516357,0.017598976563516357,,0.07872024044922726,0.0,development
1,2020-09-01,random_forest,mean_decrease_impurity,npl90_lag_12m,2.25142082271385,,0.05036957949301219,0.05036957949301219,,0.07872024044922726,0.0,development
1,2020-09-01,random_forest,mean_decrease_impurity,npl90_change_1m_pp,-0.36751410794489003,,0.014825121458567975,0.014825121458567975,,0.07872024044922726,0.0,development
1,2020-09-01,random_forest,mean_decrease_impurity,npl90_change_3m_pp,-0.9576941743063501,,0.025031898486608393,0.025031898486608393,,0.07872024044922726,0.0,development
1,2020-09-01,random_forest,mean_decrease_impurity,npl90_change_12m_pp,-0.38148564197852,,0.013534729090306707,0.013534729090306707,,0.07872024044922726,0.0,development
1,2020-09-01,random_forest,mean_decrease_impurity,npl90_rolling_mean_3m,2.2612297812049866,,0.03583158445385617,0.03583158445385617,,0.07872024044922726,0.0,development
1,2020-09-01,random_forest,mean_decrease_impurity,npl90_rolling_mean_6m,2.506828351901265,,0.07011337092017995,0.07011337092017995,,0.07872024044922726,0.0,development
1,2020-09-01,random_forest,mean_decrease_impurity,npl90_rolling_mean_12m,2.485346805870823,,0.033622065892497034,0.033622065892497034,,0.07872024044922726,0.0,development
1,2020-09-01,random_forest,mean_decrease_impurity,imacec_yoy_pct,-10.933699183267898,,0.009868143926302088,0.009868143926302088,,0.07872024044922726,0.0,development
1,2020-09-01,random_forest,mean_decrease_impurity,ipc_yoy,3.083712086,,0.015842443192051275,0.015842443192051275,,0.07872024044922726,0.0,development
1,2020-09-01,random_forest,mean_decrease_impurity,unemployment_rate,12.907461467072,,0.10987194232037804,0.10987194232037804,,0.07872024044922726,0.0,development
1,2020-09-01,random_forest,mean_decrease_impurity,tpm_monthly_average,0.5,,0.0051661077644511956,0.0051661077644511956,,0.07872024044922726,0.0,development
1,2020-09-01,random_forest,mean_decrease_impurity,tpm_change_3m_pp,0.0,,0.012393134275034485,0.012393134275034485,,0.07872024044922726,0.0,development
1,2020-09-01,random_forest,mean_decrease_impurity,usdclp_yoy_pct,7.650239540167725,,0.03509570487969164,0.03509570487969164,,0.07872024044922726,0.0,development
1,2020-09-01,random_forest,mean_decrease_impurity,consumer_lending_rate,18.89,,0.1536191953852973,0.1536191953852973,,0.07872024044922726,0.0,development
1,2020-09-01,random_forest,mean_decrease_impurity,consumer_lending_rate_change_3m_pp,-1.0,,0.053870461932616014,0.053870461932616014,,0.07872024044922726,0.0,development
1,2020-09-01,random_forest,mean_decrease_impurity,real_consumer_loans_yoy_pct,-15.356975974711029,,0.09772797716723204,0.09772797716723204,,0.07872024044922726,0.0,development
1,2020-09-01,random_forest,mean_decrease_impurity,real_m1_yoy_pct,56.65495109870471,,0.010688276899491254,0.010688276899491254,,0.07872024044922726,0.0,development
1,2020-09-01,random_forest,mean_decrease_impurity,month_sin,-0.8660254037844385,,0.06885073978384615,0.06885073978384615,,0.07872024044922726,0.0,development
1,2020-09-01,random_forest,mean_decrease_impurity,month_cos,-0.5000000000000004,,0.01559917961556407,0.01559917961556407,,0.07872024044922726,0.0,development
1,2020-09-01,xgboost,tree_shap,npl90_level_t,1.86993518073533,0.015336979180574417,0.015336979180574417,,0.04440884664654732,-0.012266233563423157,5.296897143125534e-09,development
1,2020-09-01,xgboost,tree_shap,npl90_lag_1m,2.23744928868022,0.003139798529446125,0.003139798529446125,,0.04440884664654732,-0.012266233563423157,5.296897143125534e-09,development
1,2020-09-01,xgboost,tree_shap,npl90_lag_3m,2.82762935504168,-0.1080002412199974,0.1080002412199974,,0.04440884664654732,-0.012266233563423157,5.296897143125534e-09,development
1,2020-09-01,xgboost,tree_shap,npl90_lag_6m,2.50407561213288,0.0023230575025081635,0.0023230575025081635,,0.04440884664654732,-0.012266233563423157,5.296897143125534e-09,development
1,2020-09-01,xgboost,tree_shap,npl90_lag_12m,2.25142082271385,-0.041672032326459885,0.041672032326459885,,0.04440884664654732,-0.012266233563423157,5.296897143125534e-09,development
1,2020-09-01,xgboost,tree_shap,npl90_change_1m_pp,-0.36751410794489003,0.0056044175289571285,0.0056044175289571285,,0.04440884664654732,-0.012266233563423157,5.296897143125534e-09,development
1,2020-09-01,xgboost,tree_shap,npl90_change_3m_pp,-0.9576941743063501,0.0001374689454678446,0.0001374689454678446,,0.04440884664654732,-0.012266233563423157,5.296897143125534e-09,development
1,2020-09-01,xgboost,tree_shap,npl90_change_12m_pp,-0.38148564197852,-0.0012260697549208999,0.0012260697549208999,,0.04440884664654732,-0.012266233563423157,5.296897143125534e-09,development
1,2020-09-01,xgboost,tree_shap,npl90_rolling_mean_3m,2.2612297812049866,-0.002217816887423396,0.002217816887423396,,0.04440884664654732,-0.012266233563423157,5.296897143125534e-09,development
1,2020-09-01,xgboost,tree_shap,npl90_rolling_mean_6m,2.506828351901265,-0.014491389505565166,0.014491389505565166,,0.04440884664654732,-0.012266233563423157,5.296897143125534e-09,development
1,2020-09-01,xgboost,tree_shap,npl90_rolling_mean_12m,2.485346805870823,-0.015063535422086716,0.015063535422086716,,0.04440884664654732,-0.012266233563423157,5.296897143125534e-09,development
1,2020-09-01,xgboost,tree_shap,imacec_yoy_pct,-10.933699183267898,0.0020389254204928875,0.0020389254204928875,,0.04440884664654732,-0.012266233563423157,5.296897143125534e-09,development
1,2020-09-01,xgboost,tree_shap,ipc_yoy,3.083712086,-0.0008679029997438192,0.0008679029997438192,,0.04440884664654732,-0.012266233563423157,5.296897143125534e-09,development
1,2020-09-01,xgboost,tree_shap,unemployment_rate,12.907461467072,0.014013485051691532,0.014013485051691532,,0.04440884664654732,-0.012266233563423157,5.296897143125534e-09,development
1,2020-09-01,xgboost,tree_shap,tpm_monthly_average,0.5,-0.00024951048544608057,0.00024951048544608057,,0.04440884664654732,-0.012266233563423157,5.296897143125534e-09,development
1,2020-09-01,xgboost,tree_shap,tpm_change_3m_pp,0.0,0.0008082324056886137,0.0008082324056886137,,0.04440884664654732,-0.012266233563423157,5.296897143125534e-09,development
1,2020-09-01,xgboost,tree_shap,usdclp_yoy_pct,7.650239540167725,0.00019941903883591294,0.00019941903883591294,,0.04440884664654732,-0.012266233563423157,5.296897143125534e-09,development
1,2020-09-01,xgboost,tree_shap,consumer_lending_rate,18.89,0.06221628934144974,0.06221628934144974,,0.04440884664654732,-0.012266233563423157,5.296897143125534e-09,development
1,2020-09-01,xgboost,tree_shap,consumer_lending_rate_change_3m_pp,-1.0,0.006663741078227758,0.006663741078227758,,0.04440884664654732,-0.012266233563423157,5.296897143125534e-09,development
1,2020-09-01,xgboost,tree_shap,real_consumer_loans_yoy_pct,-15.356975974711029,-0.0157014112919569,0.0157014112919569,,0.04440884664654732,-0.012266233563423157,5.296897143125534e-09,development
1,2020-09-01,xgboost,tree_shap,real_m1_yoy_pct,56.65495109870471,9.121396578848362e-05,9.121396578848362e-05,,0.04440884664654732,-0.012266233563423157,5.296897143125534e-09,development
1,2020-09-01,xgboost,tree_shap,month_sin,-0.8660254037844385,0.02824694663286209,0.02824694663286209,,0.04440884664654732,-0.012266233563423157,5.296897143125534e-09,development
1,2020-09-01,xgboost,tree_shap,month_cos,-0.5000000000000004,0.0019948603585362434,0.0019948603585362434,,0.04440884664654732,-0.012266233563423157,5.296897143125534e-09,development
1,2020-10-01,elastic_net,standardized_linear_contribution,npl90_level_t,1.55412562027869,-0.0,0.0,0.0,0.025030745442820336,0.025030745442820336,0.0,development
1,2020-10-01,elastic_net,standardized_linear_contribution,npl90_lag_1m,1.86993518073533,-0.0,0.0,0.0,0.025030745442820336,0.025030745442820336,0.0,development
1,2020-10-01,elastic_net,standardized_linear_contribution,npl90_lag_3m,2.67630487419941,0.0,0.0,0.0,0.025030745442820336,0.025030745442820336,0.0,development
1,2020-10-01,elastic_net,standardized_linear_contribution,npl90_lag_6m,2.65014483685801,0.0,0.0,0.0,0.025030745442820336,0.025030745442820336,0.0,development
1,2020-10-01,elastic_net,standardized_linear_contribution,npl90_lag_12m,2.37992357620879,0.0,0.0,0.0,0.025030745442820336,0.025030745442820336,0.0,development
1,2020-10-01,elastic_net,standardized_linear_contribution,npl90_change_1m_pp,-0.31580956045664,-0.0,0.0,0.0,0.025030745442820336,0.025030745442820336,0.0,development
1,2020-10-01,elastic_net,standardized_linear_contribution,npl90_change_3m_pp,-1.1221792539207203,-0.0,0.0,0.0,0.025030745442820336,0.025030745442820336,0.0,development
1,2020-10-01,elastic_net,standardized_linear_contribution,npl90_change_12m_pp,-0.8257979559300999,-0.0,0.0,0.0,0.025030745442820336,0.025030745442820336,0.0,development
1,2020-10-01,elastic_net,standardized_linear_contribution,npl90_rolling_mean_3m,1.8871700298980798,-0.0,0.0,0.0,0.025030745442820336,0.025030745442820336,0.0,development
1,2020-10-01,elastic_net,standardized_linear_contribution,npl90_rolling_mean_6m,2.3241584824713786,0.0,0.0,0.0,0.025030745442820336,0.025030745442820336,0.0,development
1,2020-10-01,elastic_net,standardized_linear_contribution,npl90_rolling_mean_12m,2.416530309543314,0.0,0.0,0.0,0.025030745442820336,0.025030745442820336,0.0,development
1,2020-10-01,elastic_net,standardized_linear_contribution,imacec_yoy_pct,-6.497349326852575,-0.0,0.0,0.0,0.025030745442820336,0.025030745442820336,0.0,development
1,2020-10-01,elastic_net,standardized_linear_contribution,ipc_yoy,2.956460095,-0.0,0.0,0.0,0.025030745442820336,0.025030745442820336,0.0,development
1,2020-10-01,elastic_net,standardized_linear_contribution,unemployment_rate,12.34829068332,0.0,0.0,0.0,0.025030745442820336,0.025030745442820336,0.0,development
1,2020-10-01,elastic_net,standardized_linear_contribution,tpm_monthly_average,0.5,-0.0,0.0,0.0,0.025030745442820336,0.025030745442820336,0.0,development
1,2020-10-01,elastic_net,standardized_linear_contribution,tpm_change_3m_pp,0.0,0.0,0.0,0.0,0.025030745442820336,0.025030745442820336,0.0,development
1,2020-10-01,elastic_net,standardized_linear_contribution,usdclp_yoy_pct,9.325151915612807,0.0,0.0,0.0,0.025030745442820336,0.025030745442820336,0.0,development
1,2020-10-01,elastic_net,standardized_linear_contribution,consumer_lending_rate,19.37,-0.0,0.0,0.0,0.025030745442820336,0.025030745442820336,0.0,development
1,2020-10-01,elastic_net,standardized_linear_contribution,consumer_lending_rate_change_3m_pp,-0.6999999999999993,-0.0,0.0,0.0,0.025030745442820336,0.025030745442820336,0.0,development
1,2020-10-01,elastic_net,standardized_linear_contribution,real_consumer_loans_yoy_pct,-16.197427494434237,-0.0,0.0,0.0,0.025030745442820336,0.025030745442820336,0.0,development
1,2020-10-01,elastic_net,standardized_linear_contribution,real_m1_yoy_pct,54.72844678906714,0.0,0.0,0.0,0.025030745442820336,0.025030745442820336,0.0,development
1,2020-10-01,elastic_net,standardized_linear_contribution,month_sin,-1.0,-0.0,0.0,0.0,0.025030745442820336,0.025030745442820336,0.0,development
1,2020-10-01,elastic_net,standardized_linear_contribution,month_cos,-1.8369701987210297e-16,-0.0,0.0,0.0,0.025030745442820336,0.025030745442820336,0.0,development
1,2020-10-01,random_forest,mean_decrease_impurity,npl90_level_t,1.55412562027869,,0.06266501522260966,0.06266501522260966,,-0.22564440195020882,0.0,development
1,2020-10-01,random_forest,mean_decrease_impurity,npl90_lag_1m,1.86993518073533,,0.017763572847732452,0.017763572847732452,,-0.22564440195020882,0.0,development
1,2020-10-01,random_forest,mean_decrease_impurity,npl90_lag_3m,2.67630487419941,,0.033379174272205166,0.033379174272205166,,-0.22564440195020882,0.0,development
1,2020-10-01,random_forest,mean_decrease_impurity,npl90_lag_6m,2.65014483685801,,0.042209290929371555,0.042209290929371555,,-0.22564440195020882,0.0,development
1,2020-10-01,random_forest,mean_decrease_impurity,npl90_lag_12m,2.37992357620879,,0.027798744189929968,0.027798744189929968,,-0.22564440195020882,0.0,development
1,2020-10-01,random_forest,mean_decrease_impurity,npl90_change_1m_pp,-0.31580956045664,,0.025214577876592068,0.025214577876592068,,-0.22564440195020882,0.0,development
1,2020-10-01,random_forest,mean_decrease_impurity,npl90_change_3m_pp,-1.1221792539207203,,0.020341579246799288,0.020341579246799288,,-0.22564440195020882,0.0,development
1,2020-10-01,random_forest,mean_decrease_impurity,npl90_change_12m_pp,-0.8257979559300999,,0.009951102056408326,0.009951102056408326,,-0.22564440195020882,0.0,development
1,2020-10-01,random_forest,mean_decrease_impurity,npl90_rolling_mean_3m,1.8871700298980798,,0.03835659242628071,0.03835659242628071,,-0.22564440195020882,0.0,development
1,2020-10-01,random_forest,mean_decrease_impurity,npl90_rolling_mean_6m,2.3241584824713786,,0.07576941539962798,0.07576941539962798,,-0.22564440195020882,0.0,development
1,2020-10-01,random_forest,mean_decrease_impurity,npl90_rolling_mean_12m,2.416530309543314,,0.060080881318955684,0.060080881318955684,,-0.22564440195020882,0.0,development
1,2020-10-01,random_forest,mean_decrease_impurity,imacec_yoy_pct,-6.497349326852575,,0.010106217867652567,0.010106217867652567,,-0.22564440195020882,0.0,development
1,2020-10-01,random_forest,mean_decrease_impurity,ipc_yoy,2.956460095,,0.010758042353996296,0.010758042353996296,,-0.22564440195020882,0.0,development
1,2020-10-01,random_forest,mean_decrease_impurity,unemployment_rate,12.34829068332,,0.08056330592492812,0.08056330592492812,,-0.22564440195020882,0.0,development
1,2020-10-01,random_forest,mean_decrease_impurity,tpm_monthly_average,0.5,,0.05438350260779621,0.05438350260779621,,-0.22564440195020882,0.0,development
1,2020-10-01,random_forest,mean_decrease_impurity,tpm_change_3m_pp,0.0,,0.007531572268055145,0.007531572268055145,,-0.22564440195020882,0.0,development
1,2020-10-01,random_forest,mean_decrease_impurity,usdclp_yoy_pct,9.325151915612807,,0.07006733327215171,0.07006733327215171,,-0.22564440195020882,0.0,development
1,2020-10-01,random_forest,mean_decrease_impurity,consumer_lending_rate,19.37,,0.11095178468668672,0.11095178468668672,,-0.22564440195020882,0.0,development
1,2020-10-01,random_forest,mean_decrease_impurity,consumer_lending_rate_change_3m_pp,-0.6999999999999993,,0.0214556990076132,0.0214556990076132,,-0.22564440195020882,0.0,development
1,2020-10-01,random_forest,mean_decrease_impurity,real_consumer_loans_yoy_pct,-16.197427494434237,,0.12144695419686091,0.12144695419686091,,-0.22564440195020882,0.0,development
1,2020-10-01,random_forest,mean_decrease_impurity,real_m1_yoy_pct,54.72844678906714,,0.037731113620345653,0.037731113620345653,,-0.22564440195020882,0.0,development
1,2020-10-01,random_forest,mean_decrease_impurity,month_sin,-1.0,,0.051257652228561865,0.051257652228561865,,-0.22564440195020882,0.0,development
1,2020-10-01,random_forest,mean_decrease_impurity,month_cos,-1.8369701987210297e-16,,0.010216876178838525,0.010216876178838525,,-0.22564440195020882,0.0,development
1,2020-10-01,xgboost,tree_shap,npl90_level_t,1.55412562027869,0.025096237659454346,0.025096237659454346,,0.029222983866930008,-0.308748334646225,9.202631190419197e-08,development
1,2020-10-01,xgboost,tree_shap,npl90_lag_1m,1.86993518073533,0.002156635280698538,0.002156635280698538,,0.029222983866930008,-0.308748334646225,9.202631190419197e-08,development
1,2020-10-01,xgboost,tree_shap,npl90_lag_3m,2.67630487419941,-0.1971507966518402,0.1971507966518402,,0.029222983866930008,-0.308748334646225,9.202631190419197e-08,development
1,2020-10-01,xgboost,tree_shap,npl90_lag_6m,2.65014483685801,-0.21380554139614105,0.21380554139614105,,0.029222983866930008,-0.308748334646225,9.202631190419197e-08,development
1,2020-10-01,xgboost,tree_shap,npl90_lag_12m,2.37992357620879,-0.05064663663506508,0.05064663663506508,,0.029222983866930008,-0.308748334646225,9.202631190419197e-08,development
1,2020-10-01,xgboost,tree_shap,npl90_change_1m_pp,-0.31580956045664,0.0053743333555758,0.0053743333555758,,0.029222983866930008,-0.308748334646225,9.202631190419197e-08,development
1,2020-10-01,xgboost,tree_shap,npl90_change_3m_pp,-1.1221792539207203,0.0012934945989400148,0.0012934945989400148,,0.029222983866930008,-0.308748334646225,9.202631190419197e-08,development
1,2020-10-01,xgboost,tree_shap,npl90_change_12m_pp,-0.8257979559300999,-0.0013668118044734001,0.0013668118044734001,,0.029222983866930008,-0.308748334646225,9.202631190419197e-08,development
1,2020-10-01,xgboost,tree_shap,npl90_rolling_mean_3m,1.8871700298980798,0.0021155481226742268,0.0021155481226742268,,0.029222983866930008,-0.308748334646225,9.202631190419197e-08,development
1,2020-10-01,xgboost,tree_shap,npl90_rolling_mean_6m,2.3241584824713786,0.032281212508678436,0.032281212508678436,,0.029222983866930008,-0.308748334646225,9.202631190419197e-08,development
1,2020-10-01,xgboost,tree_shap,npl90_rolling_mean_12m,2.416530309543314,-0.02596033737063408,0.02596033737063408,,0.029222983866930008,-0.308748334646225,9.202631190419197e-08,development
1,2020-10-01,xgboost,tree_shap,imacec_yoy_pct,-6.497349326852575,0.003543044440448284,0.003543044440448284,,0.029222983866930008,-0.308748334646225,9.202631190419197e-08,development
1,2020-10-01,xgboost,tree_shap,ipc_yoy,2.956460095,0.0,0.0,,0.029222983866930008,-0.308748334646225,9.202631190419197e-08,development
1,2020-10-01,xgboost,tree_shap,unemployment_rate,12.34829068332,0.007421333342790604,0.007421333342790604,,0.029222983866930008,-0.308748334646225,9.202631190419197e-08,development
1,2020-10-01,xgboost,tree_shap,tpm_monthly_average,0.5,0.0,0.0,,0.029222983866930008,-0.308748334646225,9.202631190419197e-08,development
1,2020-10-01,xgboost,tree_shap,tpm_change_3m_pp,0.0,0.0017276430735364556,0.0017276430735364556,,0.029222983866930008,-0.308748334646225,9.202631190419197e-08,development
1,2020-10-01,xgboost,tree_shap,usdclp_yoy_pct,9.325151915612807,0.000973554328083992,0.000973554328083992,,0.029222983866930008,-0.308748334646225,9.202631190419197e-08,development
1,2020-10-01,xgboost,tree_shap,consumer_lending_rate,19.37,0.05693884193897247,0.05693884193897247,,0.029222983866930008,-0.308748334646225,9.202631190419197e-08,development
1,2020-10-01,xgboost,tree_shap,consumer_lending_rate_change_3m_pp,-0.6999999999999993,0.0043383012525737286,0.0043383012525737286,,0.029222983866930008,-0.308748334646225,9.202631190419197e-08,development
1,2020-10-01,xgboost,tree_shap,real_consumer_loans_yoy_pct,-16.197427494434237,-0.013082507997751236,0.013082507997751236,,0.029222983866930008,-0.308748334646225,9.202631190419197e-08,development
1,2020-10-01,xgboost,tree_shap,real_m1_yoy_pct,54.72844678906714,0.0006593879661522806,0.0006593879661522806,,0.029222983866930008,-0.308748334646225,9.202631190419197e-08,development
1,2020-10-01,xgboost,tree_shap,month_sin,-1.0,0.01864263042807579,0.01864263042807579,,0.029222983866930008,-0.308748334646225,9.202631190419197e-08,development
1,2020-10-01,xgboost,tree_shap,month_cos,-1.8369701987210297e-16,0.0014792070724070072,0.0014792070724070072,,0.029222983866930008,-0.308748334646225,9.202631190419197e-08,development
1,2020-11-01,elastic_net,standardized_linear_contribution,npl90_level_t,1.47457505094144,-0.0,0.0,0.0,0.003920233214339058,0.003920233214339058,0.0,development
1,2020-11-01,elastic_net,standardized_linear_contribution,npl90_lag_1m,1.55412562027869,-0.0,0.0,0.0,0.003920233214339058,0.003920233214339058,0.0,development
1,2020-11-01,elastic_net,standardized_linear_contribution,npl90_lag_3m,2.23744928868022,0.0,0.0,0.0,0.003920233214339058,0.003920233214339058,0.0,development
1,2020-11-01,elastic_net,standardized_linear_contribution,npl90_lag_6m,2.77950657589294,0.0,0.0,0.0,0.003920233214339058,0.003920233214339058,0.0,development
1,2020-11-01,elastic_net,standardized_linear_contribution,npl90_lag_12m,2.48550649315936,0.0,0.0,0.0,0.003920233214339058,0.003920233214339058,0.0,development
1,2020-11-01,elastic_net,standardized_linear_contribution,npl90_change_1m_pp,-0.07955056933725002,-0.0,0.0,0.0,0.003920233214339058,0.003920233214339058,0.0,development
1,2020-11-01,elastic_net,standardized_linear_contribution,npl90_change_3m_pp,-0.76287423773878,-0.0,0.0,0.0,0.003920233214339058,0.003920233214339058,0.0,development
1,2020-11-01,elastic_net,standardized_linear_contribution,npl90_change_12m_pp,-1.01093144221792,-0.0,0.0,0.0,0.003920233214339058,0.003920233214339058,0.0,development
1,2020-11-01,elastic_net,standardized_linear_contribution,npl90_rolling_mean_3m,1.6328786173184866,-0.0,0.0,0.0,0.003920233214339058,0.003920233214339058,0.0,development
1,2020-11-01,elastic_net,standardized_linear_contribution,npl90_rolling_mean_6m,2.1066698949794618,-0.0,0.0,0.0,0.003920233214339058,0.003920233214339058,0.0,development
1,2020-11-01,elastic_net,standardized_linear_contribution,npl90_rolling_mean_12m,2.3322860226918207,0.0,0.0,0.0,0.003920233214339058,0.003920233214339058,0.0,development
1,2020-11-01,elastic_net,standardized_linear_contribution,imacec_yoy_pct,-0.8926392860316157,-0.0,0.0,0.0,0.003920233214339058,0.003920233214339058,0.0,development
1,2020-11-01,elastic_net,standardized_linear_contribution,ipc_yoy,2.728012833,-0.0,0.0,0.0,0.003920233214339058,0.003920233214339058,0.0,development
1,2020-11-01,elastic_net,standardized_linear_contribution,unemployment_rate,11.577038760121,0.0,0.0,0.0,0.003920233214339058,0.003920233214339058,0.0,development
1,2020-11-01,elastic_net,standardized_linear_contribution,tpm_monthly_average,0.5,-0.0,0.0,0.0,0.003920233214339058,0.003920233214339058,0.0,development
1,2020-11-01,elastic_net,standardized_linear_contribution,tpm_change_3m_pp,0.0,0.0,0.0,0.0,0.003920233214339058,0.003920233214339058,0.0,development
1,2020-11-01,elastic_net,standardized_linear_contribution,usdclp_yoy_pct,-1.7578200455874216,-0.0,0.0,0.0,0.003920233214339058,0.003920233214339058,0.0,development
1,2020-11-01,elastic_net,standardized_linear_contribution,consumer_lending_rate,19.02,-0.0,0.0,0.0,0.003920233214339058,0.003920233214339058,0.0,development
1,2020-11-01,elastic_net,standardized_linear_contribution,consumer_lending_rate_change_3m_pp,-0.6099999999999994,-0.0,0.0,0.0,0.003920233214339058,0.003920233214339058,0.0,development
1,2020-11-01,elastic_net,standardized_linear_contribution,real_consumer_loans_yoy_pct,-16.073900469452575,-0.0,0.0,0.0,0.003920233214339058,0.003920233214339058,0.0,development
1,2020-11-01,elastic_net,standardized_linear_contribution,real_m1_yoy_pct,46.20332555470228,0.0,0.0,0.0,0.003920233214339058,0.003920233214339058,0.0,development
1,2020-11-01,elastic_net,standardized_linear_contribution,month_sin,-0.8660254037844386,-0.0,0.0,0.0,0.003920233214339058,0.003920233214339058,0.0,development
1,2020-11-01,elastic_net,standardized_linear_contribution,month_cos,0.5000000000000001,0.0,0.0,0.0,0.003920233214339058,0.003920233214339058,0.0,development
1,2020-11-01,random_forest,mean_decrease_impurity,npl90_level_t,1.47457505094144,,0.07355808291382386,0.07355808291382386,,-0.49123749738702827,0.0,development
1,2020-11-01,random_forest,mean_decrease_impurity,npl90_lag_1m,1.55412562027869,,0.019736166765996873,0.019736166765996873,,-0.49123749738702827,0.0,development
1,2020-11-01,random_forest,mean_decrease_impurity,npl90_lag_3m,2.23744928868022,,0.03838517123227465,0.03838517123227465,,-0.49123749738702827,0.0,development
1,2020-11-01,random_forest,mean_decrease_impurity,npl90_lag_6m,2.77950657589294,,0.06140797034791741,0.06140797034791741,,-0.49123749738702827,0.0,development
1,2020-11-01,random_forest,mean_decrease_impurity,npl90_lag_12m,2.48550649315936,,0.01319430103239386,0.01319430103239386,,-0.49123749738702827,0.0,development
1,2020-11-01,random_forest,mean_decrease_impurity,npl90_change_1m_pp,-0.07955056933725002,,0.006513055560672649,0.006513055560672649,,-0.49123749738702827,0.0,development
1,2020-11-01,random_forest,mean_decrease_impurity,npl90_change_3m_pp,-0.76287423773878,,0.011199902786363364,0.011199902786363364,,-0.49123749738702827,0.0,development
1,2020-11-01,random_forest,mean_decrease_impurity,npl90_change_12m_pp,-1.01093144221792,,0.0059696547305750506,0.0059696547305750506,,-0.49123749738702827,0.0,development
1,2020-11-01,random_forest,mean_decrease_impurity,npl90_rolling_mean_3m,1.6328786173184866,,0.038907050169643416,0.038907050169643416,,-0.49123749738702827,0.0,development
1,2020-11-01,random_forest,mean_decrease_impurity,npl90_rolling_mean_6m,2.1066698949794618,,0.07207644971524405,0.07207644971524405,,-0.49123749738702827,0.0,development
1,2020-11-01,random_forest,mean_decrease_impurity,npl90_rolling_mean_12m,2.3322860226918207,,0.0910670397463832,0.0910670397463832,,-0.49123749738702827,0.0,development
1,2020-11-01,random_forest,mean_decrease_impurity,imacec_yoy_pct,-0.8926392860316157,,0.016560214627725455,0.016560214627725455,,-0.49123749738702827,0.0,development
1,2020-11-01,random_forest,mean_decrease_impurity,ipc_yoy,2.728012833,,0.0052452767873350115,0.0052452767873350115,,-0.49123749738702827,0.0,development
1,2020-11-01,random_forest,mean_decrease_impurity,unemployment_rate,11.577038760121,,0.07604240393330822,0.07604240393330822,,-0.49123749738702827,0.0,development
1,2020-11-01,random_forest,mean_decrease_impurity,tpm_monthly_average,0.5,,0.053645606061783375,0.053645606061783375,,-0.49123749738702827,0.0,development
1,2020-11-01,random_forest,mean_decrease_impurity,tpm_change_3m_pp,0.0,,0.02329729517376715,0.02329729517376715,,-0.49123749738702827,0.0,development
1,2020-11-01,random_forest,mean_decrease_impurity,usdclp_yoy_pct,-1.7578200455874216,,0.030043101980109933,0.030043101980109933,,-0.49123749738702827,0.0,development
1,2020-11-01,random_forest,mean_decrease_impurity,consumer_lending_rate,19.02,,0.06718325384605349,0.06718325384605349,,-0.49123749738702827,0.0,development
1,2020-11-01,random_forest,mean_decrease_impurity,consumer_lending_rate_change_3m_pp,-0.6099999999999994,,0.01295100992047022,0.01295100992047022,,-0.49123749738702827,0.0,development
1,2020-11-01,random_forest,mean_decrease_impurity,real_consumer_loans_yoy_pct,-16.073900469452575,,0.1513232983106874,0.1513232983106874,,-0.49123749738702827,0.0,development
1,2020-11-01,random_forest,mean_decrease_impurity,real_m1_yoy_pct,46.20332555470228,,0.09184781378067625,0.09184781378067625,,-0.49123749738702827,0.0,development
1,2020-11-01,random_forest,mean_decrease_impurity,month_sin,-0.8660254037844386,,0.03412344285266128,0.03412344285266128,,-0.49123749738702827,0.0,development
1,2020-11-01,random_forest,mean_decrease_impurity,month_cos,0.5000000000000001,,0.005722437724133782,0.005722437724133782,,-0.49123749738702827,0.0,development
1,2020-11-01,xgboost,tree_shap,npl90_level_t,1.47457505094144,0.04547920450568199,0.04547920450568199,,0.005187008995562792,-0.09624645859003067,4.1953171603381634e-08,development
1,2020-11-01,xgboost,tree_shap,npl90_lag_1m,1.55412562027869,0.0017228539800271392,0.0017228539800271392,,0.005187008995562792,-0.09624645859003067,4.1953171603381634e-08,development
1,2020-11-01,xgboost,tree_shap,npl90_lag_3m,2.23744928868022,-0.0013188798911869526,0.0013188798911869526,,0.005187008995562792,-0.09624645859003067,4.1953171603381634e-08,development
1,2020-11-01,xgboost,tree_shap,npl90_lag_6m,2.77950657589294,-0.20628876984119415,0.20628876984119415,,0.005187008995562792,-0.09624645859003067,4.1953171603381634e-08,development
1,2020-11-01,xgboost,tree_shap,npl90_lag_12m,2.48550649315936,-0.031952571123838425,0.031952571123838425,,0.005187008995562792,-0.09624645859003067,4.1953171603381634e-08,development
1,2020-11-01,xgboost,tree_shap,npl90_change_1m_pp,-0.07955056933725002,0.00673516234382987,0.00673516234382987,,0.005187008995562792,-0.09624645859003067,4.1953171603381634e-08,development
1,2020-11-01,xgboost,tree_shap,npl90_change_3m_pp,-0.76287423773878,0.0005129699129611254,0.0005129699129611254,,0.005187008995562792,-0.09624645859003067,4.1953171603381634e-08,development
1,2020-11-01,xgboost,tree_shap,npl90_change_12m_pp,-1.01093144221792,0.00061846396420151,0.00061846396420151,,0.005187008995562792,-0.09624645859003067,4.1953171603381634e-08,development
1,2020-11-01,xgboost,tree_shap,npl90_rolling_mean_3m,1.6328786173184866,0.0004821401962544769,0.0004821401962544769,,0.005187008995562792,-0.09624645859003067,4.1953171603381634e-08,development
1,2020-11-01,xgboost,tree_shap,npl90_rolling_mean_6m,2.1066698949794618,0.0018598265014588833,0.0018598265014588833,,0.005187008995562792,-0.09624645859003067,4.1953171603381634e-08,development
1,2020-11-01,xgboost,tree_shap,npl90_rolling_mean_12m,2.3322860226918207,-0.026405002921819687,0.026405002921819687,,0.005187008995562792,-0.09624645859003067,4.1953171603381634e-08,development
1,2020-11-01,xgboost,tree_shap,imacec_yoy_pct,-0.8926392860316157,0.0009606568492017686,0.0009606568492017686,,0.005187008995562792,-0.09624645859003067,4.1953171603381634e-08,development
1,2020-11-01,xgboost,tree_shap,ipc_yoy,2.728012833,-0.0019006573129445314,0.0019006573129445314,,0.005187008995562792,-0.09624645859003067,4.1953171603381634e-08,development
1,2020-11-01,xgboost,tree_shap,unemployment_rate,11.577038760121,0.00988457165658474,0.00988457165658474,,0.005187008995562792,-0.09624645859003067,4.1953171603381634e-08,development
1,2020-11-01,xgboost,tree_shap,tpm_monthly_average,0.5,0.0,0.0,,0.005187008995562792,-0.09624645859003067,4.1953171603381634e-08,development
1,2020-11-01,xgboost,tree_shap,tpm_change_3m_pp,0.0,0.0010087700793519616,0.0010087700793519616,,0.005187008995562792,-0.09624645859003067,4.1953171603381634e-08,development
1,2020-11-01,xgboost,tree_shap,usdclp_yoy_pct,-1.7578200455874216,-0.0015946778003126383,0.0015946778003126383,,0.005187008995562792,-0.09624645859003067,4.1953171603381634e-08,development
1,2020-11-01,xgboost,tree_shap,consumer_lending_rate,19.02,0.07976866513490677,0.07976866513490677,,0.005187008995562792,-0.09624645859003067,4.1953171603381634e-08,development
1,2020-11-01,xgboost,tree_shap,consumer_lending_rate_change_3m_pp,-0.6099999999999994,0.00010481639765202999,0.00010481639765202999,,0.005187008995562792,-0.09624645859003067,4.1953171603381634e-08,development
1,2020-11-01,xgboost,tree_shap,real_consumer_loans_yoy_pct,-16.073900469452575,-0.009726492688059807,0.009726492688059807,,0.005187008995562792,-0.09624645859003067,4.1953171603381634e-08,development
1,2020-11-01,xgboost,tree_shap,real_m1_yoy_pct,46.20332555470228,-0.00011759983317460865,0.00011759983317460865,,0.005187008995562792,-0.09624645859003067,4.1953171603381634e-08,development
1,2020-11-01,xgboost,tree_shap,month_sin,-0.8660254037844386,0.03165470063686371,0.03165470063686371,,0.005187008995562792,-0.09624645859003067,4.1953171603381634e-08,development
1,2020-11-01,xgboost,tree_shap,month_cos,0.5000000000000001,-0.00292157637886703,0.00292157637886703,,0.005187008995562792,-0.09624645859003067,4.1953171603381634e-08,development
1,2020-12-01,elastic_net,standardized_linear_contribution,npl90_level_t,1.4302200300584,-0.0,0.0,0.0,-0.017975541132498742,-0.058042573371265754,0.0,development
1,2020-12-01,elastic_net,standardized_linear_contribution,npl90_lag_1m,1.47457505094144,-0.0,0.0,0.0,-0.017975541132498742,-0.058042573371265754,0.0,development
1,2020-12-01,elastic_net,standardized_linear_contribution,npl90_lag_3m,1.86993518073533,-0.0,0.0,0.0,-0.017975541132498742,-0.058042573371265754,0.0,development
1,2020-12-01,elastic_net,standardized_linear_contribution,npl90_lag_6m,2.82762935504168,0.0,0.0,0.0,-0.017975541132498742,-0.058042573371265754,0.0,development
1,2020-12-01,elastic_net,standardized_linear_contribution,npl90_lag_12m,2.50818393414233,0.0,0.0,0.0,-0.017975541132498742,-0.058042573371265754,0.0,development
1,2020-12-01,elastic_net,standardized_linear_contribution,npl90_change_1m_pp,-0.044355020883039886,-0.0,0.0,0.0,-0.017975541132498742,-0.058042573371265754,0.0,development
1,2020-12-01,elastic_net,standardized_linear_contribution,npl90_change_3m_pp,-0.4397151506769299,-0.0,0.0,0.0,-0.017975541132498742,-0.058042573371265754,0.0,development
1,2020-12-01,elastic_net,standardized_linear_contribution,npl90_change_12m_pp,-1.07796390408393,-0.0,0.0,0.0,-0.017975541132498742,-0.058042573371265754,0.0,development
1,2020-12-01,elastic_net,standardized_linear_contribution,npl90_rolling_mean_3m,1.4863069004261764,-0.0,0.0,0.0,-0.017975541132498742,-0.058042573371265754,0.0,development
1,2020-12-01,elastic_net,standardized_linear_contribution,npl90_rolling_mean_6m,1.8737683408155819,-0.0,0.0,0.0,-0.017975541132498742,-0.058042573371265754,0.0,development
1,2020-12-01,elastic_net,standardized_linear_contribution,npl90_rolling_mean_12m,2.242455697351493,0.0,0.0,0.0,-0.017975541132498742,-0.058042573371265754,0.0,development
1,2020-12-01,elastic_net,standardized_linear_contribution,imacec_yoy_pct,0.38895820363236133,-0.0,0.0,0.0,-0.017975541132498742,-0.058042573371265754,0.0,development
1,2020-12-01,elastic_net,standardized_linear_contribution,ipc_yoy,2.972870899,0.0,0.0,0.0,-0.017975541132498742,-0.058042573371265754,0.0,development
1,2020-12-01,elastic_net,standardized_linear_contribution,unemployment_rate,10.758022977255,0.0,0.0,0.0,-0.017975541132498742,-0.058042573371265754,0.0,development
1,2020-12-01,elastic_net,standardized_linear_contribution,tpm_monthly_average,0.5,-0.0,0.0,0.0,-0.017975541132498742,-0.058042573371265754,0.0,development
1,2020-12-01,elastic_net,standardized_linear_contribution,tpm_change_3m_pp,0.0,0.0,0.0,0.0,-0.017975541132498742,-0.058042573371265754,0.0,development
1,2020-12-01,elastic_net,standardized_linear_contribution,usdclp_yoy_pct,-4.6284968467290355,-0.0,0.0,0.0,-0.017975541132498742,-0.058042573371265754,0.0,development
1,2020-12-01,elastic_net,standardized_linear_contribution,consumer_lending_rate,19.41,-0.0,0.0,0.0,-0.017975541132498742,-0.058042573371265754,0.0,development
1,2020-12-01,elastic_net,standardized_linear_contribution,consumer_lending_rate_change_3m_pp,0.5199999999999996,0.0,0.0,0.0,-0.017975541132498742,-0.058042573371265754,0.0,development
1,2020-12-01,elastic_net,standardized_linear_contribution,real_consumer_loans_yoy_pct,-16.603437962805266,-0.04006703223876701,0.04006703223876701,0.005638431743301231,-0.017975541132498742,-0.058042573371265754,0.0,development
1,2020-12-01,elastic_net,standardized_linear_contribution,real_m1_yoy_pct,49.45820104512995,0.0,0.0,0.0,-0.017975541132498742,-0.058042573371265754,0.0,development
1,2020-12-01,elastic_net,standardized_linear_contribution,month_sin,-0.5000000000000004,-0.0,0.0,0.0,-0.017975541132498742,-0.058042573371265754,0.0,development
1,2020-12-01,elastic_net,standardized_linear_contribution,month_cos,0.8660254037844384,0.0,0.0,0.0,-0.017975541132498742,-0.058042573371265754,0.0,development
1,2020-12-01,random_forest,mean_decrease_impurity,npl90_level_t,1.4302200300584,,0.08062519258916791,0.08062519258916791,,-0.3676373552758154,0.0,development
1,2020-12-01,random_forest,mean_decrease_impurity,npl90_lag_1m,1.47457505094144,,0.029377429911780384,0.029377429911780384,,-0.3676373552758154,0.0,development
1,2020-12-01,random_forest,mean_decrease_impurity,npl90_lag_3m,1.86993518073533,,0.03712049439394033,0.03712049439394033,,-0.3676373552758154,0.0,development
1,2020-12-01,random_forest,mean_decrease_impurity,npl90_lag_6m,2.82762935504168,,0.07390267027986125,0.07390267027986125,,-0.3676373552758154,0.0,development
1,2020-12-01,random_forest,mean_decrease_impurity,npl90_lag_12m,2.50818393414233,,0.010078748452227193,0.010078748452227193,,-0.3676373552758154,0.0,development
1,2020-12-01,random_forest,mean_decrease_impurity,npl90_change_1m_pp,-0.044355020883039886,,0.006733723326555376,0.006733723326555376,,-0.3676373552758154,0.0,development
1,2020-12-01,random_forest,mean_decrease_impurity,npl90_change_3m_pp,-0.4397151506769299,,0.01246471720997022,0.01246471720997022,,-0.3676373552758154,0.0,development
1,2020-12-01,random_forest,mean_decrease_impurity,npl90_change_12m_pp,-1.07796390408393,,0.011940404566645312,0.011940404566645312,,-0.3676373552758154,0.0,development
1,2020-12-01,random_forest,mean_decrease_impurity,npl90_rolling_mean_3m,1.4863069004261764,,0.047353434695046215,0.047353434695046215,,-0.3676373552758154,0.0,development
1,2020-12-01,random_forest,mean_decrease_impurity,npl90_rolling_mean_6m,1.8737683408155819,,0.09115358726392234,0.09115358726392234,,-0.3676373552758154,0.0,development
1,2020-12-01,random_forest,mean_decrease_impurity,npl90_rolling_mean_12m,2.242455697351493,,0.12225783946120605,0.12225783946120605,,-0.3676373552758154,0.0,development
1,2020-12-01,random_forest,mean_decrease_impurity,imacec_yoy_pct,0.38895820363236133,,0.02421908732086824,0.02421908732086824,,-0.3676373552758154,0.0,development
1,2020-12-01,random_forest,mean_decrease_impurity,ipc_yoy,2.972870899,,0.0050510754492879735,0.0050510754492879735,,-0.3676373552758154,0.0,development
1,2020-12-01,random_forest,mean_decrease_impurity,unemployment_rate,10.758022977255,,0.06654786667661144,0.06654786667661144,,-0.3676373552758154,0.0,development
1,2020-12-01,random_forest,mean_decrease_impurity,tpm_monthly_average,0.5,,0.06241737684370713,0.06241737684370713,,-0.3676373552758154,0.0,development
1,2020-12-01,random_forest,mean_decrease_impurity,tpm_change_3m_pp,0.0,,0.025239126800959,0.025239126800959,,-0.3676373552758154,0.0,development
1,2020-12-01,random_forest,mean_decrease_impurity,usdclp_yoy_pct,-4.6284968467290355,,0.008019186609762396,0.008019186609762396,,-0.3676373552758154,0.0,development
1,2020-12-01,random_forest,mean_decrease_impurity,consumer_lending_rate,19.41,,0.04799835952948375,0.04799835952948375,,-0.3676373552758154,0.0,development
1,2020-12-01,random_forest,mean_decrease_impurity,consumer_lending_rate_change_3m_pp,0.5199999999999996,,0.011968481708410788,0.011968481708410788,,-0.3676373552758154,0.0,development
1,2020-12-01,random_forest,mean_decrease_impurity,real_consumer_loans_yoy_pct,-16.603437962805266,,0.10675697850224741,0.10675697850224741,,-0.3676373552758154,0.0,development
1,2020-12-01,random_forest,mean_decrease_impurity,real_m1_yoy_pct,49.45820104512995,,0.09047584336274085,0.09047584336274085,,-0.3676373552758154,0.0,development
1,2020-12-01,random_forest,mean_decrease_impurity,month_sin,-0.5000000000000004,,0.022695321029011336,0.022695321029011336,,-0.3676373552758154,0.0,development
1,2020-12-01,random_forest,mean_decrease_impurity,month_cos,0.8660254037844384,,0.005603054016587122,0.005603054016587122,,-0.3676373552758154,0.0,development
1,2020-12-01,xgboost,tree_shap,npl90_level_t,1.4302200300584,0.05254342406988144,0.05254342406988144,,-0.016462793573737144,-0.0695967748761177,2.8769136406481266e-08,development
1,2020-12-01,xgboost,tree_shap,npl90_lag_1m,1.47457505094144,0.005515675060451031,0.005515675060451031,,-0.016462793573737144,-0.0695967748761177,2.8769136406481266e-08,development
1,2020-12-01,xgboost,tree_shap,npl90_lag_3m,1.86993518073533,0.010625394061207771,0.010625394061207771,,-0.016462793573737144,-0.0695967748761177,2.8769136406481266e-08,development
1,2020-12-01,xgboost,tree_shap,npl90_lag_6m,2.82762935504168,-0.22007477283477783,0.22007477283477783,,-0.016462793573737144,-0.0695967748761177,2.8769136406481266e-08,development
1,2020-12-01,xgboost,tree_shap,npl90_lag_12m,2.50818393414233,-0.03516366705298424,0.03516366705298424,,-0.016462793573737144,-0.0695967748761177,2.8769136406481266e-08,development
1,2020-12-01,xgboost,tree_shap,npl90_change_1m_pp,-0.044355020883039886,0.006534121464937925,0.006534121464937925,,-0.016462793573737144,-0.0695967748761177,2.8769136406481266e-08,development
1,2020-12-01,xgboost,tree_shap,npl90_change_3m_pp,-0.4397151506769299,0.0023758544120937586,0.0023758544120937586,,-0.016462793573737144,-0.0695967748761177,2.8769136406481266e-08,development
1,2020-12-01,xgboost,tree_shap,npl90_change_12m_pp,-1.07796390408393,0.0005763200460933149,0.0005763200460933149,,-0.016462793573737144,-0.0695967748761177,2.8769136406481266e-08,development
1,2020-12-01,xgboost,tree_shap,npl90_rolling_mean_3m,1.4863069004261764,-0.00015433091903105378,0.00015433091903105378,,-0.016462793573737144,-0.0695967748761177,2.8769136406481266e-08,development
1,2020-12-01,xgboost,tree_shap,npl90_rolling_mean_6m,1.8737683408155819,0.002244026865810156,0.002244026865810156,,-0.016462793573737144,-0.0695967748761177,2.8769136406481266e-08,development
1,2020-12-01,xgboost,tree_shap,npl90_rolling_mean_12m,2.242455697351493,0.0012770954053848982,0.0012770954053848982,,-0.016462793573737144,-0.0695967748761177,2.8769136406481266e-08,development
1,2020-12-01,xgboost,tree_shap,imacec_yoy_pct,0.38895820363236133,0.003332250751554966,0.003332250751554966,,-0.016462793573737144,-0.0695967748761177,2.8769136406481266e-08,development
1,2020-12-01,xgboost,tree_shap,ipc_yoy,2.972870899,0.0012431254144757986,0.0012431254144757986,,-0.016462793573737144,-0.0695967748761177,2.8769136406481266e-08,development
1,2020-12-01,xgboost,tree_shap,unemployment_rate,10.758022977255,0.01821140944957733,0.01821140944957733,,-0.016462793573737144,-0.0695967748761177,2.8769136406481266e-08,development
1,2020-12-01,xgboost,tree_shap,tpm_monthly_average,0.5,0.0,0.0,,-0.016462793573737144,-0.0695967748761177,2.8769136406481266e-08,development
1,2020-12-01,xgboost,tree_shap,tpm_change_3m_pp,0.0,0.0016634539933875203,0.0016634539933875203,,-0.016462793573737144,-0.0695967748761177,2.8769136406481266e-08,development
1,2020-12-01,xgboost,tree_shap,usdclp_yoy_pct,-4.6284968467290355,0.001057464280165732,0.001057464280165732,,-0.016462793573737144,-0.0695967748761177,2.8769136406481266e-08,development
1,2020-12-01,xgboost,tree_shap,consumer_lending_rate,19.41,0.0726158618927002,0.0726158618927002,,-0.016462793573737144,-0.0695967748761177,2.8769136406481266e-08,development
1,2020-12-01,xgboost,tree_shap,consumer_lending_rate_change_3m_pp,0.5199999999999996,-6.388944166246802e-05,6.388944166246802e-05,,-0.016462793573737144,-0.0695967748761177,2.8769136406481266e-08,development
1,2020-12-01,xgboost,tree_shap,real_consumer_loans_yoy_pct,-16.603437962805266,-0.009870098903775215,0.009870098903775215,,-0.016462793573737144,-0.0695967748761177,2.8769136406481266e-08,development
1,2020-12-01,xgboost,tree_shap,real_m1_yoy_pct,49.45820104512995,0.003699050284922123,0.003699050284922123,,-0.016462793573737144,-0.0695967748761177,2.8769136406481266e-08,development
1,2020-12-01,xgboost,tree_shap,month_sin,-0.5000000000000004,0.030958592891693115,0.030958592891693115,,-0.016462793573737144,-0.0695967748761177,2.8769136406481266e-08,development
1,2020-12-01,xgboost,tree_shap,month_cos,0.8660254037844384,-0.0022803712636232376,0.0022803712636232376,,-0.016462793573737144,-0.0695967748761177,2.8769136406481266e-08,development
1,2021-01-01,elastic_net,standardized_linear_contribution,npl90_level_t,1.40921610827289,0.0,0.0,-0.0,-0.03719266766779138,-0.2762567194291075,0.0,development
1,2021-01-01,elastic_net,standardized_linear_contribution,npl90_lag_1m,1.4302200300584,0.0,0.0,-0.0,-0.03719266766779138,-0.2762567194291075,0.0,development
1,2021-01-01,elastic_net,standardized_linear_contribution,npl90_lag_3m,1.55412562027869,0.0,0.0,-0.0,-0.03719266766779138,-0.2762567194291075,0.0,development
1,2021-01-01,elastic_net,standardized_linear_contribution,npl90_lag_6m,2.67630487419941,0.0,0.0,0.0,-0.03719266766779138,-0.2762567194291075,0.0,development
1,2021-01-01,elastic_net,standardized_linear_contribution,npl90_lag_12m,2.44811893935437,0.0,0.0,0.0,-0.03719266766779138,-0.2762567194291075,0.0,development
1,2021-01-01,elastic_net,standardized_linear_contribution,npl90_change_1m_pp,-0.021003921785510027,-0.0,0.0,0.0,-0.03719266766779138,-0.2762567194291075,0.0,development
1,2021-01-01,elastic_net,standardized_linear_contribution,npl90_change_3m_pp,-0.14490951200579993,-0.0,0.0,0.0,-0.03719266766779138,-0.2762567194291075,0.0,development
1,2021-01-01,elastic_net,standardized_linear_contribution,npl90_change_12m_pp,-1.0389028310814798,-0.0,0.0,0.0,-0.03719266766779138,-0.2762567194291075,0.0,development
1,2021-01-01,elastic_net,standardized_linear_contribution,npl90_rolling_mean_3m,1.4380037297575765,0.0,0.0,-0.0,-0.03719266766779138,-0.2762567194291075,0.0,development
1,2021-01-01,elastic_net,standardized_linear_contribution,npl90_rolling_mean_6m,1.6625868798278283,0.0,0.0,-0.0,-0.03719266766779138,-0.2762567194291075,0.0,development
1,2021-01-01,elastic_net,standardized_linear_contribution,npl90_rolling_mean_12m,2.1558804614280365,-0.0,0.0,-0.0,-0.03719266766779138,-0.2762567194291075,0.0,development
1,2021-01-01,elastic_net,standardized_linear_contribution,imacec_yoy_pct,0.19914609809479344,-0.0,0.0,0.0,-0.03719266766779138,-0.2762567194291075,0.0,development
1,2021-01-01,elastic_net,standardized_linear_contribution,ipc_yoy,3.112206333,0.0,0.0,0.0,-0.03719266766779138,-0.2762567194291075,0.0,development
1,2021-01-01,elastic_net,standardized_linear_contribution,unemployment_rate,10.286318749044,-0.0,0.0,-0.0,-0.03719266766779138,-0.2762567194291075,0.0,development
1,2021-01-01,elastic_net,standardized_linear_contribution,tpm_monthly_average,0.5,-0.0,0.0,0.0,-0.03719266766779138,-0.2762567194291075,0.0,development
1,2021-01-01,elastic_net,standardized_linear_contribution,tpm_change_3m_pp,0.0,0.0,0.0,0.0,-0.03719266766779138,-0.2762567194291075,0.0,development
1,2021-01-01,elastic_net,standardized_linear_contribution,usdclp_yoy_pct,-6.353701116291344,-0.0,0.0,0.0,-0.03719266766779138,-0.2762567194291075,0.0,development
1,2021-01-01,elastic_net,standardized_linear_contribution,consumer_lending_rate,19.32,-0.0,0.0,0.0,-0.03719266766779138,-0.2762567194291075,0.0,development
1,2021-01-01,elastic_net,standardized_linear_contribution,consumer_lending_rate_change_3m_pp,-0.05000000000000071,0.0,0.0,0.0,-0.03719266766779138,-0.2762567194291075,0.0,development
1,2021-01-01,elastic_net,standardized_linear_contribution,real_consumer_loans_yoy_pct,-17.031725787017706,-0.23906405176131612,0.23906405176131612,0.03822674575251977,-0.03719266766779138,-0.2762567194291075,0.0,development
1,2021-01-01,elastic_net,standardized_linear_contribution,real_m1_yoy_pct,58.70281186148163,-0.0,0.0,-0.0,-0.03719266766779138,-0.2762567194291075,0.0,development
1,2021-01-01,elastic_net,standardized_linear_contribution,month_sin,0.0,-0.0,0.0,0.0,-0.03719266766779138,-0.2762567194291075,0.0,development
1,2021-01-01,elastic_net,standardized_linear_contribution,month_cos,1.0,0.0,0.0,0.0,-0.03719266766779138,-0.2762567194291075,0.0,development
1,2021-01-01,random_forest,mean_decrease_impurity,npl90_level_t,1.40921610827289,,0.07412152002389641,0.07412152002389641,,-0.516787685289724,0.0,development
1,2021-01-01,random_forest,mean_decrease_impurity,npl90_lag_1m,1.4302200300584,,0.04183371322784007,0.04183371322784007,,-0.516787685289724,0.0,development
1,2021-01-01,random_forest,mean_decrease_impurity,npl90_lag_3m,1.55412562027869,,0.017609102699184028,0.017609102699184028,,-0.516787685289724,0.0,development
1,2021-01-01,random_forest,mean_decrease_impurity,npl90_lag_6m,2.67630487419941,,0.08380585355331982,0.08380585355331982,,-0.516787685289724,0.0,development
1,2021-01-01,random_forest,mean_decrease_impurity,npl90_lag_12m,2.44811893935437,,0.008573451921696984,0.008573451921696984,,-0.516787685289724,0.0,development
1,2021-01-01,random_forest,mean_decrease_impurity,npl90_change_1m_pp,-0.021003921785510027,,0.001761690448047838,0.001761690448047838,,-0.516787685289724,0.0,development
1,2021-01-01,random_forest,mean_decrease_impurity,npl90_change_3m_pp,-0.14490951200579993,,0.0036669960694750885,0.0036669960694750885,,-0.516787685289724,0.0,development
1,2021-01-01,random_forest,mean_decrease_impurity,npl90_change_12m_pp,-1.0389028310814798,,0.017744878761271704,0.017744878761271704,,-0.516787685289724,0.0,development
1,2021-01-01,random_forest,mean_decrease_impurity,npl90_rolling_mean_3m,1.4380037297575765,,0.04628837284738362,0.04628837284738362,,-0.516787685289724,0.0,development
1,2021-01-01,random_forest,mean_decrease_impurity,npl90_rolling_mean_6m,1.6625868798278283,,0.10953520681710925,0.10953520681710925,,-0.516787685289724,0.0,development
1,2021-01-01,random_forest,mean_decrease_impurity,npl90_rolling_mean_12m,2.1558804614280365,,0.10582828777894714,0.10582828777894714,,-0.516787685289724,0.0,development
1,2021-01-01,random_forest,mean_decrease_impurity,imacec_yoy_pct,0.19914609809479344,,0.021111277465704757,0.021111277465704757,,-0.516787685289724,0.0,development
1,2021-01-01,random_forest,mean_decrease_impurity,ipc_yoy,3.112206333,,0.004851975174375994,0.004851975174375994,,-0.516787685289724,0.0,development
1,2021-01-01,random_forest,mean_decrease_impurity,unemployment_rate,10.286318749044,,0.06253276057148546,0.06253276057148546,,-0.516787685289724,0.0,development
1,2021-01-01,random_forest,mean_decrease_impurity,tpm_monthly_average,0.5,,0.10133341955134428,0.10133341955134428,,-0.516787685289724,0.0,development
1,2021-01-01,random_forest,mean_decrease_impurity,tpm_change_3m_pp,0.0,,0.015273875475298624,0.015273875475298624,,-0.516787685289724,0.0,development
1,2021-01-01,random_forest,mean_decrease_impurity,usdclp_yoy_pct,-6.353701116291344,,0.003159887803075909,0.003159887803075909,,-0.516787685289724,0.0,development
1,2021-01-01,random_forest,mean_decrease_impurity,consumer_lending_rate,19.32,,0.027242046581506897,0.027242046581506897,,-0.516787685289724,0.0,development
1,2021-01-01,random_forest,mean_decrease_impurity,consumer_lending_rate_change_3m_pp,-0.05000000000000071,,0.0022133987398121873,0.0022133987398121873,,-0.516787685289724,0.0,development
1,2021-01-01,random_forest,mean_decrease_impurity,real_consumer_loans_yoy_pct,-17.031725787017706,,0.14794481556673175,0.14794481556673175,,-0.516787685289724,0.0,development
1,2021-01-01,random_forest,mean_decrease_impurity,real_m1_yoy_pct,58.70281186148163,,0.08861269171998513,0.08861269171998513,,-0.516787685289724,0.0,development
1,2021-01-01,random_forest,mean_decrease_impurity,month_sin,0.0,,0.011492861556524346,0.011492861556524346,,-0.516787685289724,0.0,development
1,2021-01-01,random_forest,mean_decrease_impurity,month_cos,1.0,,0.003461915645982817,0.003461915645982817,,-0.516787685289724,0.0,development
1,2021-01-01,xgboost,tree_shap,npl90_level_t,1.40921610827289,0.05819597840309143,0.05819597840309143,,-0.03688207268714905,-0.06521053612232208,7.09405867382884e-08,development
1,2021-01-01,xgboost,tree_shap,npl90_lag_1m,1.4302200300584,0.007892324589192867,0.007892324589192867,,-0.03688207268714905,-0.06521053612232208,7.09405867382884e-08,development
1,2021-01-01,xgboost,tree_shap,npl90_lag_3m,1.55412562027869,0.016196997836232185,0.016196997836232185,,-0.03688207268714905,-0.06521053612232208,7.09405867382884e-08,development
1,2021-01-01,xgboost,tree_shap,npl90_lag_6m,2.67630487419941,-0.1955190896987915,0.1955190896987915,,-0.03688207268714905,-0.06521053612232208,7.09405867382884e-08,development
1,2021-01-01,xgboost,tree_shap,npl90_lag_12m,2.44811893935437,-0.0344780869781971,0.0344780869781971,,-0.03688207268714905,-0.06521053612232208,7.09405867382884e-08,development
1,2021-01-01,xgboost,tree_shap,npl90_change_1m_pp,-0.021003921785510027,0.005424018017947674,0.005424018017947674,,-0.03688207268714905,-0.06521053612232208,7.09405867382884e-08,development
1,2021-01-01,xgboost,tree_shap,npl90_change_3m_pp,-0.14490951200579993,0.00285427481867373,0.00285427481867373,,-0.03688207268714905,-0.06521053612232208,7.09405867382884e-08,development
1,2021-01-01,xgboost,tree_shap,npl90_change_12m_pp,-1.0389028310814798,0.0023769696708768606,0.0023769696708768606,,-0.03688207268714905,-0.06521053612232208,7.09405867382884e-08,development
1,2021-01-01,xgboost,tree_shap,npl90_rolling_mean_3m,1.4380037297575765,0.00019723335572052747,0.00019723335572052747,,-0.03688207268714905,-0.06521053612232208,7.09405867382884e-08,development
1,2021-01-01,xgboost,tree_shap,npl90_rolling_mean_6m,1.6625868798278283,0.0027353959158062935,0.0027353959158062935,,-0.03688207268714905,-0.06521053612232208,7.09405867382884e-08,development
1,2021-01-01,xgboost,tree_shap,npl90_rolling_mean_12m,2.1558804614280365,0.003452590899541974,0.003452590899541974,,-0.03688207268714905,-0.06521053612232208,7.09405867382884e-08,development
1,2021-01-01,xgboost,tree_shap,imacec_yoy_pct,0.19914609809479344,0.0005300025222823024,0.0005300025222823024,,-0.03688207268714905,-0.06521053612232208,7.09405867382884e-08,development
1,2021-01-01,xgboost,tree_shap,ipc_yoy,3.112206333,0.0004922776133753359,0.0004922776133753359,,-0.03688207268714905,-0.06521053612232208,7.09405867382884e-08,development
1,2021-01-01,xgboost,tree_shap,unemployment_rate,10.286318749044,0.015112597495317459,0.015112597495317459,,-0.03688207268714905,-0.06521053612232208,7.09405867382884e-08,development
1,2021-01-01,xgboost,tree_shap,tpm_monthly_average,0.5,0.0,0.0,,-0.03688207268714905,-0.06521053612232208,7.09405867382884e-08,development
1,2021-01-01,xgboost,tree_shap,tpm_change_3m_pp,0.0,0.0009898730786517262,0.0009898730786517262,,-0.03688207268714905,-0.06521053612232208,7.09405867382884e-08,development
1,2021-01-01,xgboost,tree_shap,usdclp_yoy_pct,-6.353701116291344,0.000920769467484206,0.000920769467484206,,-0.03688207268714905,-0.06521053612232208,7.09405867382884e-08,development
1,2021-01-01,xgboost,tree_shap,consumer_lending_rate,19.32,0.07543320208787918,0.07543320208787918,,-0.03688207268714905,-0.06521053612232208,7.09405867382884e-08,development
1,2021-01-01,xgboost,tree_shap,consumer_lending_rate_change_3m_pp,-0.05000000000000071,0.00042678334284573793,0.00042678334284573793,,-0.03688207268714905,-0.06521053612232208,7.09405867382884e-08,development
1,2021-01-01,xgboost,tree_shap,real_consumer_loans_yoy_pct,-17.031725787017706,-0.007794012315571308,0.007794012315571308,,-0.03688207268714905,-0.06521053612232208,7.09405867382884e-08,development
1,2021-01-01,xgboost,tree_shap,real_m1_yoy_pct,58.70281186148163,0.003578699193894863,0.003578699193894863,,-0.03688207268714905,-0.06521053612232208,7.09405867382884e-08,development
1,2021-01-01,xgboost,tree_shap,month_sin,0.0,0.016954831779003143,0.016954831779003143,,-0.03688207268714905,-0.06521053612232208,7.09405867382884e-08,development
1,2021-01-01,xgboost,tree_shap,month_cos,1.0,-0.004302165471017361,0.004302165471017361,,-0.03688207268714905,-0.06521053612232208,7.09405867382884e-08,development
1,2021-02-01,elastic_net,standardized_linear_contribution,npl90_level_t,1.40022000331955,0.0,0.0,-0.0,-0.049314434602531966,-0.28119829693516873,0.0,development
1,2021-02-01,elastic_net,standardized_linear_contribution,npl90_lag_1m,1.40921610827289,0.0,0.0,-0.0,-0.049314434602531966,-0.28119829693516873,0.0,development
1,2021-02-01,elastic_net,standardized_linear_contribution,npl90_lag_3m,1.47457505094144,0.0,0.0,-0.0,-0.049314434602531966,-0.28119829693516873,0.0,development
1,2021-02-01,elastic_net,standardized_linear_contribution,npl90_lag_6m,2.23744928868022,-0.0,0.0,-0.0,-0.049314434602531966,-0.28119829693516873,0.0,development
1,2021-02-01,elastic_net,standardized_linear_contribution,npl90_lag_12m,2.45738300404455,0.0,0.0,0.0,-0.049314434602531966,-0.28119829693516873,0.0,development
1,2021-02-01,elastic_net,standardized_linear_contribution,npl90_change_1m_pp,-0.008996104953340023,-0.0,0.0,0.0,-0.049314434602531966,-0.28119829693516873,0.0,development
1,2021-02-01,elastic_net,standardized_linear_contribution,npl90_change_3m_pp,-0.07435504762188994,-0.0,0.0,0.0,-0.049314434602531966,-0.28119829693516873,0.0,development
1,2021-02-01,elastic_net,standardized_linear_contribution,npl90_change_12m_pp,-1.0571630007250001,-0.0,0.0,0.0,-0.049314434602531966,-0.28119829693516873,0.0,development
1,2021-02-01,elastic_net,standardized_linear_contribution,npl90_rolling_mean_3m,1.4132187138836134,0.0,0.0,-0.0,-0.049314434602531966,-0.28119829693516873,0.0,development
1,2021-02-01,elastic_net,standardized_linear_contribution,npl90_rolling_mean_6m,1.52304866560105,0.0,0.0,-0.0,-0.049314434602531966,-0.28119829693516873,0.0,development
1,2021-02-01,elastic_net,standardized_linear_contribution,npl90_rolling_mean_12m,2.0677835447009536,0.0,0.0,-0.0,-0.049314434602531966,-0.28119829693516873,0.0,development
1,2021-02-01,elastic_net,standardized_linear_contribution,imacec_yoy_pct,-1.3485728204294278,-0.0,0.0,0.0,-0.049314434602531966,-0.28119829693516873,0.0,development
1,2021-02-01,elastic_net,standardized_linear_contribution,ipc_yoy,2.842162039,-0.0,0.0,0.0,-0.049314434602531966,-0.28119829693516873,0.0,development
1,2021-02-01,elastic_net,standardized_linear_contribution,unemployment_rate,10.227160890761,-0.0,0.0,-0.0,-0.049314434602531966,-0.28119829693516873,0.0,development
1,2021-02-01,elastic_net,standardized_linear_contribution,tpm_monthly_average,0.5,-0.0,0.0,0.0,-0.049314434602531966,-0.28119829693516873,0.0,development
1,2021-02-01,elastic_net,standardized_linear_contribution,tpm_change_3m_pp,0.0,0.0,0.0,0.0,-0.049314434602531966,-0.28119829693516873,0.0,development
1,2021-02-01,elastic_net,standardized_linear_contribution,usdclp_yoy_pct,-9.261093950124321,-0.0,0.0,0.0,-0.049314434602531966,-0.28119829693516873,0.0,development
1,2021-02-01,elastic_net,standardized_linear_contribution,consumer_lending_rate,20.04,-0.0,0.0,0.0,-0.049314434602531966,-0.28119829693516873,0.0,development
1,2021-02-01,elastic_net,standardized_linear_contribution,consumer_lending_rate_change_3m_pp,1.0199999999999996,0.0,0.0,0.0,-0.049314434602531966,-0.28119829693516873,0.0,development
1,2021-02-01,elastic_net,standardized_linear_contribution,real_consumer_loans_yoy_pct,-17.84767155162369,-0.23188386233263675,0.23188386233263675,0.04211521328220655,-0.049314434602531966,-0.28119829693516873,0.0,development
1,2021-02-01,elastic_net,standardized_linear_contribution,real_m1_yoy_pct,57.04051629413731,-0.0,0.0,-0.0,-0.049314434602531966,-0.28119829693516873,0.0,development
1,2021-02-01,elastic_net,standardized_linear_contribution,month_sin,0.49999999999999994,0.0,0.0,0.0,-0.049314434602531966,-0.28119829693516873,0.0,development
1,2021-02-01,elastic_net,standardized_linear_contribution,month_cos,0.8660254037844387,0.0,0.0,0.0,-0.049314434602531966,-0.28119829693516873,0.0,development
1,2021-02-01,random_forest,mean_decrease_impurity,npl90_level_t,1.40022000331955,,0.04999307208624369,0.04999307208624369,,-0.4213263424994086,0.0,development
1,2021-02-01,random_forest,mean_decrease_impurity,npl90_lag_1m,1.40921610827289,,0.024950482780774257,0.024950482780774257,,-0.4213263424994086,0.0,development
1,2021-02-01,random_forest,mean_decrease_impurity,npl90_lag_3m,1.47457505094144,,0.018873514000050735,0.018873514000050735,,-0.4213263424994086,0.0,development
1,2021-02-01,random_forest,mean_decrease_impurity,npl90_lag_6m,2.23744928868022,,0.07298359026829816,0.07298359026829816,,-0.4213263424994086,0.0,development
1,2021-02-01,random_forest,mean_decrease_impurity,npl90_lag_12m,2.45738300404455,,0.01415493329650028,0.01415493329650028,,-0.4213263424994086,0.0,development
1,2021-02-01,random_forest,mean_decrease_impurity,npl90_change_1m_pp,-0.008996104953340023,,0.00205216093317328,0.00205216093317328,,-0.4213263424994086,0.0,development
1,2021-02-01,random_forest,mean_decrease_impurity,npl90_change_3m_pp,-0.07435504762188994,,0.00613772595690756,0.00613772595690756,,-0.4213263424994086,0.0,development
1,2021-02-01,random_forest,mean_decrease_impurity,npl90_change_12m_pp,-1.0571630007250001,,0.0071986129543103435,0.0071986129543103435,,-0.4213263424994086,0.0,development
1,2021-02-01,random_forest,mean_decrease_impurity,npl90_rolling_mean_3m,1.4132187138836134,,0.05027794152369255,0.05027794152369255,,-0.4213263424994086,0.0,development
1,2021-02-01,random_forest,mean_decrease_impurity,npl90_rolling_mean_6m,1.52304866560105,,0.1170433991033184,0.1170433991033184,,-0.4213263424994086,0.0,development
1,2021-02-01,random_forest,mean_decrease_impurity,npl90_rolling_mean_12m,2.0677835447009536,,0.14193390923542618,0.14193390923542618,,-0.4213263424994086,0.0,development
1,2021-02-01,random_forest,mean_decrease_impurity,imacec_yoy_pct,-1.3485728204294278,,0.02067186446510475,0.02067186446510475,,-0.4213263424994086,0.0,development
1,2021-02-01,random_forest,mean_decrease_impurity,ipc_yoy,2.842162039,,0.0031023510750613813,0.0031023510750613813,,-0.4213263424994086,0.0,development
1,2021-02-01,random_forest,mean_decrease_impurity,unemployment_rate,10.227160890761,,0.07596689739383779,0.07596689739383779,,-0.4213263424994086,0.0,development
1,2021-02-01,random_forest,mean_decrease_impurity,tpm_monthly_average,0.5,,0.10614278359385525,0.10614278359385525,,-0.4213263424994086,0.0,development
1,2021-02-01,random_forest,mean_decrease_impurity,tpm_change_3m_pp,0.0,,0.01025006252589051,0.01025006252589051,,-0.4213263424994086,0.0,development
1,2021-02-01,random_forest,mean_decrease_impurity,usdclp_yoy_pct,-9.261093950124321,,0.002507121700998454,0.002507121700998454,,-0.4213263424994086,0.0,development
1,2021-02-01,random_forest,mean_decrease_impurity,consumer_lending_rate,20.04,,0.026814986523722655,0.026814986523722655,,-0.4213263424994086,0.0,development
1,2021-02-01,random_forest,mean_decrease_impurity,consumer_lending_rate_change_3m_pp,1.0199999999999996,,0.002843868350844595,0.002843868350844595,,-0.4213263424994086,0.0,development
1,2021-02-01,random_forest,mean_decrease_impurity,real_consumer_loans_yoy_pct,-17.84767155162369,,0.1448491526523769,0.1448491526523769,,-0.4213263424994086,0.0,development
1,2021-02-01,random_forest,mean_decrease_impurity,real_m1_yoy_pct,57.04051629413731,,0.08826371482774277,0.08826371482774277,,-0.4213263424994086,0.0,development
1,2021-02-01,random_forest,mean_decrease_impurity,month_sin,0.49999999999999994,,0.01014728211446154,0.01014728211446154,,-0.4213263424994086,0.0,development
1,2021-02-01,random_forest,mean_decrease_impurity,month_cos,0.8660254037844387,,0.002840572637408085,0.002840572637408085,,-0.4213263424994086,0.0,development
1,2021-02-01,xgboost,tree_shap,npl90_level_t,1.40022000331955,0.042373672127723694,0.042373672127723694,,-0.05001835152506828,0.10299497097730637,2.2992026060819626e-08,development
1,2021-02-01,xgboost,tree_shap,npl90_lag_1m,1.40921610827289,0.016064351424574852,0.016064351424574852,,-0.05001835152506828,0.10299497097730637,2.2992026060819626e-08,development
1,2021-02-01,xgboost,tree_shap,npl90_lag_3m,1.47457505094144,0.019280511885881424,0.019280511885881424,,-0.05001835152506828,0.10299497097730637,2.2992026060819626e-08,development
1,2021-02-01,xgboost,tree_shap,npl90_lag_6m,2.23744928868022,0.01978469267487526,0.01978469267487526,,-0.05001835152506828,0.10299497097730637,2.2992026060819626e-08,development
1,2021-02-01,xgboost,tree_shap,npl90_lag_12m,2.45738300404455,-0.02722887508571148,0.02722887508571148,,-0.05001835152506828,0.10299497097730637,2.2992026060819626e-08,development
1,2021-02-01,xgboost,tree_shap,npl90_change_1m_pp,-0.008996104953340023,0.004308691248297691,0.004308691248297691,,-0.05001835152506828,0.10299497097730637,2.2992026060819626e-08,development
1,2021-02-01,xgboost,tree_shap,npl90_change_3m_pp,-0.07435504762188994,0.0012624600203707814,0.0012624600203707814,,-0.05001835152506828,0.10299497097730637,2.2992026060819626e-08,development
1,2021-02-01,xgboost,tree_shap,npl90_change_12m_pp,-1.0571630007250001,0.003919557202607393,0.003919557202607393,,-0.05001835152506828,0.10299497097730637,2.2992026060819626e-08,development
1,2021-02-01,xgboost,tree_shap,npl90_rolling_mean_3m,1.4132187138836134,0.005317160859704018,0.005317160859704018,,-0.05001835152506828,0.10299497097730637,2.2992026060819626e-08,development
1,2021-02-01,xgboost,tree_shap,npl90_rolling_mean_6m,1.52304866560105,0.007330239284783602,0.007330239284783602,,-0.05001835152506828,0.10299497097730637,2.2992026060819626e-08,development
1,2021-02-01,xgboost,tree_shap,npl90_rolling_mean_12m,2.0677835447009536,0.003105730516836047,0.003105730516836047,,-0.05001835152506828,0.10299497097730637,2.2992026060819626e-08,development
1,2021-02-01,xgboost,tree_shap,imacec_yoy_pct,-1.3485728204294278,0.0,0.0,,-0.05001835152506828,0.10299497097730637,2.2992026060819626e-08,development
1,2021-02-01,xgboost,tree_shap,ipc_yoy,2.842162039,0.0007439795299433172,0.0007439795299433172,,-0.05001835152506828,0.10299497097730637,2.2992026060819626e-08,development
1,2021-02-01,xgboost,tree_shap,unemployment_rate,10.227160890761,0.017689373344182968,0.017689373344182968,,-0.05001835152506828,0.10299497097730637,2.2992026060819626e-08,development
1,2021-02-01,xgboost,tree_shap,tpm_monthly_average,0.5,0.0,0.0,,-0.05001835152506828,0.10299497097730637,2.2992026060819626e-08,development
1,2021-02-01,xgboost,tree_shap,tpm_change_3m_pp,0.0,0.001171271549537778,0.001171271549537778,,-0.05001835152506828,0.10299497097730637,2.2992026060819626e-08,development
1,2021-02-01,xgboost,tree_shap,usdclp_yoy_pct,-9.261093950124321,0.002028072951361537,0.002028072951361537,,-0.05001835152506828,0.10299497097730637,2.2992026060819626e-08,development
1,2021-02-01,xgboost,tree_shap,consumer_lending_rate,20.04,0.0749082863330841,0.0749082863330841,,-0.05001835152506828,0.10299497097730637,2.2992026060819626e-08,development
1,2021-02-01,xgboost,tree_shap,consumer_lending_rate_change_3m_pp,1.0199999999999996,0.00045488320756703615,0.00045488320756703615,,-0.05001835152506828,0.10299497097730637,2.2992026060819626e-08,development
1,2021-02-01,xgboost,tree_shap,real_consumer_loans_yoy_pct,-17.84767155162369,-0.009280506521463394,0.009280506521463394,,-0.05001835152506828,0.10299497097730637,2.2992026060819626e-08,development
1,2021-02-01,xgboost,tree_shap,real_m1_yoy_pct,57.04051629413731,0.003846028819680214,0.003846028819680214,,-0.05001835152506828,0.10299497097730637,2.2992026060819626e-08,development
1,2021-02-01,xgboost,tree_shap,month_sin,0.49999999999999994,-0.030771031975746155,0.030771031975746155,,-0.05001835152506828,0.10299497097730637,2.2992026060819626e-08,development
1,2021-02-01,xgboost,tree_shap,month_cos,0.8660254037844387,-0.0032952039036899805,0.0032952039036899805,,-0.05001835152506828,0.10299497097730637,2.2992026060819626e-08,development
2,2021-03-01,elastic_net,standardized_linear_contribution,npl90_level_t,1.35624325174208,0.2025439133313679,0.2025439133313679,-0.05151033209461292,-0.056245441981498036,-0.4655528921324386,0.0,development
2,2021-03-01,elastic_net,standardized_linear_contribution,npl90_lag_1m,1.40022000331955,0.0,0.0,-0.0,-0.056245441981498036,-0.4655528921324386,0.0,development
2,2021-03-01,elastic_net,standardized_linear_contribution,npl90_lag_3m,1.4302200300584,0.0,0.0,-0.0,-0.056245441981498036,-0.4655528921324386,0.0,development
2,2021-03-01,elastic_net,standardized_linear_contribution,npl90_lag_6m,1.86993518073533,0.0,0.0,-0.0,-0.056245441981498036,-0.4655528921324386,0.0,development
2,2021-03-01,elastic_net,standardized_linear_contribution,npl90_lag_12m,2.50407561213288,-0.0,0.0,-0.0,-0.056245441981498036,-0.4655528921324386,0.0,development
2,2021-03-01,elastic_net,standardized_linear_contribution,npl90_change_1m_pp,-0.04397675157747005,0.0,0.0,-0.0,-0.056245441981498036,-0.4655528921324386,0.0,development
2,2021-03-01,elastic_net,standardized_linear_contribution,npl90_change_3m_pp,-0.0739767783163201,0.0,0.0,-0.0,-0.056245441981498036,-0.4655528921324386,0.0,development
2,2021-03-01,elastic_net,standardized_linear_contribution,npl90_change_12m_pp,-1.1478323603908003,0.0,0.0,-0.0,-0.056245441981498036,-0.4655528921324386,0.0,development
2,2021-03-01,elastic_net,standardized_linear_contribution,npl90_rolling_mean_3m,1.3885597877781732,0.0,0.0,-0.0,-0.056245441981498036,-0.4655528921324386,0.0,development
2,2021-03-01,elastic_net,standardized_linear_contribution,npl90_rolling_mean_6m,1.437433344102175,0.0,0.0,-0.0,-0.056245441981498036,-0.4655528921324386,0.0,development
2,2021-03-01,elastic_net,standardized_linear_contribution,npl90_rolling_mean_12m,1.9721308480017201,0.0,0.0,-0.0,-0.056245441981498036,-0.4655528921324386,0.0,development
2,2021-03-01,elastic_net,standardized_linear_contribution,imacec_yoy_pct,1.2099380112681635,0.004962215609969834,0.004962215609969834,0.044340567934447926,-0.056245441981498036,-0.4655528921324386,0.0,development
2,2021-03-01,elastic_net,standardized_linear_contribution,ipc_yoy,2.888043137,0.0,0.0,-0.0,-0.056245441981498036,-0.4655528921324386,0.0,development
2,2021-03-01,elastic_net,standardized_linear_contribution,unemployment_rate,10.304521336183,-0.0,0.0,-0.0,-0.056245441981498036,-0.4655528921324386,0.0,development
2,2021-03-01,elastic_net,standardized_linear_contribution,tpm_monthly_average,0.5,-0.0,0.0,0.0,-0.056245441981498036,-0.4655528921324386,0.0,development
2,2021-03-01,elastic_net,standardized_linear_contribution,tpm_change_3m_pp,0.0,0.0,0.0,0.0,-0.056245441981498036,-0.4655528921324386,0.0,development
2,2021-03-01,elastic_net,standardized_linear_contribution,usdclp_yoy_pct,-13.463506345933196,0.0,0.0,-0.0,-0.056245441981498036,-0.4655528921324386,0.0,development
2,2021-03-01,elastic_net,standardized_linear_contribution,consumer_lending_rate,18.25,0.0,0.0,-0.0,-0.056245441981498036,-0.4655528921324386,0.0,development
2,2021-03-01,elastic_net,standardized_linear_contribution,consumer_lending_rate_change_3m_pp,-1.1600000000000001,0.0,0.0,-0.0,-0.056245441981498036,-0.4655528921324386,0.0,development
2,2021-03-01,elastic_net,standardized_linear_contribution,real_consumer_loans_yoy_pct,-16.78437287574459,-0.6018438863651275,0.6018438863651275,0.13474069024056337,-0.056245441981498036,-0.4655528921324386,0.0,development
2,2021-03-01,elastic_net,standardized_linear_contribution,real_m1_yoy_pct,51.79902779848333,-0.0,0.0,-0.0,-0.056245441981498036,-0.4655528921324386,0.0,development
2,2021-03-01,elastic_net,standardized_linear_contribution,month_sin,0.8660254037844386,-0.01496969272715076,0.01496969272715076,-0.012666114388684046,-0.056245441981498036,-0.4655528921324386,0.0,development
2,2021-03-01,elastic_net,standardized_linear_contribution,month_cos,0.5000000000000001,-0.0,0.0,-0.0,-0.056245441981498036,-0.4655528921324386,0.0,development
2,2021-03-01,random_forest,mean_decrease_impurity,npl90_level_t,1.35624325174208,,0.007960876412619763,0.007960876412619763,,-0.35887329175448274,0.0,development
2,2021-03-01,random_forest,mean_decrease_impurity,npl90_lag_1m,1.40022000331955,,0.005645643345569325,0.005645643345569325,,-0.35887329175448274,0.0,development
2,2021-03-01,random_forest,mean_decrease_impurity,npl90_lag_3m,1.4302200300584,,0.09226385369144574,0.09226385369144574,,-0.35887329175448274,0.0,development
2,2021-03-01,random_forest,mean_decrease_impurity,npl90_lag_6m,1.86993518073533,,0.09324592418626534,0.09324592418626534,,-0.35887329175448274,0.0,development
2,2021-03-01,random_forest,mean_decrease_impurity,npl90_lag_12m,2.50407561213288,,0.027994234517740094,0.027994234517740094,,-0.35887329175448274,0.0,development
2,2021-03-01,random_forest,mean_decrease_impurity,npl90_change_1m_pp,-0.04397675157747005,,0.00012810486798283543,0.00012810486798283543,,-0.35887329175448274,0.0,development
2,2021-03-01,random_forest,mean_decrease_impurity,npl90_change_3m_pp,-0.0739767783163201,,0.00027990251453690533,0.00027990251453690533,,-0.35887329175448274,0.0,development
2,2021-03-01,random_forest,mean_decrease_impurity,npl90_change_12m_pp,-1.1478323603908003,,0.0,0.0,,-0.35887329175448274,0.0,development
2,2021-03-01,random_forest,mean_decrease_impurity,npl90_rolling_mean_3m,1.3885597877781732,,0.02752502237946149,0.02752502237946149,,-0.35887329175448274,0.0,development
2,2021-03-01,random_forest,mean_decrease_impurity,npl90_rolling_mean_6m,1.437433344102175,,0.11273226933641523,0.11273226933641523,,-0.35887329175448274,0.0,development
2,2021-03-01,random_forest,mean_decrease_impurity,npl90_rolling_mean_12m,1.9721308480017201,,0.15067954871308722,0.15067954871308722,,-0.35887329175448274,0.0,development
2,2021-03-01,random_forest,mean_decrease_impurity,imacec_yoy_pct,1.2099380112681635,,0.009613169387578736,0.009613169387578736,,-0.35887329175448274,0.0,development
2,2021-03-01,random_forest,mean_decrease_impurity,ipc_yoy,2.888043137,,0.001433843469346418,0.001433843469346418,,-0.35887329175448274,0.0,development
2,2021-03-01,random_forest,mean_decrease_impurity,unemployment_rate,10.304521336183,,0.1113316048845155,0.1113316048845155,,-0.35887329175448274,0.0,development
2,2021-03-01,random_forest,mean_decrease_impurity,tpm_monthly_average,0.5,,0.09864618283641632,0.09864618283641632,,-0.35887329175448274,0.0,development
2,2021-03-01,random_forest,mean_decrease_impurity,tpm_change_3m_pp,0.0,,0.0006882130137195679,0.0006882130137195679,,-0.35887329175448274,0.0,development
2,2021-03-01,random_forest,mean_decrease_impurity,usdclp_yoy_pct,-13.463506345933196,,0.009127885906281741,0.009127885906281741,,-0.35887329175448274,0.0,development
2,2021-03-01,random_forest,mean_decrease_impurity,consumer_lending_rate,18.25,,0.026165967397917038,0.026165967397917038,,-0.35887329175448274,0.0,development
2,2021-03-01,random_forest,mean_decrease_impurity,consumer_lending_rate_change_3m_pp,-1.1600000000000001,,0.0003030865265903898,0.0003030865265903898,,-0.35887329175448274,0.0,development
2,2021-03-01,random_forest,mean_decrease_impurity,real_consumer_loans_yoy_pct,-16.78437287574459,,0.15002786134619017,0.15002786134619017,,-0.35887329175448274,0.0,development
2,2021-03-01,random_forest,mean_decrease_impurity,real_m1_yoy_pct,51.79902779848333,,0.06439397100031413,0.06439397100031413,,-0.35887329175448274,0.0,development
2,2021-03-01,random_forest,mean_decrease_impurity,month_sin,0.8660254037844386,,0.009812834266006152,0.009812834266006152,,-0.35887329175448274,0.0,development
2,2021-03-01,random_forest,mean_decrease_impurity,month_cos,0.5000000000000001,,0.0,0.0,,-0.35887329175448274,0.0,development
2,2021-03-01,xgboost,tree_shap,npl90_level_t,1.35624325174208,0.04053511470556259,0.04053511470556259,,-0.05600636079907417,0.09353082627058029,1.4246325008571148e-08,development
2,2021-03-01,xgboost,tree_shap,npl90_lag_1m,1.40022000331955,0.013694297522306442,0.013694297522306442,,-0.05600636079907417,0.09353082627058029,1.4246325008571148e-08,development
2,2021-03-01,xgboost,tree_shap,npl90_lag_3m,1.4302200300584,0.019592314958572388,0.019592314958572388,,-0.05600636079907417,0.09353082627058029,1.4246325008571148e-08,development
2,2021-03-01,xgboost,tree_shap,npl90_lag_6m,1.86993518073533,0.031055603176355362,0.031055603176355362,,-0.05600636079907417,0.09353082627058029,1.4246325008571148e-08,development
2,2021-03-01,xgboost,tree_shap,npl90_lag_12m,2.50407561213288,-0.03305274248123169,0.03305274248123169,,-0.05600636079907417,0.09353082627058029,1.4246325008571148e-08,development
2,2021-03-01,xgboost,tree_shap,npl90_change_1m_pp,-0.04397675157747005,0.00399752939119935,0.00399752939119935,,-0.05600636079907417,0.09353082627058029,1.4246325008571148e-08,development
2,2021-03-01,xgboost,tree_shap,npl90_change_3m_pp,-0.0739767783163201,0.00237221154384315,0.00237221154384315,,-0.05600636079907417,0.09353082627058029,1.4246325008571148e-08,development
2,2021-03-01,xgboost,tree_shap,npl90_change_12m_pp,-1.1478323603908003,-0.0004896270111203194,0.0004896270111203194,,-0.05600636079907417,0.09353082627058029,1.4246325008571148e-08,development
2,2021-03-01,xgboost,tree_shap,npl90_rolling_mean_3m,1.3885597877781732,0.008068153634667397,0.008068153634667397,,-0.05600636079907417,0.09353082627058029,1.4246325008571148e-08,development
2,2021-03-01,xgboost,tree_shap,npl90_rolling_mean_6m,1.437433344102175,0.009719718247652054,0.009719718247652054,,-0.05600636079907417,0.09353082627058029,1.4246325008571148e-08,development
2,2021-03-01,xgboost,tree_shap,npl90_rolling_mean_12m,1.9721308480017201,0.0056011974811553955,0.0056011974811553955,,-0.05600636079907417,0.09353082627058029,1.4246325008571148e-08,development
2,2021-03-01,xgboost,tree_shap,imacec_yoy_pct,1.2099380112681635,0.00027991223032586277,0.00027991223032586277,,-0.05600636079907417,0.09353082627058029,1.4246325008571148e-08,development
2,2021-03-01,xgboost,tree_shap,ipc_yoy,2.888043137,0.0007421115296892822,0.0007421115296892822,,-0.05600636079907417,0.09353082627058029,1.4246325008571148e-08,development
2,2021-03-01,xgboost,tree_shap,unemployment_rate,10.304521336183,0.020209601148962975,0.020209601148962975,,-0.05600636079907417,0.09353082627058029,1.4246325008571148e-08,development
2,2021-03-01,xgboost,tree_shap,tpm_monthly_average,0.5,0.0,0.0,,-0.05600636079907417,0.09353082627058029,1.4246325008571148e-08,development
2,2021-03-01,xgboost,tree_shap,tpm_change_3m_pp,0.0,0.0010582690592855215,0.0010582690592855215,,-0.05600636079907417,0.09353082627058029,1.4246325008571148e-08,development
2,2021-03-01,xgboost,tree_shap,usdclp_yoy_pct,-13.463506345933196,0.001417923835106194,0.001417923835106194,,-0.05600636079907417,0.09353082627058029,1.4246325008571148e-08,development
2,2021-03-01,xgboost,tree_shap,consumer_lending_rate,18.25,0.06896087527275085,0.06896087527275085,,-0.05600636079907417,0.09353082627058029,1.4246325008571148e-08,development
2,2021-03-01,xgboost,tree_shap,consumer_lending_rate_change_3m_pp,-1.1600000000000001,-0.0016477189492434263,0.0016477189492434263,,-0.05600636079907417,0.09353082627058029,1.4246325008571148e-08,development
2,2021-03-01,xgboost,tree_shap,real_consumer_loans_yoy_pct,-16.78437287574459,-0.01358114369213581,0.01358114369213581,,-0.05600636079907417,0.09353082627058029,1.4246325008571148e-08,development
2,2021-03-01,xgboost,tree_shap,real_m1_yoy_pct,51.79902779848333,8.023736882023513e-06,8.023736882023513e-06,,-0.05600636079907417,0.09353082627058029,1.4246325008571148e-08,development
2,2021-03-01,xgboost,tree_shap,month_sin,0.8660254037844386,-0.026894712820649147,0.026894712820649147,,-0.05600636079907417,0.09353082627058029,1.4246325008571148e-08,development
2,2021-03-01,xgboost,tree_shap,month_cos,0.5000000000000001,-0.0021097396966069937,0.0021097396966069937,,-0.05600636079907417,0.09353082627058029,1.4246325008571148e-08,development
2,2021-04-01,elastic_net,standardized_linear_contribution,npl90_level_t,1.39072032609287,0.06263934556818969,0.06263934556818969,-0.017762592668421694,-0.057821322160973194,0.023013995707150632,1.3877787807814457e-17,development
2,2021-04-01,elastic_net,standardized_linear_contribution,npl90_lag_1m,1.35624325174208,0.0,0.0,-0.0,-0.057821322160973194,0.023013995707150632,1.3877787807814457e-17,development
2,2021-04-01,elastic_net,standardized_linear_contribution,npl90_lag_3m,1.40921610827289,0.0,0.0,-0.0,-0.057821322160973194,0.023013995707150632,1.3877787807814457e-17,development
2,2021-04-01,elastic_net,standardized_linear_contribution,npl90_lag_6m,1.55412562027869,0.0,0.0,-0.0,-0.057821322160973194,0.023013995707150632,1.3877787807814457e-17,development
2,2021-04-01,elastic_net,standardized_linear_contribution,npl90_lag_12m,2.65014483685801,-0.0,0.0,-0.0,-0.057821322160973194,0.023013995707150632,1.3877787807814457e-17,development
2,2021-04-01,elastic_net,standardized_linear_contribution,npl90_change_1m_pp,0.03447707435079006,-0.0,0.0,-0.0,-0.057821322160973194,0.023013995707150632,1.3877787807814457e-17,development
2,2021-04-01,elastic_net,standardized_linear_contribution,npl90_change_3m_pp,-0.018495782180020015,0.0,0.0,-0.0,-0.057821322160973194,0.023013995707150632,1.3877787807814457e-17,development
2,2021-04-01,elastic_net,standardized_linear_contribution,npl90_change_12m_pp,-1.25942451076514,0.0,0.0,-0.0,-0.057821322160973194,0.023013995707150632,1.3877787807814457e-17,development
2,2021-04-01,elastic_net,standardized_linear_contribution,npl90_rolling_mean_3m,1.3823945270515,0.22202313915505031,0.22202313915505031,-0.0548242139096496,-0.057821322160973194,0.023013995707150632,1.3877787807814457e-17,development
2,2021-04-01,elastic_net,standardized_linear_contribution,npl90_rolling_mean_6m,1.4101991284045383,0.0,0.0,-0.0,-0.057821322160973194,0.023013995707150632,1.3877787807814457e-17,development
2,2021-04-01,elastic_net,standardized_linear_contribution,npl90_rolling_mean_12m,1.8671788054379583,0.0,0.0,-0.0,-0.057821322160973194,0.023013995707150632,1.3877787807814457e-17,development
2,2021-04-01,elastic_net,standardized_linear_contribution,imacec_yoy_pct,5.447846431168979,0.08256745507492455,0.08256745507492455,0.07667190189836733,-0.057821322160973194,0.023013995707150632,1.3877787807814457e-17,development
2,2021-04-01,elastic_net,standardized_linear_contribution,ipc_yoy,3.317926702,-0.0,0.0,-0.0,-0.057821322160973194,0.023013995707150632,1.3877787807814457e-17,development
2,2021-04-01,elastic_net,standardized_linear_contribution,unemployment_rate,10.353809664207,-0.0,0.0,-0.0,-0.057821322160973194,0.023013995707150632,1.3877787807814457e-17,development
2,2021-04-01,elastic_net,standardized_linear_contribution,tpm_monthly_average,0.5,-0.0,0.0,0.0,-0.057821322160973194,0.023013995707150632,1.3877787807814457e-17,development
2,2021-04-01,elastic_net,standardized_linear_contribution,tpm_change_3m_pp,0.0,0.0,0.0,0.0,-0.057821322160973194,0.023013995707150632,1.3877787807814457e-17,development
2,2021-04-01,elastic_net,standardized_linear_contribution,usdclp_yoy_pct,-17.05382970555155,0.0,0.0,-0.0,-0.057821322160973194,0.023013995707150632,1.3877787807814457e-17,development
2,2021-04-01,elastic_net,standardized_linear_contribution,consumer_lending_rate,18.87,0.0,0.0,-0.0,-0.057821322160973194,0.023013995707150632,1.3877787807814457e-17,development
2,2021-04-01,elastic_net,standardized_linear_contribution,consumer_lending_rate_change_3m_pp,-0.4499999999999993,0.0,0.0,-0.0,-0.057821322160973194,0.023013995707150632,1.3877787807814457e-17,development
2,2021-04-01,elastic_net,standardized_linear_contribution,real_consumer_loans_yoy_pct,-16.157211350330513,-0.2741164645818592,0.2741164645818592,0.07216632717052014,-0.057821322160973194,0.023013995707150632,1.3877787807814457e-17,development
2,2021-04-01,elastic_net,standardized_linear_contribution,real_m1_yoy_pct,40.18871689886234,-0.0,0.0,-0.0,-0.057821322160973194,0.023013995707150632,1.3877787807814457e-17,development
2,2021-04-01,elastic_net,standardized_linear_contribution,month_sin,1.0,-0.012278157348181537,0.012278157348181537,-0.008889017549593519,-0.057821322160973194,0.023013995707150632,1.3877787807814457e-17,development
2,2021-04-01,elastic_net,standardized_linear_contribution,month_cos,6.123233995736766e-17,-0.0,0.0,-0.0,-0.057821322160973194,0.023013995707150632,1.3877787807814457e-17,development
2,2021-04-01,random_forest,mean_decrease_impurity,npl90_level_t,1.39072032609287,,0.009547785534572611,0.009547785534572611,,-0.27611171727721834,0.0,development
2,2021-04-01,random_forest,mean_decrease_impurity,npl90_lag_1m,1.35624325174208,,0.02901403236520065,0.02901403236520065,,-0.27611171727721834,0.0,development
2,2021-04-01,random_forest,mean_decrease_impurity,npl90_lag_3m,1.40921610827289,,0.07729829320082868,0.07729829320082868,,-0.27611171727721834,0.0,development
2,2021-04-01,random_forest,mean_decrease_impurity,npl90_lag_6m,1.55412562027869,,0.06070539497648891,0.06070539497648891,,-0.27611171727721834,0.0,development
2,2021-04-01,random_forest,mean_decrease_impurity,npl90_lag_12m,2.65014483685801,,0.014987765848679818,0.014987765848679818,,-0.27611171727721834,0.0,development
2,2021-04-01,random_forest,mean_decrease_impurity,npl90_change_1m_pp,0.03447707435079006,,0.0,0.0,,-0.27611171727721834,0.0,development
2,2021-04-01,random_forest,mean_decrease_impurity,npl90_change_3m_pp,-0.018495782180020015,,0.00369187241480854,0.00369187241480854,,-0.27611171727721834,0.0,development
2,2021-04-01,random_forest,mean_decrease_impurity,npl90_change_12m_pp,-1.25942451076514,,0.0,0.0,,-0.27611171727721834,0.0,development
2,2021-04-01,random_forest,mean_decrease_impurity,npl90_rolling_mean_3m,1.3823945270515,,0.06098918990070273,0.06098918990070273,,-0.27611171727721834,0.0,development
2,2021-04-01,random_forest,mean_decrease_impurity,npl90_rolling_mean_6m,1.4101991284045383,,0.2336719880827491,0.2336719880827491,,-0.27611171727721834,0.0,development
2,2021-04-01,random_forest,mean_decrease_impurity,npl90_rolling_mean_12m,1.8671788054379583,,0.1067988941463535,0.1067988941463535,,-0.27611171727721834,0.0,development
2,2021-04-01,random_forest,mean_decrease_impurity,imacec_yoy_pct,5.447846431168979,,0.01429951304101314,0.01429951304101314,,-0.27611171727721834,0.0,development
2,2021-04-01,random_forest,mean_decrease_impurity,ipc_yoy,3.317926702,,0.002010265528722202,0.002010265528722202,,-0.27611171727721834,0.0,development
2,2021-04-01,random_forest,mean_decrease_impurity,unemployment_rate,10.353809664207,,0.08127551509724505,0.08127551509724505,,-0.27611171727721834,0.0,development
2,2021-04-01,random_forest,mean_decrease_impurity,tpm_monthly_average,0.5,,0.09313900033970118,0.09313900033970118,,-0.27611171727721834,0.0,development
2,2021-04-01,random_forest,mean_decrease_impurity,tpm_change_3m_pp,0.0,,0.0020595940149916113,0.0020595940149916113,,-0.27611171727721834,0.0,development
2,2021-04-01,random_forest,mean_decrease_impurity,usdclp_yoy_pct,-17.05382970555155,,0.0002650583215115593,0.0002650583215115593,,-0.27611171727721834,0.0,development
2,2021-04-01,random_forest,mean_decrease_impurity,consumer_lending_rate,18.87,,0.026042042431438907,0.026042042431438907,,-0.27611171727721834,0.0,development
2,2021-04-01,random_forest,mean_decrease_impurity,consumer_lending_rate_change_3m_pp,-0.4499999999999993,,0.0006626290944155412,0.0006626290944155412,,-0.27611171727721834,0.0,development
2,2021-04-01,random_forest,mean_decrease_impurity,real_consumer_loans_yoy_pct,-16.157211350330513,,0.11326846129606832,0.11326846129606832,,-0.27611171727721834,0.0,development
2,2021-04-01,random_forest,mean_decrease_impurity,real_m1_yoy_pct,40.18871689886234,,0.05853482049021724,0.05853482049021724,,-0.27611171727721834,0.0,development
2,2021-04-01,random_forest,mean_decrease_impurity,month_sin,1.0,,0.011573099453434238,0.011573099453434238,,-0.27611171727721834,0.0,development
2,2021-04-01,random_forest,mean_decrease_impurity,month_cos,6.123233995736766e-17,,0.00016478442085637589,0.00016478442085637589,,-0.27611171727721834,0.0,development
2,2021-04-01,xgboost,tree_shap,npl90_level_t,1.39072032609287,0.03518630564212799,0.03518630564212799,,-0.05664053559303284,0.058071933686733246,3.5070115700364113e-09,development
2,2021-04-01,xgboost,tree_shap,npl90_lag_1m,1.35624325174208,0.01178118959069252,0.01178118959069252,,-0.05664053559303284,0.058071933686733246,3.5070115700364113e-09,development
2,2021-04-01,xgboost,tree_shap,npl90_lag_3m,1.40921610827289,0.016051527112722397,0.016051527112722397,,-0.05664053559303284,0.058071933686733246,3.5070115700364113e-09,development
2,2021-04-01,xgboost,tree_shap,npl90_lag_6m,1.55412562027869,0.009183734655380249,0.009183734655380249,,-0.05664053559303284,0.058071933686733246,3.5070115700364113e-09,development
2,2021-04-01,xgboost,tree_shap,npl90_lag_12m,2.65014483685801,-0.03526235744357109,0.03526235744357109,,-0.05664053559303284,0.058071933686733246,3.5070115700364113e-09,development
2,2021-04-01,xgboost,tree_shap,npl90_change_1m_pp,0.03447707435079006,-0.008069182746112347,0.008069182746112347,,-0.05664053559303284,0.058071933686733246,3.5070115700364113e-09,development
2,2021-04-01,xgboost,tree_shap,npl90_change_3m_pp,-0.018495782180020015,0.0021853125654160976,0.0021853125654160976,,-0.05664053559303284,0.058071933686733246,3.5070115700364113e-09,development
2,2021-04-01,xgboost,tree_shap,npl90_change_12m_pp,-1.25942451076514,1.8294667825102806e-06,1.8294667825102806e-06,,-0.05664053559303284,0.058071933686733246,3.5070115700364113e-09,development
2,2021-04-01,xgboost,tree_shap,npl90_rolling_mean_3m,1.3823945270515,0.009356760419905186,0.009356760419905186,,-0.05664053559303284,0.058071933686733246,3.5070115700364113e-09,development
2,2021-04-01,xgboost,tree_shap,npl90_rolling_mean_6m,1.4101991284045383,0.03394765406847,0.03394765406847,,-0.05664053559303284,0.058071933686733246,3.5070115700364113e-09,development
2,2021-04-01,xgboost,tree_shap,npl90_rolling_mean_12m,1.8671788054379583,0.009845107793807983,0.009845107793807983,,-0.05664053559303284,0.058071933686733246,3.5070115700364113e-09,development
2,2021-04-01,xgboost,tree_shap,imacec_yoy_pct,5.447846431168979,0.000772466417402029,0.000772466417402029,,-0.05664053559303284,0.058071933686733246,3.5070115700364113e-09,development
2,2021-04-01,xgboost,tree_shap,ipc_yoy,3.317926702,0.0008102908032014966,0.0008102908032014966,,-0.05664053559303284,0.058071933686733246,3.5070115700364113e-09,development
2,2021-04-01,xgboost,tree_shap,unemployment_rate,10.353809664207,0.018623966723680496,0.018623966723680496,,-0.05664053559303284,0.058071933686733246,3.5070115700364113e-09,development
2,2021-04-01,xgboost,tree_shap,tpm_monthly_average,0.5,-0.0027235159650444984,0.0027235159650444984,,-0.05664053559303284,0.058071933686733246,3.5070115700364113e-09,development
2,2021-04-01,xgboost,tree_shap,tpm_change_3m_pp,0.0,0.0010677934624254704,0.0010677934624254704,,-0.05664053559303284,0.058071933686733246,3.5070115700364113e-09,development
2,2021-04-01,xgboost,tree_shap,usdclp_yoy_pct,-17.05382970555155,0.0017126151360571384,0.0017126151360571384,,-0.05664053559303284,0.058071933686733246,3.5070115700364113e-09,development
2,2021-04-01,xgboost,tree_shap,consumer_lending_rate,18.87,0.06009853258728981,0.06009853258728981,,-0.05664053559303284,0.058071933686733246,3.5070115700364113e-09,development
2,2021-04-01,xgboost,tree_shap,consumer_lending_rate_change_3m_pp,-0.4499999999999993,0.00022132284357212484,0.00022132284357212484,,-0.05664053559303284,0.058071933686733246,3.5070115700364113e-09,development
2,2021-04-01,xgboost,tree_shap,real_consumer_loans_yoy_pct,-16.157211350330513,-0.01818665862083435,0.01818665862083435,,-0.05664053559303284,0.058071933686733246,3.5070115700364113e-09,development
2,2021-04-01,xgboost,tree_shap,real_m1_yoy_pct,40.18871689886234,5.770199641119689e-05,5.770199641119689e-05,,-0.05664053559303284,0.058071933686733246,3.5070115700364113e-09,development
2,2021-04-01,xgboost,tree_shap,month_sin,1.0,-0.030184315517544746,0.030184315517544746,,-0.05664053559303284,0.058071933686733246,3.5070115700364113e-09,development
2,2021-04-01,xgboost,tree_shap,month_cos,6.123233995736766e-17,-0.001765608205460012,0.001765608205460012,,-0.05664053559303284,0.058071933686733246,3.5070115700364113e-09,development
2,2021-05-01,elastic_net,standardized_linear_contribution,npl90_level_t,1.40488885270435,0.0,0.0,-0.0,-0.05799327688671408,0.636215924271765,0.0,development
2,2021-05-01,elastic_net,standardized_linear_contribution,npl90_lag_1m,1.39072032609287,0.0,0.0,-0.0,-0.05799327688671408,0.636215924271765,0.0,development
2,2021-05-01,elastic_net,standardized_linear_contribution,npl90_lag_3m,1.40022000331955,0.0,0.0,-0.0,-0.05799327688671408,0.636215924271765,0.0,development
2,2021-05-01,elastic_net,standardized_linear_contribution,npl90_lag_6m,1.47457505094144,0.0,0.0,-0.0,-0.05799327688671408,0.636215924271765,0.0,development
2,2021-05-01,elastic_net,standardized_linear_contribution,npl90_lag_12m,2.77950657589294,-0.0,0.0,-0.0,-0.05799327688671408,0.636215924271765,0.0,development
2,2021-05-01,elastic_net,standardized_linear_contribution,npl90_change_1m_pp,0.014168526611479937,-0.0,0.0,-0.0,-0.05799327688671408,0.636215924271765,0.0,development
2,2021-05-01,elastic_net,standardized_linear_contribution,npl90_change_3m_pp,0.004668849384799945,-0.0,0.0,-0.0,-0.05799327688671408,0.636215924271765,0.0,development
2,2021-05-01,elastic_net,standardized_linear_contribution,npl90_change_12m_pp,-1.37461772318859,0.0,0.0,-0.0,-0.05799327688671408,0.636215924271765,0.0,development
2,2021-05-01,elastic_net,standardized_linear_contribution,npl90_rolling_mean_3m,1.3839508101797666,0.0,0.0,-0.0,-0.05799327688671408,0.636215924271765,0.0,development
2,2021-05-01,elastic_net,standardized_linear_contribution,npl90_rolling_mean_6m,1.39858476203169,0.3900403918955626,0.3900403918955626,-0.08628776822978679,-0.05799327688671408,0.636215924271765,0.0,development
2,2021-05-01,elastic_net,standardized_linear_contribution,npl90_rolling_mean_12m,1.7526273285055758,0.0,0.0,-0.0,-0.05799327688671408,0.636215924271765,0.0,development
2,2021-05-01,elastic_net,standardized_linear_contribution,imacec_yoy_pct,13.12158996212367,0.31539790148999297,0.31539790148999297,0.11236711905943327,-0.05799327688671408,0.636215924271765,0.0,development
2,2021-05-01,elastic_net,standardized_linear_contribution,ipc_yoy,3.647043435,-0.0,0.0,-0.0,-0.05799327688671408,0.636215924271765,0.0,development
2,2021-05-01,elastic_net,standardized_linear_contribution,unemployment_rate,10.244367108474,-0.0,0.0,-0.0,-0.05799327688671408,0.636215924271765,0.0,development
2,2021-05-01,elastic_net,standardized_linear_contribution,tpm_monthly_average,0.5,-0.0,0.0,0.0,-0.05799327688671408,0.636215924271765,0.0,development
2,2021-05-01,elastic_net,standardized_linear_contribution,tpm_change_3m_pp,0.0,0.0,0.0,0.0,-0.05799327688671408,0.636215924271765,0.0,development
2,2021-05-01,elastic_net,standardized_linear_contribution,usdclp_yoy_pct,-13.329893110802304,0.0,0.0,-0.0,-0.05799327688671408,0.636215924271765,0.0,development
2,2021-05-01,elastic_net,standardized_linear_contribution,consumer_lending_rate,18.07,0.0,0.0,-0.0,-0.05799327688671408,0.636215924271765,0.0,development
2,2021-05-01,elastic_net,standardized_linear_contribution,consumer_lending_rate_change_3m_pp,-1.9699999999999989,0.0,0.0,-0.0,-0.05799327688671408,0.636215924271765,0.0,development
2,2021-05-01,elastic_net,standardized_linear_contribution,real_consumer_loans_yoy_pct,-16.005533717583287,-0.0,0.0,0.0,-0.05799327688671408,0.636215924271765,0.0,development
2,2021-05-01,elastic_net,standardized_linear_contribution,real_m1_yoy_pct,50.92483894419691,-0.0,0.0,-0.0,-0.05799327688671408,0.636215924271765,0.0,development
2,2021-05-01,elastic_net,standardized_linear_contribution,month_sin,0.8660254037844387,-0.011229092227076548,0.011229092227076548,-0.009300443275154821,-0.05799327688671408,0.636215924271765,0.0,development
2,2021-05-01,elastic_net,standardized_linear_contribution,month_cos,-0.4999999999999998,0.0,0.0,-0.0,-0.05799327688671408,0.636215924271765,0.0,development
2,2021-05-01,random_forest,mean_decrease_impurity,npl90_level_t,1.40488885270435,,0.009685722726825233,0.009685722726825233,,-0.1735977636425061,0.0,development
2,2021-05-01,random_forest,mean_decrease_impurity,npl90_lag_1m,1.39072032609287,,0.03381840509461019,0.03381840509461019,,-0.1735977636425061,0.0,development
2,2021-05-01,random_forest,mean_decrease_impurity,npl90_lag_3m,1.40022000331955,,0.13887564693753365,0.13887564693753365,,-0.1735977636425061,0.0,development
2,2021-05-01,random_forest,mean_decrease_impurity,npl90_lag_6m,1.47457505094144,,0.025693645109728803,0.025693645109728803,,-0.1735977636425061,0.0,development
2,2021-05-01,random_forest,mean_decrease_impurity,npl90_lag_12m,2.77950657589294,,0.013189328458541925,0.013189328458541925,,-0.1735977636425061,0.0,development
2,2021-05-01,random_forest,mean_decrease_impurity,npl90_change_1m_pp,0.014168526611479937,,0.0,0.0,,-0.1735977636425061,0.0,development
2,2021-05-01,random_forest,mean_decrease_impurity,npl90_change_3m_pp,0.004668849384799945,,0.0002752052117188475,0.0002752052117188475,,-0.1735977636425061,0.0,development
2,2021-05-01,random_forest,mean_decrease_impurity,npl90_change_12m_pp,-1.37461772318859,,0.00015357309841870074,0.00015357309841870074,,-0.1735977636425061,0.0,development
2,2021-05-01,random_forest,mean_decrease_impurity,npl90_rolling_mean_3m,1.3839508101797666,,0.06995511851275221,0.06995511851275221,,-0.1735977636425061,0.0,development
2,2021-05-01,random_forest,mean_decrease_impurity,npl90_rolling_mean_6m,1.39858476203169,,0.28255283310875395,0.28255283310875395,,-0.1735977636425061,0.0,development
2,2021-05-01,random_forest,mean_decrease_impurity,npl90_rolling_mean_12m,1.7526273285055758,,0.09835071192964738,0.09835071192964738,,-0.1735977636425061,0.0,development
2,2021-05-01,random_forest,mean_decrease_impurity,imacec_yoy_pct,13.12158996212367,,0.03296523972779379,0.03296523972779379,,-0.1735977636425061,0.0,development
2,2021-05-01,random_forest,mean_decrease_impurity,ipc_yoy,3.647043435,,0.0028857550169801654,0.0028857550169801654,,-0.1735977636425061,0.0,development
2,2021-05-01,random_forest,mean_decrease_impurity,unemployment_rate,10.244367108474,,0.05337067016571178,0.05337067016571178,,-0.1735977636425061,0.0,development
2,2021-05-01,random_forest,mean_decrease_impurity,tpm_monthly_average,0.5,,0.06410956770352765,0.06410956770352765,,-0.1735977636425061,0.0,development
2,2021-05-01,random_forest,mean_decrease_impurity,tpm_change_3m_pp,0.0,,0.0024098482180011766,0.0024098482180011766,,-0.1735977636425061,0.0,development
2,2021-05-01,random_forest,mean_decrease_impurity,usdclp_yoy_pct,-13.329893110802304,,0.000178742110480585,0.000178742110480585,,-0.1735977636425061,0.0,development
2,2021-05-01,random_forest,mean_decrease_impurity,consumer_lending_rate,18.07,,0.02060115066838193,0.02060115066838193,,-0.1735977636425061,0.0,development
2,2021-05-01,random_forest,mean_decrease_impurity,consumer_lending_rate_change_3m_pp,-1.9699999999999989,,0.0006798967630986785,0.0006798967630986785,,-0.1735977636425061,0.0,development
2,2021-05-01,random_forest,mean_decrease_impurity,real_consumer_loans_yoy_pct,-16.005533717583287,,0.07073019289764715,0.07073019289764715,,-0.1735977636425061,0.0,development
2,2021-05-01,random_forest,mean_decrease_impurity,real_m1_yoy_pct,50.92483894419691,,0.06809883131128512,0.06809883131128512,,-0.1735977636425061,0.0,development
2,2021-05-01,random_forest,mean_decrease_impurity,month_sin,0.8660254037844387,,0.011250006048218901,0.011250006048218901,,-0.1735977636425061,0.0,development
2,2021-05-01,random_forest,mean_decrease_impurity,month_cos,-0.4999999999999998,,0.00016990918034202445,0.00016990918034202445,,-0.1735977636425061,0.0,development
2,2021-05-01,xgboost,tree_shap,npl90_level_t,1.40488885270435,0.025761619210243225,0.025761619210243225,,-0.05722981318831444,0.035914141684770584,1.9310391508042812e-08,development
2,2021-05-01,xgboost,tree_shap,npl90_lag_1m,1.39072032609287,0.013067599385976791,0.013067599385976791,,-0.05722981318831444,0.035914141684770584,1.9310391508042812e-08,development
2,2021-05-01,xgboost,tree_shap,npl90_lag_3m,1.40022000331955,0.009732801467180252,0.009732801467180252,,-0.05722981318831444,0.035914141684770584,1.9310391508042812e-08,development
2,2021-05-01,xgboost,tree_shap,npl90_lag_6m,1.47457505094144,0.0038277367129921913,0.0038277367129921913,,-0.05722981318831444,0.035914141684770584,1.9310391508042812e-08,development
2,2021-05-01,xgboost,tree_shap,npl90_lag_12m,2.77950657589294,-0.04225541651248932,0.04225541651248932,,-0.05722981318831444,0.035914141684770584,1.9310391508042812e-08,development
2,2021-05-01,xgboost,tree_shap,npl90_change_1m_pp,0.014168526611479937,0.01376201119273901,0.01376201119273901,,-0.05722981318831444,0.035914141684770584,1.9310391508042812e-08,development
2,2021-05-01,xgboost,tree_shap,npl90_change_3m_pp,0.004668849384799945,0.0009269306319765747,0.0009269306319765747,,-0.05722981318831444,0.035914141684770584,1.9310391508042812e-08,development
2,2021-05-01,xgboost,tree_shap,npl90_change_12m_pp,-1.37461772318859,-0.001087085111066699,0.001087085111066699,,-0.05722981318831444,0.035914141684770584,1.9310391508042812e-08,development
2,2021-05-01,xgboost,tree_shap,npl90_rolling_mean_3m,1.3839508101797666,0.010360624641180038,0.010360624641180038,,-0.05722981318831444,0.035914141684770584,1.9310391508042812e-08,development
2,2021-05-01,xgboost,tree_shap,npl90_rolling_mean_6m,1.39858476203169,0.03411119431257248,0.03411119431257248,,-0.05722981318831444,0.035914141684770584,1.9310391508042812e-08,development
2,2021-05-01,xgboost,tree_shap,npl90_rolling_mean_12m,1.7526273285055758,0.020122865214943886,0.020122865214943886,,-0.05722981318831444,0.035914141684770584,1.9310391508042812e-08,development
2,2021-05-01,xgboost,tree_shap,imacec_yoy_pct,13.12158996212367,0.001607784302905202,0.001607784302905202,,-0.05722981318831444,0.035914141684770584,1.9310391508042812e-08,development
2,2021-05-01,xgboost,tree_shap,ipc_yoy,3.647043435,0.0007978717912919819,0.0007978717912919819,,-0.05722981318831444,0.035914141684770584,1.9310391508042812e-08,development
2,2021-05-01,xgboost,tree_shap,unemployment_rate,10.244367108474,0.01598907820880413,0.01598907820880413,,-0.05722981318831444,0.035914141684770584,1.9310391508042812e-08,development
2,2021-05-01,xgboost,tree_shap,tpm_monthly_average,0.5,-0.00018511642701923847,0.00018511642701923847,,-0.05722981318831444,0.035914141684770584,1.9310391508042812e-08,development
2,2021-05-01,xgboost,tree_shap,tpm_change_3m_pp,0.0,0.00013777644198853523,0.00013777644198853523,,-0.05722981318831444,0.035914141684770584,1.9310391508042812e-08,development
2,2021-05-01,xgboost,tree_shap,usdclp_yoy_pct,-13.329893110802304,-0.0010633344063535333,0.0010633344063535333,,-0.05722981318831444,0.035914141684770584,1.9310391508042812e-08,development
2,2021-05-01,xgboost,tree_shap,consumer_lending_rate,18.07,0.054363053292036057,0.054363053292036057,,-0.05722981318831444,0.035914141684770584,1.9310391508042812e-08,development
2,2021-05-01,xgboost,tree_shap,consumer_lending_rate_change_3m_pp,-1.9699999999999989,0.0,0.0,,-0.05722981318831444,0.035914141684770584,1.9310391508042812e-08,development
2,2021-05-01,xgboost,tree_shap,real_consumer_loans_yoy_pct,-16.005533717583287,-0.037217505276203156,0.037217505276203156,,-0.05722981318831444,0.035914141684770584,1.9310391508042812e-08,development
2,2021-05-01,xgboost,tree_shap,real_m1_yoy_pct,50.92483894419691,-0.0004381061880849302,0.0004381061880849302,,-0.05722981318831444,0.035914141684770584,1.9310391508042812e-08,development
2,2021-05-01,xgboost,tree_shap,month_sin,0.8660254037844387,-0.02827342040836811,0.02827342040836811,,-0.05722981318831444,0.035914141684770584,1.9310391508042812e-08,development
2,2021-05-01,xgboost,tree_shap,month_cos,-0.4999999999999998,-0.0009050269145518541,0.0009050269145518541,,-0.05722981318831444,0.035914141684770584,1.9310391508042812e-08,development
2,2021-06-01,elastic_net,standardized_linear_contribution,npl90_level_t,1.37581559972634,0.0,0.0,-0.0,-0.05794200765021914,0.7669940570418724,0.0,development
2,2021-06-01,elastic_net,standardized_linear_contribution,npl90_lag_1m,1.40488885270435,0.0,0.0,-0.0,-0.05794200765021914,0.7669940570418724,0.0,development
2,2021-06-01,elastic_net,standardized_linear_contribution,npl90_lag_3m,1.35624325174208,0.0,0.0,-0.0,-0.05794200765021914,0.7669940570418724,0.0,development
2,2021-06-01,elastic_net,standardized_linear_contribution,npl90_lag_6m,1.4302200300584,0.0,0.0,-0.0,-0.05794200765021914,0.7669940570418724,0.0,development
2,2021-06-01,elastic_net,standardized_linear_contribution,npl90_lag_12m,2.82762935504168,-0.0,0.0,-0.0,-0.05794200765021914,0.7669940570418724,0.0,development
2,2021-06-01,elastic_net,standardized_linear_contribution,npl90_change_1m_pp,-0.02907325297801,0.0,0.0,-0.0,-0.05794200765021914,0.7669940570418724,0.0,development
2,2021-06-01,elastic_net,standardized_linear_contribution,npl90_change_3m_pp,0.019572347984259997,-0.0,0.0,-0.0,-0.05794200765021914,0.7669940570418724,0.0,development
2,2021-06-01,elastic_net,standardized_linear_contribution,npl90_change_12m_pp,-1.45181375531534,0.0,0.0,-0.0,-0.05794200765021914,0.7669940570418724,0.0,development
2,2021-06-01,elastic_net,standardized_linear_contribution,npl90_rolling_mean_3m,1.3904749261745202,0.0,0.0,-0.0,-0.05794200765021914,0.7669940570418724,0.0,development
2,2021-06-01,elastic_net,standardized_linear_contribution,npl90_rolling_mean_6m,1.3895173569763466,0.28858928231610526,0.28858928231610526,-0.06417910150616321,-0.05794200765021914,0.7669940570418724,0.0,development
2,2021-06-01,elastic_net,standardized_linear_contribution,npl90_rolling_mean_12m,1.6316428488959642,0.05126624192756296,0.05126624192756296,-0.013216105166385527,-0.05794200765021914,0.7669940570418724,0.0,development
2,2021-06-01,elastic_net,standardized_linear_contribution,imacec_yoy_pct,19.032930547929183,0.4934710470478997,0.4934710470478997,0.11860171054215522,-0.05794200765021914,0.7669940570418724,0.0,development
2,2021-06-01,elastic_net,standardized_linear_contribution,ipc_yoy,3.804306983,-0.0,0.0,-0.0,-0.05794200765021914,0.7669940570418724,0.0,development
2,2021-06-01,elastic_net,standardized_linear_contribution,unemployment_rate,10.037301451191,-0.0,0.0,-0.0,-0.05794200765021914,0.7669940570418724,0.0,development
2,2021-06-01,elastic_net,standardized_linear_contribution,tpm_monthly_average,0.5,-0.0,0.0,0.0,-0.05794200765021914,0.7669940570418724,0.0,development
2,2021-06-01,elastic_net,standardized_linear_contribution,tpm_change_3m_pp,0.0,0.0,0.0,0.0,-0.05794200765021914,0.7669940570418724,0.0,development
2,2021-06-01,elastic_net,standardized_linear_contribution,usdclp_yoy_pct,-8.463155324428461,0.0,0.0,-0.0,-0.05794200765021914,0.7669940570418724,0.0,development
2,2021-06-01,elastic_net,standardized_linear_contribution,consumer_lending_rate,18.05,0.0,0.0,-0.0,-0.05794200765021914,0.7669940570418724,0.0,development
2,2021-06-01,elastic_net,standardized_linear_contribution,consumer_lending_rate_change_3m_pp,-0.1999999999999993,-0.0,0.0,-0.0,-0.05794200765021914,0.7669940570418724,0.0,development
2,2021-06-01,elastic_net,standardized_linear_contribution,real_consumer_loans_yoy_pct,-14.613063597074316,-0.0,0.0,0.0,-0.05794200765021914,0.7669940570418724,0.0,development
2,2021-06-01,elastic_net,standardized_linear_contribution,real_m1_yoy_pct,48.27320902086285,-0.0,0.0,-0.0,-0.05794200765021914,0.7669940570418724,0.0,development
2,2021-06-01,elastic_net,standardized_linear_contribution,month_sin,0.49999999999999994,-0.008390506599476282,0.008390506599476282,-0.011822931659562441,-0.05794200765021914,0.7669940570418724,0.0,development
2,2021-06-01,elastic_net,standardized_linear_contribution,month_cos,-0.8660254037844387,0.0,0.0,-0.0,-0.05794200765021914,0.7669940570418724,0.0,development
2,2021-06-01,random_forest,mean_decrease_impurity,npl90_level_t,1.37581559972634,,0.01048818619063137,0.01048818619063137,,-0.08236940887766746,0.0,development
2,2021-06-01,random_forest,mean_decrease_impurity,npl90_lag_1m,1.40488885270435,,0.032578859746252985,0.032578859746252985,,-0.08236940887766746,0.0,development
2,2021-06-01,random_forest,mean_decrease_impurity,npl90_lag_3m,1.35624325174208,,0.17459592852683808,0.17459592852683808,,-0.08236940887766746,0.0,development
2,2021-06-01,random_forest,mean_decrease_impurity,npl90_lag_6m,1.4302200300584,,0.02071764268824521,0.02071764268824521,,-0.08236940887766746,0.0,development
2,2021-06-01,random_forest,mean_decrease_impurity,npl90_lag_12m,2.82762935504168,,0.013872125335379164,0.013872125335379164,,-0.08236940887766746,0.0,development
2,2021-06-01,random_forest,mean_decrease_impurity,npl90_change_1m_pp,-0.02907325297801,,0.00026928233934695925,0.00026928233934695925,,-0.08236940887766746,0.0,development
2,2021-06-01,random_forest,mean_decrease_impurity,npl90_change_3m_pp,0.019572347984259997,,0.00028338661962854026,0.00028338661962854026,,-0.08236940887766746,0.0,development
2,2021-06-01,random_forest,mean_decrease_impurity,npl90_change_12m_pp,-1.45181375531534,,0.00014302852630870895,0.00014302852630870895,,-0.08236940887766746,0.0,development
2,2021-06-01,random_forest,mean_decrease_impurity,npl90_rolling_mean_3m,1.3904749261745202,,0.07099031559462347,0.07099031559462347,,-0.08236940887766746,0.0,development
2,2021-06-01,random_forest,mean_decrease_impurity,npl90_rolling_mean_6m,1.3895173569763466,,0.2967597909530335,0.2967597909530335,,-0.08236940887766746,0.0,development
2,2021-06-01,random_forest,mean_decrease_impurity,npl90_rolling_mean_12m,1.6316428488959642,,0.12587791980562374,0.12587791980562374,,-0.08236940887766746,0.0,development
2,2021-06-01,random_forest,mean_decrease_impurity,imacec_yoy_pct,19.032930547929183,,0.06089347443820041,0.06089347443820041,,-0.08236940887766746,0.0,development
2,2021-06-01,random_forest,mean_decrease_impurity,ipc_yoy,3.804306983,,0.002603636344895795,0.002603636344895795,,-0.08236940887766746,0.0,development
2,2021-06-01,random_forest,mean_decrease_impurity,unemployment_rate,10.037301451191,,0.040597881361791814,0.040597881361791814,,-0.08236940887766746,0.0,development
2,2021-06-01,random_forest,mean_decrease_impurity,tpm_monthly_average,0.5,,0.045838791357204915,0.045838791357204915,,-0.08236940887766746,0.0,development
2,2021-06-01,random_forest,mean_decrease_impurity,tpm_change_3m_pp,0.0,,0.0015568778735402789,0.0015568778735402789,,-0.08236940887766746,0.0,development
2,2021-06-01,random_forest,mean_decrease_impurity,usdclp_yoy_pct,-8.463155324428461,,0.00011678579686877438,0.00011678579686877438,,-0.08236940887766746,0.0,development
2,2021-06-01,random_forest,mean_decrease_impurity,consumer_lending_rate,18.05,,0.015274924225644778,0.015274924225644778,,-0.08236940887766746,0.0,development
2,2021-06-01,random_forest,mean_decrease_impurity,consumer_lending_rate_change_3m_pp,-0.1999999999999993,,0.0007071444994411881,0.0007071444994411881,,-0.08236940887766746,0.0,development
2,2021-06-01,random_forest,mean_decrease_impurity,real_consumer_loans_yoy_pct,-14.613063597074316,,0.05858199326510466,0.05858199326510466,,-0.08236940887766746,0.0,development
2,2021-06-01,random_forest,mean_decrease_impurity,real_m1_yoy_pct,48.27320902086285,,0.018643617368050414,0.018643617368050414,,-0.08236940887766746,0.0,development
2,2021-06-01,random_forest,mean_decrease_impurity,month_sin,0.49999999999999994,,0.008264834404388197,0.008264834404388197,,-0.08236940887766746,0.0,development
2,2021-06-01,random_forest,mean_decrease_impurity,month_cos,-0.8660254037844387,,0.000343572738956868,0.000343572738956868,,-0.08236940887766746,0.0,development
2,2021-06-01,xgboost,tree_shap,npl90_level_t,1.37581559972634,0.023091547191143036,0.023091547191143036,,-0.05677981674671173,-0.01390144694596529,1.3387762010097504e-09,development
2,2021-06-01,xgboost,tree_shap,npl90_lag_1m,1.40488885270435,0.013487478718161583,0.013487478718161583,,-0.05677981674671173,-0.01390144694596529,1.3387762010097504e-09,development
2,2021-06-01,xgboost,tree_shap,npl90_lag_3m,1.35624325174208,0.010266282595694065,0.010266282595694065,,-0.05677981674671173,-0.01390144694596529,1.3387762010097504e-09,development
2,2021-06-01,xgboost,tree_shap,npl90_lag_6m,1.4302200300584,0.0024168966338038445,0.0024168966338038445,,-0.05677981674671173,-0.01390144694596529,1.3387762010097504e-09,development
2,2021-06-01,xgboost,tree_shap,npl90_lag_12m,2.82762935504168,-0.045374561101198196,0.045374561101198196,,-0.05677981674671173,-0.01390144694596529,1.3387762010097504e-09,development
2,2021-06-01,xgboost,tree_shap,npl90_change_1m_pp,-0.02907325297801,0.00352062052115798,0.00352062052115798,,-0.05677981674671173,-0.01390144694596529,1.3387762010097504e-09,development
2,2021-06-01,xgboost,tree_shap,npl90_change_3m_pp,0.019572347984259997,-0.0012861255090683699,0.0012861255090683699,,-0.05677981674671173,-0.01390144694596529,1.3387762010097504e-09,development
2,2021-06-01,xgboost,tree_shap,npl90_change_12m_pp,-1.45181375531534,0.002592614386230707,0.002592614386230707,,-0.05677981674671173,-0.01390144694596529,1.3387762010097504e-09,development
2,2021-06-01,xgboost,tree_shap,npl90_rolling_mean_3m,1.3904749261745202,0.011231294833123684,0.011231294833123684,,-0.05677981674671173,-0.01390144694596529,1.3387762010097504e-09,development
2,2021-06-01,xgboost,tree_shap,npl90_rolling_mean_6m,1.3895173569763466,0.0346432663500309,0.0346432663500309,,-0.05677981674671173,-0.01390144694596529,1.3387762010097504e-09,development
2,2021-06-01,xgboost,tree_shap,npl90_rolling_mean_12m,1.6316428488959642,0.01519995741546154,0.01519995741546154,,-0.05677981674671173,-0.01390144694596529,1.3387762010097504e-09,development
2,2021-06-01,xgboost,tree_shap,imacec_yoy_pct,19.032930547929183,0.0017346478998661041,0.0017346478998661041,,-0.05677981674671173,-0.01390144694596529,1.3387762010097504e-09,development
2,2021-06-01,xgboost,tree_shap,ipc_yoy,3.804306983,-0.00035035089240409434,0.00035035089240409434,,-0.05677981674671173,-0.01390144694596529,1.3387762010097504e-09,development
2,2021-06-01,xgboost,tree_shap,unemployment_rate,10.037301451191,0.01650431379675865,0.01650431379675865,,-0.05677981674671173,-0.01390144694596529,1.3387762010097504e-09,development
2,2021-06-01,xgboost,tree_shap,tpm_monthly_average,0.5,-0.0052793375216424465,0.0052793375216424465,,-0.05677981674671173,-0.01390144694596529,1.3387762010097504e-09,development
2,2021-06-01,xgboost,tree_shap,tpm_change_3m_pp,0.0,-0.0003486855130176991,0.0003486855130176991,,-0.05677981674671173,-0.01390144694596529,1.3387762010097504e-09,development
2,2021-06-01,xgboost,tree_shap,usdclp_yoy_pct,-8.463155324428461,-0.0014811246655881405,0.0014811246655881405,,-0.05677981674671173,-0.01390144694596529,1.3387762010097504e-09,development
2,2021-06-01,xgboost,tree_shap,consumer_lending_rate,18.05,0.04051629826426506,0.04051629826426506,,-0.05677981674671173,-0.01390144694596529,1.3387762010097504e-09,development
2,2021-06-01,xgboost,tree_shap,consumer_lending_rate_change_3m_pp,-0.1999999999999993,0.0,0.0,,-0.05677981674671173,-0.01390144694596529,1.3387762010097504e-09,development
2,2021-06-01,xgboost,tree_shap,real_consumer_loans_yoy_pct,-14.613063597074316,-0.06034756451845169,0.06034756451845169,,-0.05677981674671173,-0.01390144694596529,1.3387762010097504e-09,development
2,2021-06-01,xgboost,tree_shap,real_m1_yoy_pct,48.27320902086285,-0.0008529015467502177,0.0008529015467502177,,-0.05677981674671173,-0.01390144694596529,1.3387762010097504e-09,development
2,2021-06-01,xgboost,tree_shap,month_sin,0.49999999999999994,-0.024236198514699936,0.024236198514699936,,-0.05677981674671173,-0.01390144694596529,1.3387762010097504e-09,development
2,2021-06-01,xgboost,tree_shap,month_cos,-0.8660254037844387,0.007229999639093876,0.007229999639093876,,-0.05677981674671173,-0.01390144694596529,1.3387762010097504e-09,development
2,2021-07-01,elastic_net,standardized_linear_contribution,npl90_level_t,1.29165654454624,0.0,0.0,-0.0,-0.05878169153861962,0.8328196043672076,0.0,development
2,2021-07-01,elastic_net,standardized_linear_contribution,npl90_lag_1m,1.37581559972634,0.0,0.0,-0.0,-0.05878169153861962,0.8328196043672076,0.0,development
2,2021-07-01,elastic_net,standardized_linear_contribution,npl90_lag_3m,1.39072032609287,0.0,0.0,-0.0,-0.05878169153861962,0.8328196043672076,0.0,development
2,2021-07-01,elastic_net,standardized_linear_contribution,npl90_lag_6m,1.40921610827289,0.0,0.0,-0.0,-0.05878169153861962,0.8328196043672076,0.0,development
2,2021-07-01,elastic_net,standardized_linear_contribution,npl90_lag_12m,2.67630487419941,-0.0,0.0,-0.0,-0.05878169153861962,0.8328196043672076,0.0,development
2,2021-07-01,elastic_net,standardized_linear_contribution,npl90_change_1m_pp,-0.08415905518009992,0.0,0.0,-0.0,-0.05878169153861962,0.8328196043672076,0.0,development
2,2021-07-01,elastic_net,standardized_linear_contribution,npl90_change_3m_pp,-0.09906378154662998,0.0,0.0,-0.0,-0.05878169153861962,0.8328196043672076,0.0,development
2,2021-07-01,elastic_net,standardized_linear_contribution,npl90_change_12m_pp,-1.3846483296531702,0.0,0.0,-0.0,-0.05878169153861962,0.8328196043672076,0.0,development
2,2021-07-01,elastic_net,standardized_linear_contribution,npl90_rolling_mean_3m,1.3574536656589766,0.0,0.0,-0.0,-0.05878169153861962,0.8328196043672076,0.0,development
2,2021-07-01,elastic_net,standardized_linear_contribution,npl90_rolling_mean_6m,1.3699240963552384,0.05638609781510195,0.05638609781510195,-0.012934962464436166,-0.05878169153861962,0.8328196043672076,0.0,development
2,2021-07-01,elastic_net,standardized_linear_contribution,npl90_rolling_mean_12m,1.5162554880915333,0.24493861748650658,0.24493861748650658,-0.050986511140692733,-0.05878169153861962,0.8328196043672076,0.0,development
2,2021-07-01,elastic_net,standardized_linear_contribution,imacec_yoy_pct,20.96360632747556,0.5904978848100926,0.5904978848100926,0.12754254328345777,-0.05878169153861962,0.8328196043672076,0.0,development
2,2021-07-01,elastic_net,standardized_linear_contribution,ipc_yoy,4.539198756,-0.0,0.0,-0.0,-0.05878169153861962,0.8328196043672076,0.0,development
2,2021-07-01,elastic_net,standardized_linear_contribution,unemployment_rate,9.4964882170436,-0.0,0.0,-0.0,-0.05878169153861962,0.8328196043672076,0.0,development
2,2021-07-01,elastic_net,standardized_linear_contribution,tpm_monthly_average,0.63,-0.0,0.0,0.0,-0.05878169153861962,0.8328196043672076,0.0,development
2,2021-07-01,elastic_net,standardized_linear_contribution,tpm_change_3m_pp,0.13,0.0,0.0,0.0,-0.05878169153861962,0.8328196043672076,0.0,development
2,2021-07-01,elastic_net,standardized_linear_contribution,usdclp_yoy_pct,-4.369484337440888,0.0,0.0,-0.0,-0.05878169153861962,0.8328196043672076,0.0,development
2,2021-07-01,elastic_net,standardized_linear_contribution,consumer_lending_rate,18.28,0.0,0.0,-0.0,-0.05878169153861962,0.8328196043672076,0.0,development
2,2021-07-01,elastic_net,standardized_linear_contribution,consumer_lending_rate_change_3m_pp,-0.5899999999999999,0.0,0.0,-0.0,-0.05878169153861962,0.8328196043672076,0.0,development
2,2021-07-01,elastic_net,standardized_linear_contribution,real_consumer_loans_yoy_pct,-13.582267231465462,-0.0,0.0,0.0,-0.05878169153861962,0.8328196043672076,0.0,development
2,2021-07-01,elastic_net,standardized_linear_contribution,real_m1_yoy_pct,46.49003200638433,-0.0,0.0,-0.0,-0.05878169153861962,0.8328196043672076,0.0,development
2,2021-07-01,elastic_net,standardized_linear_contribution,month_sin,1.2246467991473532e-16,-0.00022130420587391754,0.00022130420587391754,-0.02229797746901136,-0.05878169153861962,0.8328196043672076,0.0,development
2,2021-07-01,elastic_net,standardized_linear_contribution,month_cos,-1.0,0.0,0.0,-0.0,-0.05878169153861962,0.8328196043672076,0.0,development
2,2021-07-01,random_forest,mean_decrease_impurity,npl90_level_t,1.29165654454624,,0.014619520285729756,0.014619520285729756,,-0.05611218918750446,0.0,development
2,2021-07-01,random_forest,mean_decrease_impurity,npl90_lag_1m,1.37581559972634,,0.042810717377080976,0.042810717377080976,,-0.05611218918750446,0.0,development
2,2021-07-01,random_forest,mean_decrease_impurity,npl90_lag_3m,1.39072032609287,,0.18953148943931392,0.18953148943931392,,-0.05611218918750446,0.0,development
2,2021-07-01,random_forest,mean_decrease_impurity,npl90_lag_6m,1.40921610827289,,0.010629372969078614,0.010629372969078614,,-0.05611218918750446,0.0,development
2,2021-07-01,random_forest,mean_decrease_impurity,npl90_lag_12m,2.67630487419941,,0.01211905641241632,0.01211905641241632,,-0.05611218918750446,0.0,development
2,2021-07-01,random_forest,mean_decrease_impurity,npl90_change_1m_pp,-0.08415905518009992,,0.0,0.0,,-0.05611218918750446,0.0,development
2,2021-07-01,random_forest,mean_decrease_impurity,npl90_change_3m_pp,-0.09906378154662998,,0.00016317014315167262,0.00016317014315167262,,-0.05611218918750446,0.0,development
2,2021-07-01,random_forest,mean_decrease_impurity,npl90_change_12m_pp,-1.3846483296531702,,0.00014754109028218264,0.00014754109028218264,,-0.05611218918750446,0.0,development
2,2021-07-01,random_forest,mean_decrease_impurity,npl90_rolling_mean_3m,1.3574536656589766,,0.08057806595440009,0.08057806595440009,,-0.05611218918750446,0.0,development
2,2021-07-01,random_forest,mean_decrease_impurity,npl90_rolling_mean_6m,1.3699240963552384,,0.2706182487892468,0.2706182487892468,,-0.05611218918750446,0.0,development
2,2021-07-01,random_forest,mean_decrease_impurity,npl90_rolling_mean_12m,1.5162554880915333,,0.1570471633637239,0.1570471633637239,,-0.05611218918750446,0.0,development
2,2021-07-01,random_forest,mean_decrease_impurity,imacec_yoy_pct,20.96360632747556,,0.05190654409794548,0.05190654409794548,,-0.05611218918750446,0.0,development
2,2021-07-01,random_forest,mean_decrease_impurity,ipc_yoy,4.539198756,,0.0024354735479380973,0.0024354735479380973,,-0.05611218918750446,0.0,development
2,2021-07-01,random_forest,mean_decrease_impurity,unemployment_rate,9.4964882170436,,0.051083656750614236,0.051083656750614236,,-0.05611218918750446,0.0,development
2,2021-07-01,random_forest,mean_decrease_impurity,tpm_monthly_average,0.63,,0.022855438788261545,0.022855438788261545,,-0.05611218918750446,0.0,development
2,2021-07-01,random_forest,mean_decrease_impurity,tpm_change_3m_pp,0.13,,0.0024455161531306935,0.0024455161531306935,,-0.05611218918750446,0.0,development
2,2021-07-01,random_forest,mean_decrease_impurity,usdclp_yoy_pct,-4.369484337440888,,0.00013002134178982975,0.00013002134178982975,,-0.05611218918750446,0.0,development
2,2021-07-01,random_forest,mean_decrease_impurity,consumer_lending_rate,18.28,,0.01182092208447137,0.01182092208447137,,-0.05611218918750446,0.0,development
2,2021-07-01,random_forest,mean_decrease_impurity,consumer_lending_rate_change_3m_pp,-0.5899999999999999,,0.0002948774721573277,0.0002948774721573277,,-0.05611218918750446,0.0,development
2,2021-07-01,random_forest,mean_decrease_impurity,real_consumer_loans_yoy_pct,-13.582267231465462,,0.027934433702775874,0.027934433702775874,,-0.05611218918750446,0.0,development
2,2021-07-01,random_forest,mean_decrease_impurity,real_m1_yoy_pct,46.49003200638433,,0.04041957403878129,0.04041957403878129,,-0.05611218918750446,0.0,development
2,2021-07-01,random_forest,mean_decrease_impurity,month_sin,1.2246467991473532e-16,,0.009487786745554375,0.009487786745554375,,-0.05611218918750446,0.0,development
2,2021-07-01,random_forest,mean_decrease_impurity,month_cos,-1.0,,0.0009214094521557206,0.0009214094521557206,,-0.05611218918750446,0.0,development
2,2021-07-01,xgboost,tree_shap,npl90_level_t,1.29165654454624,0.02591962367296219,0.02591962367296219,,-0.05785409361124039,-0.017609797418117523,1.146690919995308e-08,development
2,2021-07-01,xgboost,tree_shap,npl90_lag_1m,1.37581559972634,0.013745835050940514,0.013745835050940514,,-0.05785409361124039,-0.017609797418117523,1.146690919995308e-08,development
2,2021-07-01,xgboost,tree_shap,npl90_lag_3m,1.39072032609287,0.01009303331375122,0.01009303331375122,,-0.05785409361124039,-0.017609797418117523,1.146690919995308e-08,development
2,2021-07-01,xgboost,tree_shap,npl90_lag_6m,1.40921610827289,0.003319237381219864,0.003319237381219864,,-0.05785409361124039,-0.017609797418117523,1.146690919995308e-08,development
2,2021-07-01,xgboost,tree_shap,npl90_lag_12m,2.67630487419941,-0.053556133061647415,0.053556133061647415,,-0.05785409361124039,-0.017609797418117523,1.146690919995308e-08,development
2,2021-07-01,xgboost,tree_shap,npl90_change_1m_pp,-0.08415905518009992,0.003106157761067152,0.003106157761067152,,-0.05785409361124039,-0.017609797418117523,1.146690919995308e-08,development
2,2021-07-01,xgboost,tree_shap,npl90_change_3m_pp,-0.09906378154662998,0.002588776871562004,0.002588776871562004,,-0.05785409361124039,-0.017609797418117523,1.146690919995308e-08,development
2,2021-07-01,xgboost,tree_shap,npl90_change_12m_pp,-1.3846483296531702,-0.0005141154397279024,0.0005141154397279024,,-0.05785409361124039,-0.017609797418117523,1.146690919995308e-08,development
2,2021-07-01,xgboost,tree_shap,npl90_rolling_mean_3m,1.3574536656589766,0.010797260329127312,0.010797260329127312,,-0.05785409361124039,-0.017609797418117523,1.146690919995308e-08,development
2,2021-07-01,xgboost,tree_shap,npl90_rolling_mean_6m,1.3699240963552384,0.031947098672389984,0.031947098672389984,,-0.05785409361124039,-0.017609797418117523,1.146690919995308e-08,development
2,2021-07-01,xgboost,tree_shap,npl90_rolling_mean_12m,1.5162554880915333,0.011374108493328094,0.011374108493328094,,-0.05785409361124039,-0.017609797418117523,1.146690919995308e-08,development
2,2021-07-01,xgboost,tree_shap,imacec_yoy_pct,20.96360632747556,0.0005986657342873514,0.0005986657342873514,,-0.05785409361124039,-0.017609797418117523,1.146690919995308e-08,development
2,2021-07-01,xgboost,tree_shap,ipc_yoy,4.539198756,-0.0004125340492464602,0.0004125340492464602,,-0.05785409361124039,-0.017609797418117523,1.146690919995308e-08,development
2,2021-07-01,xgboost,tree_shap,unemployment_rate,9.4964882170436,0.015033308416604996,0.015033308416604996,,-0.05785409361124039,-0.017609797418117523,1.146690919995308e-08,development
2,2021-07-01,xgboost,tree_shap,tpm_monthly_average,0.63,-0.005922995042055845,0.005922995042055845,,-0.05785409361124039,-0.017609797418117523,1.146690919995308e-08,development
2,2021-07-01,xgboost,tree_shap,tpm_change_3m_pp,0.13,-0.0005889750900678337,0.0005889750900678337,,-0.05785409361124039,-0.017609797418117523,1.146690919995308e-08,development
2,2021-07-01,xgboost,tree_shap,usdclp_yoy_pct,-4.369484337440888,-0.0025561426300555468,0.0025561426300555468,,-0.05785409361124039,-0.017609797418117523,1.146690919995308e-08,development
2,2021-07-01,xgboost,tree_shap,consumer_lending_rate,18.28,0.028960227966308594,0.028960227966308594,,-0.05785409361124039,-0.017609797418117523,1.146690919995308e-08,development
2,2021-07-01,xgboost,tree_shap,consumer_lending_rate_change_3m_pp,-0.5899999999999999,0.0,0.0,,-0.05785409361124039,-0.017609797418117523,1.146690919995308e-08,development
2,2021-07-01,xgboost,tree_shap,real_consumer_loans_yoy_pct,-13.582267231465462,-0.07148714363574982,0.07148714363574982,,-0.05785409361124039,-0.017609797418117523,1.146690919995308e-08,development
2,2021-07-01,xgboost,tree_shap,real_m1_yoy_pct,46.49003200638433,0.0,0.0,,-0.05785409361124039,-0.017609797418117523,1.146690919995308e-08,development
2,2021-07-01,xgboost,tree_shap,month_sin,1.2246467991473532e-16,0.011307158507406712,0.011307158507406712,,-0.05785409361124039,-0.017609797418117523,1.146690919995308e-08,development
2,2021-07-01,xgboost,tree_shap,month_cos,-1.0,0.006491831503808498,0.006491831503808498,,-0.05785409361124039,-0.017609797418117523,1.146690919995308e-08,development
2,2021-08-01,elastic_net,standardized_linear_contribution,npl90_level_t,1.16521798630509,0.0,0.0,-0.0,-0.06122919605911731,0.8469817630895857,0.0,development
2,2021-08-01,elastic_net,standardized_linear_contribution,npl90_lag_1m,1.29165654454624,0.0,0.0,-0.0,-0.06122919605911731,0.8469817630895857,0.0,development
2,2021-08-01,elastic_net,standardized_linear_contribution,npl90_lag_3m,1.40488885270435,0.0,0.0,-0.0,-0.06122919605911731,0.8469817630895857,0.0,development
2,2021-08-01,elastic_net,standardized_linear_contribution,npl90_lag_6m,1.40022000331955,0.0,0.0,-0.0,-0.06122919605911731,0.8469817630895857,0.0,development
2,2021-08-01,elastic_net,standardized_linear_contribution,npl90_lag_12m,2.23744928868022,-0.0,0.0,-0.0,-0.06122919605911731,0.8469817630895857,0.0,development
2,2021-08-01,elastic_net,standardized_linear_contribution,npl90_change_1m_pp,-0.12643855824115002,0.0,0.0,-0.0,-0.06122919605911731,0.8469817630895857,0.0,development
2,2021-08-01,elastic_net,standardized_linear_contribution,npl90_change_3m_pp,-0.23967086639925994,0.0,0.0,-0.0,-0.06122919605911731,0.8469817630895857,0.0,development
2,2021-08-01,elastic_net,standardized_linear_contribution,npl90_change_12m_pp,-1.07223130237513,0.0,0.0,-0.0,-0.06122919605911731,0.8469817630895857,0.0,development
2,2021-08-01,elastic_net,standardized_linear_contribution,npl90_rolling_mean_3m,1.2775633768592234,0.0,0.0,-0.0,-0.06122919605911731,0.8469817630895857,0.0,development
2,2021-08-01,elastic_net,standardized_linear_contribution,npl90_rolling_mean_6m,1.330757093519495,0.0,0.0,-0.0,-0.06122919605911731,0.8469817630895857,0.0,development
2,2021-08-01,elastic_net,standardized_linear_contribution,npl90_rolling_mean_12m,1.4269028795602725,0.3039301535670468,0.3039301535670468,-0.05507548556383398,-0.06122919605911731,0.8469817630895857,0.0,development
2,2021-08-01,elastic_net,standardized_linear_contribution,imacec_yoy_pct,19.878686588112558,0.5865921607791567,0.5865921607791567,0.13288003602881474,-0.06122919605911731,0.8469817630895857,0.0,development
2,2021-08-01,elastic_net,standardized_linear_contribution,ipc_yoy,4.776414855,-0.0,0.0,-0.0,-0.06122919605911731,0.8469817630895857,0.0,development
2,2021-08-01,elastic_net,standardized_linear_contribution,unemployment_rate,8.9332892027599,-0.0,0.0,-0.0,-0.06122919605911731,0.8469817630895857,0.0,development
2,2021-08-01,elastic_net,standardized_linear_contribution,tpm_monthly_average,0.75,-0.0,0.0,0.0,-0.06122919605911731,0.8469817630895857,0.0,development
2,2021-08-01,elastic_net,standardized_linear_contribution,tpm_change_3m_pp,0.25,0.0,0.0,0.0,-0.06122919605911731,0.8469817630895857,0.0,development
2,2021-08-01,elastic_net,standardized_linear_contribution,usdclp_yoy_pct,-0.6160262036921216,0.0,0.0,-0.0,-0.06122919605911731,0.8469817630895857,0.0,development
2,2021-08-01,elastic_net,standardized_linear_contribution,consumer_lending_rate,18.02,0.0,0.0,-0.0,-0.06122919605911731,0.8469817630895857,0.0,development
2,2021-08-01,elastic_net,standardized_linear_contribution,consumer_lending_rate_change_3m_pp,-0.05000000000000071,-0.0,0.0,-0.0,-0.06122919605911731,0.8469817630895857,0.0,development
2,2021-08-01,elastic_net,standardized_linear_contribution,real_consumer_loans_yoy_pct,-10.520602846901205,-0.0,0.0,0.0,-0.06122919605911731,0.8469817630895857,0.0,development
2,2021-08-01,elastic_net,standardized_linear_contribution,real_m1_yoy_pct,31.298198376368468,-0.0,0.0,-0.0,-0.06122919605911731,0.8469817630895857,0.0,development
2,2021-08-01,elastic_net,standardized_linear_contribution,month_sin,-0.4999999999999997,0.01768864480249957,0.01768864480249957,-0.025015521379695264,-0.06122919605911731,0.8469817630895857,0.0,development
2,2021-08-01,elastic_net,standardized_linear_contribution,month_cos,-0.8660254037844388,0.0,0.0,-0.0,-0.06122919605911731,0.8469817630895857,0.0,development
2,2021-08-01,random_forest,mean_decrease_impurity,npl90_level_t,1.16521798630509,,0.01463573142817992,0.01463573142817992,,-0.04464566041861692,0.0,development
2,2021-08-01,random_forest,mean_decrease_impurity,npl90_lag_1m,1.29165654454624,,0.037914659365016916,0.037914659365016916,,-0.04464566041861692,0.0,development
2,2021-08-01,random_forest,mean_decrease_impurity,npl90_lag_3m,1.40488885270435,,0.15750054661942817,0.15750054661942817,,-0.04464566041861692,0.0,development
2,2021-08-01,random_forest,mean_decrease_impurity,npl90_lag_6m,1.40022000331955,,0.04485578722564467,0.04485578722564467,,-0.04464566041861692,0.0,development
2,2021-08-01,random_forest,mean_decrease_impurity,npl90_lag_12m,2.23744928868022,,0.014377856541682641,0.014377856541682641,,-0.04464566041861692,0.0,development
2,2021-08-01,random_forest,mean_decrease_impurity,npl90_change_1m_pp,-0.12643855824115002,,0.0,0.0,,-0.04464566041861692,0.0,development
2,2021-08-01,random_forest,mean_decrease_impurity,npl90_change_3m_pp,-0.23967086639925994,,0.0,0.0,,-0.04464566041861692,0.0,development
2,2021-08-01,random_forest,mean_decrease_impurity,npl90_change_12m_pp,-1.07223130237513,,0.0005427997886704784,0.0005427997886704784,,-0.04464566041861692,0.0,development
2,2021-08-01,random_forest,mean_decrease_impurity,npl90_rolling_mean_3m,1.2775633768592234,,0.06759181867457914,0.06759181867457914,,-0.04464566041861692,0.0,development
2,2021-08-01,random_forest,mean_decrease_impurity,npl90_rolling_mean_6m,1.330757093519495,,0.28556977820850626,0.28556977820850626,,-0.04464566041861692,0.0,development
2,2021-08-01,random_forest,mean_decrease_impurity,npl90_rolling_mean_12m,1.4269028795602725,,0.17425829657043848,0.17425829657043848,,-0.04464566041861692,0.0,development
2,2021-08-01,random_forest,mean_decrease_impurity,imacec_yoy_pct,19.878686588112558,,0.05629619596880973,0.05629619596880973,,-0.04464566041861692,0.0,development
2,2021-08-01,random_forest,mean_decrease_impurity,ipc_yoy,4.776414855,,0.0016152844425316997,0.0016152844425316997,,-0.04464566041861692,0.0,development
2,2021-08-01,random_forest,mean_decrease_impurity,unemployment_rate,8.9332892027599,,0.04364924477615697,0.04364924477615697,,-0.04464566041861692,0.0,development
2,2021-08-01,random_forest,mean_decrease_impurity,tpm_monthly_average,0.75,,0.027075072037462736,0.027075072037462736,,-0.04464566041861692,0.0,development
2,2021-08-01,random_forest,mean_decrease_impurity,tpm_change_3m_pp,0.25,,0.002200289940413338,0.002200289940413338,,-0.04464566041861692,0.0,development
2,2021-08-01,random_forest,mean_decrease_impurity,usdclp_yoy_pct,-0.6160262036921216,,0.001521705850458228,0.001521705850458228,,-0.04464566041861692,0.0,development
2,2021-08-01,random_forest,mean_decrease_impurity,consumer_lending_rate,18.02,,0.008233938084244446,0.008233938084244446,,-0.04464566041861692,0.0,development
2,2021-08-01,random_forest,mean_decrease_impurity,consumer_lending_rate_change_3m_pp,-0.05000000000000071,,0.0007594707310313189,0.0007594707310313189,,-0.04464566041861692,0.0,development
2,2021-08-01,random_forest,mean_decrease_impurity,real_consumer_loans_yoy_pct,-10.520602846901205,,0.03252369725506319,0.03252369725506319,,-0.04464566041861692,0.0,development
2,2021-08-01,random_forest,mean_decrease_impurity,real_m1_yoy_pct,31.298198376368468,,0.013782582065760622,0.013782582065760622,,-0.04464566041861692,0.0,development
2,2021-08-01,random_forest,mean_decrease_impurity,month_sin,-0.4999999999999997,,0.013253005951631917,0.013253005951631917,,-0.04464566041861692,0.0,development
2,2021-08-01,random_forest,mean_decrease_impurity,month_cos,-0.8660254037844388,,0.0018422384742890988,0.0018422384742890988,,-0.04464566041861692,0.0,development
2,2021-08-01,xgboost,tree_shap,npl90_level_t,1.16521798630509,0.024847276508808136,0.024847276508808136,,-0.06087082251906395,-0.03887322172522545,2.7765054255723953e-08,development
2,2021-08-01,xgboost,tree_shap,npl90_lag_1m,1.29165654454624,0.01192895881831646,0.01192895881831646,,-0.06087082251906395,-0.03887322172522545,2.7765054255723953e-08,development
2,2021-08-01,xgboost,tree_shap,npl90_lag_3m,1.40488885270435,0.007537610363215208,0.007537610363215208,,-0.06087082251906395,-0.03887322172522545,2.7765054255723953e-08,development
2,2021-08-01,xgboost,tree_shap,npl90_lag_6m,1.40022000331955,0.0019204848213121295,0.0019204848213121295,,-0.06087082251906395,-0.03887322172522545,2.7765054255723953e-08,development
2,2021-08-01,xgboost,tree_shap,npl90_lag_12m,2.23744928868022,-0.05204730108380318,0.05204730108380318,,-0.06087082251906395,-0.03887322172522545,2.7765054255723953e-08,development
2,2021-08-01,xgboost,tree_shap,npl90_change_1m_pp,-0.12643855824115002,0.0023416271433234215,0.0023416271433234215,,-0.06087082251906395,-0.03887322172522545,2.7765054255723953e-08,development
2,2021-08-01,xgboost,tree_shap,npl90_change_3m_pp,-0.23967086639925994,0.0049338736571371555,0.0049338736571371555,,-0.06087082251906395,-0.03887322172522545,2.7765054255723953e-08,development
2,2021-08-01,xgboost,tree_shap,npl90_change_12m_pp,-1.07223130237513,0.001063438132405281,0.001063438132405281,,-0.06087082251906395,-0.03887322172522545,2.7765054255723953e-08,development
2,2021-08-01,xgboost,tree_shap,npl90_rolling_mean_3m,1.2775633768592234,0.008526084013283253,0.008526084013283253,,-0.06087082251906395,-0.03887322172522545,2.7765054255723953e-08,development
2,2021-08-01,xgboost,tree_shap,npl90_rolling_mean_6m,1.330757093519495,0.031308382749557495,0.031308382749557495,,-0.06087082251906395,-0.03887322172522545,2.7765054255723953e-08,development
2,2021-08-01,xgboost,tree_shap,npl90_rolling_mean_12m,1.4269028795602725,0.010238421149551868,0.010238421149551868,,-0.06087082251906395,-0.03887322172522545,2.7765054255723953e-08,development
2,2021-08-01,xgboost,tree_shap,imacec_yoy_pct,19.878686588112558,0.002321643754839897,0.002321643754839897,,-0.06087082251906395,-0.03887322172522545,2.7765054255723953e-08,development
2,2021-08-01,xgboost,tree_shap,ipc_yoy,4.776414855,0.0,0.0,,-0.06087082251906395,-0.03887322172522545,2.7765054255723953e-08,development
2,2021-08-01,xgboost,tree_shap,unemployment_rate,8.9332892027599,0.01074302103370428,0.01074302103370428,,-0.06087082251906395,-0.03887322172522545,2.7765054255723953e-08,development
2,2021-08-01,xgboost,tree_shap,tpm_monthly_average,0.75,-0.0028717864770442247,0.0028717864770442247,,-0.06087082251906395,-0.03887322172522545,2.7765054255723953e-08,development
2,2021-08-01,xgboost,tree_shap,tpm_change_3m_pp,0.25,-0.0018908712081611156,0.0018908712081611156,,-0.06087082251906395,-0.03887322172522545,2.7765054255723953e-08,development
2,2021-08-01,xgboost,tree_shap,usdclp_yoy_pct,-0.6160262036921216,-0.0011886021820828319,0.0011886021820828319,,-0.06087082251906395,-0.03887322172522545,2.7765054255723953e-08,development
2,2021-08-01,xgboost,tree_shap,consumer_lending_rate,18.02,0.020364684984087944,0.020364684984087944,,-0.06087082251906395,-0.03887322172522545,2.7765054255723953e-08,development
2,2021-08-01,xgboost,tree_shap,consumer_lending_rate_change_3m_pp,-0.05000000000000071,0.0,0.0,,-0.06087082251906395,-0.03887322172522545,2.7765054255723953e-08,development
2,2021-08-01,xgboost,tree_shap,real_consumer_loans_yoy_pct,-10.520602846901205,-0.08465621620416641,0.08465621620416641,,-0.06087082251906395,-0.03887322172522545,2.7765054255723953e-08,development
2,2021-08-01,xgboost,tree_shap,real_m1_yoy_pct,31.298198376368468,-0.0007356601417995989,0.0007356601417995989,,-0.06087082251906395,-0.03887322172522545,2.7765054255723953e-08,development
2,2021-08-01,xgboost,tree_shap,month_sin,-0.4999999999999997,0.02267013117671013,0.02267013117671013,,-0.06087082251906395,-0.03887322172522545,2.7765054255723953e-08,development
2,2021-08-01,xgboost,tree_shap,month_cos,-0.8660254037844388,0.004642372019588947,0.004642372019588947,,-0.06087082251906395,-0.03887322172522545,2.7765054255723953e-08,development
2,2021-09-01,elastic_net,standardized_linear_contribution,npl90_level_t,1.0970151778989,0.0,0.0,-0.0,-0.06394150945341956,0.7564887343305929,0.0,development
2,2021-09-01,elastic_net,standardized_linear_contribution,npl90_lag_1m,1.16521798630509,0.0,0.0,-0.0,-0.06394150945341956,0.7564887343305929,0.0,development
2,2021-09-01,elastic_net,standardized_linear_contribution,npl90_lag_3m,1.37581559972634,0.0,0.0,-0.0,-0.06394150945341956,0.7564887343305929,0.0,development
2,2021-09-01,elastic_net,standardized_linear_contribution,npl90_lag_6m,1.35624325174208,0.0,0.0,-0.0,-0.06394150945341956,0.7564887343305929,0.0,development
2,2021-09-01,elastic_net,standardized_linear_contribution,npl90_lag_12m,1.86993518073533,0.0,0.0,-0.0,-0.06394150945341956,0.7564887343305929,0.0,development
2,2021-09-01,elastic_net,standardized_linear_contribution,npl90_change_1m_pp,-0.06820280840619009,0.0,0.0,-0.0,-0.06394150945341956,0.7564887343305929,0.0,development
2,2021-09-01,elastic_net,standardized_linear_contribution,npl90_change_3m_pp,-0.27880042182744,0.0,0.0,-0.0,-0.06394150945341956,0.7564887343305929,0.0,development
2,2021-09-01,elastic_net,standardized_linear_contribution,npl90_change_12m_pp,-0.77292000283643,0.0,0.0,-0.0,-0.06394150945341956,0.7564887343305929,0.0,development
2,2021-09-01,elastic_net,standardized_linear_contribution,npl90_rolling_mean_3m,1.1846299029167433,0.0,0.0,-0.0,-0.06394150945341956,0.7564887343305929,0.0,development
2,2021-09-01,elastic_net,standardized_linear_contribution,npl90_rolling_mean_6m,1.2875524145456316,0.0,0.0,-0.0,-0.06394150945341956,0.7564887343305929,0.0,development
2,2021-09-01,elastic_net,standardized_linear_contribution,npl90_rolling_mean_12m,1.3624928793239033,0.2569806670401637,0.2569806670401637,-0.0429726467175831,-0.06394150945341956,0.7564887343305929,0.0,development
2,2021-09-01,elastic_net,standardized_linear_contribution,imacec_yoy_pct,16.973851067691736,0.5300629881343834,0.5300629881343834,0.14043960338863257,-0.06394150945341956,0.7564887343305929,0.0,development
2,2021-09-01,elastic_net,standardized_linear_contribution,ipc_yoy,5.341392625,-0.0,0.0,-0.0,-0.06394150945341956,0.7564887343305929,0.0,development
2,2021-09-01,elastic_net,standardized_linear_contribution,unemployment_rate,8.5475660411635,-0.0,0.0,-0.0,-0.06394150945341956,0.7564887343305929,0.0,development
2,2021-09-01,elastic_net,standardized_linear_contribution,tpm_monthly_average,1.5,-0.0,0.0,0.0,-0.06394150945341956,0.7564887343305929,0.0,development
2,2021-09-01,elastic_net,standardized_linear_contribution,tpm_change_3m_pp,1.0,0.0,0.0,0.0,-0.06394150945341956,0.7564887343305929,0.0,development
2,2021-09-01,elastic_net,standardized_linear_contribution,usdclp_yoy_pct,1.3219263058408481,0.0,0.0,-0.0,-0.06394150945341956,0.7564887343305929,0.0,development
2,2021-09-01,elastic_net,standardized_linear_contribution,consumer_lending_rate,19.34,0.0,0.0,-0.0,-0.06394150945341956,0.7564887343305929,0.0,development
2,2021-09-01,elastic_net,standardized_linear_contribution,consumer_lending_rate_change_3m_pp,1.2899999999999991,-0.0,0.0,-0.0,-0.06394150945341956,0.7564887343305929,0.0,development
2,2021-09-01,elastic_net,standardized_linear_contribution,real_consumer_loans_yoy_pct,-9.321751012142487,-0.0,0.0,0.0,-0.06394150945341956,0.7564887343305929,0.0,development
2,2021-09-01,elastic_net,standardized_linear_contribution,real_m1_yoy_pct,22.218813492192236,-0.0,0.0,-0.0,-0.06394150945341956,0.7564887343305929,0.0,development
2,2021-09-01,elastic_net,standardized_linear_contribution,month_sin,-0.8660254037844385,0.03338658860946551,0.03338658860946551,-0.02697982206394143,-0.06394150945341956,0.7564887343305929,0.0,development
2,2021-09-01,elastic_net,standardized_linear_contribution,month_cos,-0.5000000000000004,0.0,0.0,-0.0,-0.06394150945341956,0.7564887343305929,0.0,development
2,2021-09-01,random_forest,mean_decrease_impurity,npl90_level_t,1.0970151778989,,0.014662158497527236,0.014662158497527236,,-0.009178084974713705,0.0,development
2,2021-09-01,random_forest,mean_decrease_impurity,npl90_lag_1m,1.16521798630509,,0.03682610239737165,0.03682610239737165,,-0.009178084974713705,0.0,development
2,2021-09-01,random_forest,mean_decrease_impurity,npl90_lag_3m,1.37581559972634,,0.170433124558803,0.170433124558803,,-0.009178084974713705,0.0,development
2,2021-09-01,random_forest,mean_decrease_impurity,npl90_lag_6m,1.35624325174208,,0.04967757421279382,0.04967757421279382,,-0.009178084974713705,0.0,development
2,2021-09-01,random_forest,mean_decrease_impurity,npl90_lag_12m,1.86993518073533,,0.020858158027286747,0.020858158027286747,,-0.009178084974713705,0.0,development
2,2021-09-01,random_forest,mean_decrease_impurity,npl90_change_1m_pp,-0.06820280840619009,,0.0,0.0,,-0.009178084974713705,0.0,development
2,2021-09-01,random_forest,mean_decrease_impurity,npl90_change_3m_pp,-0.27880042182744,,0.0,0.0,,-0.009178084974713705,0.0,development
2,2021-09-01,random_forest,mean_decrease_impurity,npl90_change_12m_pp,-0.77292000283643,,0.0013788248285374787,0.0013788248285374787,,-0.009178084974713705,0.0,development
2,2021-09-01,random_forest,mean_decrease_impurity,npl90_rolling_mean_3m,1.1846299029167433,,0.08157091252295859,0.08157091252295859,,-0.009178084974713705,0.0,development
2,2021-09-01,random_forest,mean_decrease_impurity,npl90_rolling_mean_6m,1.2875524145456316,,0.2804578844029912,0.2804578844029912,,-0.009178084974713705,0.0,development
2,2021-09-01,random_forest,mean_decrease_impurity,npl90_rolling_mean_12m,1.3624928793239033,,0.14626726265806467,0.14626726265806467,,-0.009178084974713705,0.0,development
2,2021-09-01,random_forest,mean_decrease_impurity,imacec_yoy_pct,16.973851067691736,,0.05978183882830743,0.05978183882830743,,-0.009178084974713705,0.0,development
2,2021-09-01,random_forest,mean_decrease_impurity,ipc_yoy,5.341392625,,0.0022813424791338363,0.0022813424791338363,,-0.009178084974713705,0.0,development
2,2021-09-01,random_forest,mean_decrease_impurity,unemployment_rate,8.5475660411635,,0.04647479342288999,0.04647479342288999,,-0.009178084974713705,0.0,development
2,2021-09-01,random_forest,mean_decrease_impurity,tpm_monthly_average,1.5,,0.01789657992871246,0.01789657992871246,,-0.009178084974713705,0.0,development
2,2021-09-01,random_forest,mean_decrease_impurity,tpm_change_3m_pp,1.0,,0.0019475056122350374,0.0019475056122350374,,-0.009178084974713705,0.0,development
2,2021-09-01,random_forest,mean_decrease_impurity,usdclp_yoy_pct,1.3219263058408481,,0.0022247905455386593,0.0022247905455386593,,-0.009178084974713705,0.0,development
2,2021-09-01,random_forest,mean_decrease_impurity,consumer_lending_rate,19.34,,0.005420773512260907,0.005420773512260907,,-0.009178084974713705,0.0,development
2,2021-09-01,random_forest,mean_decrease_impurity,consumer_lending_rate_change_3m_pp,1.2899999999999991,,0.0004933569425844575,0.0004933569425844575,,-0.009178084974713705,0.0,development
2,2021-09-01,random_forest,mean_decrease_impurity,real_consumer_loans_yoy_pct,-9.321751012142487,,0.04321830385449918,0.04321830385449918,,-0.009178084974713705,0.0,development
2,2021-09-01,random_forest,mean_decrease_impurity,real_m1_yoy_pct,22.218813492192236,,0.0047632619561715425,0.0047632619561715425,,-0.009178084974713705,0.0,development
2,2021-09-01,random_forest,mean_decrease_impurity,month_sin,-0.8660254037844385,,0.012937668394872504,0.012937668394872504,,-0.009178084974713705,0.0,development
2,2021-09-01,random_forest,mean_decrease_impurity,month_cos,-0.5000000000000004,,0.0004277824164595986,0.0004277824164595986,,-0.009178084974713705,0.0,development
2,2021-09-01,xgboost,tree_shap,npl90_level_t,1.0970151778989,0.024016473442316055,0.024016473442316055,,-0.06466425210237503,-0.001517120748758316,1.3096723705530167e-08,development
2,2021-09-01,xgboost,tree_shap,npl90_lag_1m,1.16521798630509,0.013401482254266739,0.013401482254266739,,-0.06466425210237503,-0.001517120748758316,1.3096723705530167e-08,development
2,2021-09-01,xgboost,tree_shap,npl90_lag_3m,1.37581559972634,0.006024579517543316,0.006024579517543316,,-0.06466425210237503,-0.001517120748758316,1.3096723705530167e-08,development
2,2021-09-01,xgboost,tree_shap,npl90_lag_6m,1.35624325174208,-0.0035966273862868547,0.0035966273862868547,,-0.06466425210237503,-0.001517120748758316,1.3096723705530167e-08,development
2,2021-09-01,xgboost,tree_shap,npl90_lag_12m,1.86993518073533,0.019522570073604584,0.019522570073604584,,-0.06466425210237503,-0.001517120748758316,1.3096723705530167e-08,development
2,2021-09-01,xgboost,tree_shap,npl90_change_1m_pp,-0.06820280840619009,0.0015359028475359082,0.0015359028475359082,,-0.06466425210237503,-0.001517120748758316,1.3096723705530167e-08,development
2,2021-09-01,xgboost,tree_shap,npl90_change_3m_pp,-0.27880042182744,0.009472820907831192,0.009472820907831192,,-0.06466425210237503,-0.001517120748758316,1.3096723705530167e-08,development
2,2021-09-01,xgboost,tree_shap,npl90_change_12m_pp,-0.77292000283643,0.0016068823169916868,0.0016068823169916868,,-0.06466425210237503,-0.001517120748758316,1.3096723705530167e-08,development
2,2021-09-01,xgboost,tree_shap,npl90_rolling_mean_3m,1.1846299029167433,0.008856481872498989,0.008856481872498989,,-0.06466425210237503,-0.001517120748758316,1.3096723705530167e-08,development
2,2021-09-01,xgboost,tree_shap,npl90_rolling_mean_6m,1.2875524145456316,0.032192301005125046,0.032192301005125046,,-0.06466425210237503,-0.001517120748758316,1.3096723705530167e-08,development
2,2021-09-01,xgboost,tree_shap,npl90_rolling_mean_12m,1.3624928793239033,0.005468351300805807,0.005468351300805807,,-0.06466425210237503,-0.001517120748758316,1.3096723705530167e-08,development
2,2021-09-01,xgboost,tree_shap,imacec_yoy_pct,16.973851067691736,0.0005846456624567509,0.0005846456624567509,,-0.06466425210237503,-0.001517120748758316,1.3096723705530167e-08,development
2,2021-09-01,xgboost,tree_shap,ipc_yoy,5.341392625,0.0009880659636110067,0.0009880659636110067,,-0.06466425210237503,-0.001517120748758316,1.3096723705530167e-08,development
2,2021-09-01,xgboost,tree_shap,unemployment_rate,8.5475660411635,-0.004155175760388374,0.004155175760388374,,-0.06466425210237503,-0.001517120748758316,1.3096723705530167e-08,development
2,2021-09-01,xgboost,tree_shap,tpm_monthly_average,1.5,-0.009769169613718987,0.009769169613718987,,-0.06466425210237503,-0.001517120748758316,1.3096723705530167e-08,development
2,2021-09-01,xgboost,tree_shap,tpm_change_3m_pp,1.0,-0.0014669529628008604,0.0014669529628008604,,-0.06466425210237503,-0.001517120748758316,1.3096723705530167e-08,development
2,2021-09-01,xgboost,tree_shap,usdclp_yoy_pct,1.3219263058408481,0.0030075712129473686,0.0030075712129473686,,-0.06466425210237503,-0.001517120748758316,1.3096723705530167e-08,development
2,2021-09-01,xgboost,tree_shap,consumer_lending_rate,19.34,0.016568811610341072,0.016568811610341072,,-0.06466425210237503,-0.001517120748758316,1.3096723705530167e-08,development
2,2021-09-01,xgboost,tree_shap,consumer_lending_rate_change_3m_pp,1.2899999999999991,0.0007925448007881641,0.0007925448007881641,,-0.06466425210237503,-0.001517120748758316,1.3096723705530167e-08,development
2,2021-09-01,xgboost,tree_shap,real_consumer_loans_yoy_pct,-9.321751012142487,-0.09620153158903122,0.09620153158903122,,-0.06466425210237503,-0.001517120748758316,1.3096723705530167e-08,development
2,2021-09-01,xgboost,tree_shap,real_m1_yoy_pct,22.218813492192236,-3.6897778045386076e-05,3.6897778045386076e-05,,-0.06466425210237503,-0.001517120748758316,1.3096723705530167e-08,development
2,2021-09-01,xgboost,tree_shap,month_sin,-0.8660254037844385,0.02861856110394001,0.02861856110394001,,-0.06466425210237503,-0.001517120748758316,1.3096723705530167e-08,development
2,2021-09-01,xgboost,tree_shap,month_cos,-0.5000000000000004,0.005715427454560995,0.005715427454560995,,-0.06466425210237503,-0.001517120748758316,1.3096723705530167e-08,development
2,2021-10-01,elastic_net,standardized_linear_contribution,npl90_level_t,1.07277281062354,0.0,0.0,-0.0,-0.06737402304822908,0.42324312099054084,0.0,development
2,2021-10-01,elastic_net,standardized_linear_contribution,npl90_lag_1m,1.0970151778989,0.0,0.0,-0.0,-0.06737402304822908,0.42324312099054084,0.0,development
2,2021-10-01,elastic_net,standardized_linear_contribution,npl90_lag_3m,1.29165654454624,0.0,0.0,-0.0,-0.06737402304822908,0.42324312099054084,0.0,development
2,2021-10-01,elastic_net,standardized_linear_contribution,npl90_lag_6m,1.39072032609287,0.0,0.0,-0.0,-0.06737402304822908,0.42324312099054084,0.0,development
2,2021-10-01,elastic_net,standardized_linear_contribution,npl90_lag_12m,1.55412562027869,0.0,0.0,-0.0,-0.06737402304822908,0.42324312099054084,0.0,development
2,2021-10-01,elastic_net,standardized_linear_contribution,npl90_change_1m_pp,-0.02424236727536,0.0,0.0,-0.0,-0.06737402304822908,0.42324312099054084,0.0,development
2,2021-10-01,elastic_net,standardized_linear_contribution,npl90_change_3m_pp,-0.2188837339227001,0.0,0.0,-0.0,-0.06737402304822908,0.42324312099054084,0.0,development
2,2021-10-01,elastic_net,standardized_linear_contribution,npl90_change_12m_pp,-0.48135280965515004,0.0,0.0,-0.0,-0.06737402304822908,0.42324312099054084,0.0,development
2,2021-10-01,elastic_net,standardized_linear_contribution,npl90_rolling_mean_3m,1.1116686582758433,0.0,0.0,-0.0,-0.06737402304822908,0.42324312099054084,0.0,development
2,2021-10-01,elastic_net,standardized_linear_contribution,npl90_rolling_mean_6m,1.23456116196741,0.0,0.0,-0.0,-0.06737402304822908,0.42324312099054084,0.0,development
2,2021-10-01,elastic_net,standardized_linear_contribution,npl90_rolling_mean_12m,1.322380145185974,0.016255800704417653,0.016255800704417653,-0.002650221785763757,-0.06737402304822908,0.42324312099054084,0.0,development
2,2021-10-01,elastic_net,standardized_linear_contribution,imacec_yoy_pct,13.569968013941281,0.43600516031121306,0.43600516031121306,0.14672834995693587,-0.06737402304822908,0.42324312099054084,0.0,development
2,2021-10-01,elastic_net,standardized_linear_contribution,ipc_yoy,6.025915976,-0.0,0.0,-0.0,-0.06737402304822908,0.42324312099054084,0.0,development
2,2021-10-01,elastic_net,standardized_linear_contribution,unemployment_rate,8.4056111552988,-0.0,0.0,-0.0,-0.06737402304822908,0.42324312099054084,0.0,development
2,2021-10-01,elastic_net,standardized_linear_contribution,tpm_monthly_average,2.25,-0.00450855399433403,0.00450855399433403,0.03030910992655043,-0.06737402304822908,0.42324312099054084,0.0,development
2,2021-10-01,elastic_net,standardized_linear_contribution,tpm_change_3m_pp,1.62,0.0,0.0,0.0,-0.06737402304822908,0.42324312099054084,0.0,development
2,2021-10-01,elastic_net,standardized_linear_contribution,usdclp_yoy_pct,3.2582047058013153,0.0,0.0,-0.0,-0.06737402304822908,0.42324312099054084,0.0,development
2,2021-10-01,elastic_net,standardized_linear_contribution,consumer_lending_rate,19.79,-0.0,0.0,0.0,-0.06737402304822908,0.42324312099054084,0.0,development
2,2021-10-01,elastic_net,standardized_linear_contribution,consumer_lending_rate_change_3m_pp,1.509999999999998,-0.0,0.0,-0.0,-0.06737402304822908,0.42324312099054084,0.0,development
2,2021-10-01,elastic_net,standardized_linear_contribution,real_consumer_loans_yoy_pct,-8.206410256534069,-0.0,0.0,0.0,-0.06737402304822908,0.42324312099054084,0.0,development
2,2021-10-01,elastic_net,standardized_linear_contribution,real_m1_yoy_pct,21.379678768977772,-0.0,0.0,-0.0,-0.06737402304822908,0.42324312099054084,0.0,development
2,2021-10-01,elastic_net,standardized_linear_contribution,month_sin,-1.0,0.04286473701747324,0.04286473701747324,-0.029843951814425725,-0.06737402304822908,0.42324312099054084,0.0,development
2,2021-10-01,elastic_net,standardized_linear_contribution,month_cos,-1.8369701987210297e-16,0.0,0.0,-0.0,-0.06737402304822908,0.42324312099054084,0.0,development
2,2021-10-01,random_forest,mean_decrease_impurity,npl90_level_t,1.07277281062354,,0.0199235443076873,0.0199235443076873,,-0.014835361785246975,0.0,development
2,2021-10-01,random_forest,mean_decrease_impurity,npl90_lag_1m,1.0970151778989,,0.03673985607009231,0.03673985607009231,,-0.014835361785246975,0.0,development
2,2021-10-01,random_forest,mean_decrease_impurity,npl90_lag_3m,1.29165654454624,,0.16871263692933275,0.16871263692933275,,-0.014835361785246975,0.0,development
2,2021-10-01,random_forest,mean_decrease_impurity,npl90_lag_6m,1.39072032609287,,0.03641339172318189,0.03641339172318189,,-0.014835361785246975,0.0,development
2,2021-10-01,random_forest,mean_decrease_impurity,npl90_lag_12m,1.55412562027869,,0.02537588886315982,0.02537588886315982,,-0.014835361785246975,0.0,development
2,2021-10-01,random_forest,mean_decrease_impurity,npl90_change_1m_pp,-0.02424236727536,,0.0,0.0,,-0.014835361785246975,0.0,development
2,2021-10-01,random_forest,mean_decrease_impurity,npl90_change_3m_pp,-0.2188837339227001,,0.0,0.0,,-0.014835361785246975,0.0,development
2,2021-10-01,random_forest,mean_decrease_impurity,npl90_change_12m_pp,-0.48135280965515004,,0.00021078568068302268,0.00021078568068302268,,-0.014835361785246975,0.0,development
2,2021-10-01,random_forest,mean_decrease_impurity,npl90_rolling_mean_3m,1.1116686582758433,,0.08367173393996963,0.08367173393996963,,-0.014835361785246975,0.0,development
2,2021-10-01,random_forest,mean_decrease_impurity,npl90_rolling_mean_6m,1.23456116196741,,0.27560348882181995,0.27560348882181995,,-0.014835361785246975,0.0,development
2,2021-10-01,random_forest,mean_decrease_impurity,npl90_rolling_mean_12m,1.322380145185974,,0.15124096828622566,0.15124096828622566,,-0.014835361785246975,0.0,development
2,2021-10-01,random_forest,mean_decrease_impurity,imacec_yoy_pct,13.569968013941281,,0.05037121491673579,0.05037121491673579,,-0.014835361785246975,0.0,development
2,2021-10-01,random_forest,mean_decrease_impurity,ipc_yoy,6.025915976,,0.002607540139572781,0.002607540139572781,,-0.014835361785246975,0.0,development
2,2021-10-01,random_forest,mean_decrease_impurity,unemployment_rate,8.4056111552988,,0.04296216298462792,0.04296216298462792,,-0.014835361785246975,0.0,development
2,2021-10-01,random_forest,mean_decrease_impurity,tpm_monthly_average,2.25,,0.01834475521208208,0.01834475521208208,,-0.014835361785246975,0.0,development
2,2021-10-01,random_forest,mean_decrease_impurity,tpm_change_3m_pp,1.62,,0.0022368844816160398,0.0022368844816160398,,-0.014835361785246975,0.0,development
2,2021-10-01,random_forest,mean_decrease_impurity,usdclp_yoy_pct,3.2582047058013153,,0.003715096776214262,0.003715096776214262,,-0.014835361785246975,0.0,development
2,2021-10-01,random_forest,mean_decrease_impurity,consumer_lending_rate,19.79,,0.006480341630851155,0.006480341630851155,,-0.014835361785246975,0.0,development
2,2021-10-01,random_forest,mean_decrease_impurity,consumer_lending_rate_change_3m_pp,1.509999999999998,,0.0018077758491825255,0.0018077758491825255,,-0.014835361785246975,0.0,development
2,2021-10-01,random_forest,mean_decrease_impurity,real_consumer_loans_yoy_pct,-8.206410256534069,,0.04721878252926563,0.04721878252926563,,-0.014835361785246975,0.0,development
2,2021-10-01,random_forest,mean_decrease_impurity,real_m1_yoy_pct,21.379678768977772,,0.013010438077973864,0.013010438077973864,,-0.014835361785246975,0.0,development
2,2021-10-01,random_forest,mean_decrease_impurity,month_sin,-1.0,,0.013156692851995262,0.013156692851995262,,-0.014835361785246975,0.0,development
2,2021-10-01,random_forest,mean_decrease_impurity,month_cos,-1.8369701987210297e-16,,0.00019601992773018702,0.00019601992773018702,,-0.014835361785246975,0.0,development
2,2021-10-01,xgboost,tree_shap,npl90_level_t,1.07277281062354,0.01915322057902813,0.01915322057902813,,-0.06748609989881516,-0.018708733841776848,1.6007106751203537e-08,development
2,2021-10-01,xgboost,tree_shap,npl90_lag_1m,1.0970151778989,0.014352777972817421,0.014352777972817421,,-0.06748609989881516,-0.018708733841776848,1.6007106751203537e-08,development
2,2021-10-01,xgboost,tree_shap,npl90_lag_3m,1.29165654454624,0.004550277255475521,0.004550277255475521,,-0.06748609989881516,-0.018708733841776848,1.6007106751203537e-08,development
2,2021-10-01,xgboost,tree_shap,npl90_lag_6m,1.39072032609287,-0.007335607893764973,0.007335607893764973,,-0.06748609989881516,-0.018708733841776848,1.6007106751203537e-08,development
2,2021-10-01,xgboost,tree_shap,npl90_lag_12m,1.55412562027869,0.019792765378952026,0.019792765378952026,,-0.06748609989881516,-0.018708733841776848,1.6007106751203537e-08,development
2,2021-10-01,xgboost,tree_shap,npl90_change_1m_pp,-0.02424236727536,0.004070138093084097,0.004070138093084097,,-0.06748609989881516,-0.018708733841776848,1.6007106751203537e-08,development
2,2021-10-01,xgboost,tree_shap,npl90_change_3m_pp,-0.2188837339227001,0.010332147590816021,0.010332147590816021,,-0.06748609989881516,-0.018708733841776848,1.6007106751203537e-08,development
2,2021-10-01,xgboost,tree_shap,npl90_change_12m_pp,-0.48135280965515004,0.0006069830269552767,0.0006069830269552767,,-0.06748609989881516,-0.018708733841776848,1.6007106751203537e-08,development
2,2021-10-01,xgboost,tree_shap,npl90_rolling_mean_3m,1.1116686582758433,0.009367717429995537,0.009367717429995537,,-0.06748609989881516,-0.018708733841776848,1.6007106751203537e-08,development
2,2021-10-01,xgboost,tree_shap,npl90_rolling_mean_6m,1.23456116196741,0.0318794921040535,0.0318794921040535,,-0.06748609989881516,-0.018708733841776848,1.6007106751203537e-08,development
2,2021-10-01,xgboost,tree_shap,npl90_rolling_mean_12m,1.322380145185974,0.0033874232321977615,0.0033874232321977615,,-0.06748609989881516,-0.018708733841776848,1.6007106751203537e-08,development
2,2021-10-01,xgboost,tree_shap,imacec_yoy_pct,13.569968013941281,0.0008978651603683829,0.0008978651603683829,,-0.06748609989881516,-0.018708733841776848,1.6007106751203537e-08,development
2,2021-10-01,xgboost,tree_shap,ipc_yoy,6.025915976,0.0007780746673233807,0.0007780746673233807,,-0.06748609989881516,-0.018708733841776848,1.6007106751203537e-08,development
2,2021-10-01,xgboost,tree_shap,unemployment_rate,8.4056111552988,0.0008143669692799449,0.0008143669692799449,,-0.06748609989881516,-0.018708733841776848,1.6007106751203537e-08,development
2,2021-10-01,xgboost,tree_shap,tpm_monthly_average,2.25,0.003092495957389474,0.003092495957389474,,-0.06748609989881516,-0.018708733841776848,1.6007106751203537e-08,development
2,2021-10-01,xgboost,tree_shap,tpm_change_3m_pp,1.62,-0.0015986153157427907,0.0015986153157427907,,-0.06748609989881516,-0.018708733841776848,1.6007106751203537e-08,development
2,2021-10-01,xgboost,tree_shap,usdclp_yoy_pct,3.2582047058013153,0.0020886592101305723,0.0020886592101305723,,-0.06748609989881516,-0.018708733841776848,1.6007106751203537e-08,development
2,2021-10-01,xgboost,tree_shap,consumer_lending_rate,19.79,0.020152714103460312,0.020152714103460312,,-0.06748609989881516,-0.018708733841776848,1.6007106751203537e-08,development
2,2021-10-01,xgboost,tree_shap,consumer_lending_rate_change_3m_pp,1.509999999999998,0.00048119656275957823,0.00048119656275957823,,-0.06748609989881516,-0.018708733841776848,1.6007106751203537e-08,development
2,2021-10-01,xgboost,tree_shap,real_consumer_loans_yoy_pct,-8.206410256534069,-0.12132258713245392,0.12132258713245392,,-0.06748609989881516,-0.018708733841776848,1.6007106751203537e-08,development
2,2021-10-01,xgboost,tree_shap,real_m1_yoy_pct,21.379678768977772,-1.941865775734186e-06,1.941865775734186e-06,,-0.06748609989881516,-0.018708733841776848,1.6007106751203537e-08,development
2,2021-10-01,xgboost,tree_shap,month_sin,-1.0,0.031497761607170105,0.031497761607170105,,-0.06748609989881516,-0.018708733841776848,1.6007106751203537e-08,development
2,2021-10-01,xgboost,tree_shap,month_cos,-1.8369701987210297e-16,0.001740025356411934,0.001740025356411934,,-0.06748609989881516,-0.018708733841776848,1.6007106751203537e-08,development
2,2021-11-01,elastic_net,standardized_linear_contribution,npl90_level_t,1.12606296396866,0.0,0.0,-0.0,-0.07019338125739524,0.3063077932410502,1.1102230246251565e-16,development
2,2021-11-01,elastic_net,standardized_linear_contribution,npl90_lag_1m,1.07277281062354,0.0,0.0,-0.0,-0.07019338125739524,0.3063077932410502,1.1102230246251565e-16,development
2,2021-11-01,elastic_net,standardized_linear_contribution,npl90_lag_3m,1.16521798630509,0.0,0.0,-0.0,-0.07019338125739524,0.3063077932410502,1.1102230246251565e-16,development
2,2021-11-01,elastic_net,standardized_linear_contribution,npl90_lag_6m,1.40488885270435,0.0,0.0,-0.0,-0.07019338125739524,0.3063077932410502,1.1102230246251565e-16,development
2,2021-11-01,elastic_net,standardized_linear_contribution,npl90_lag_12m,1.47457505094144,0.0,0.0,-0.0,-0.07019338125739524,0.3063077932410502,1.1102230246251565e-16,development
2,2021-11-01,elastic_net,standardized_linear_contribution,npl90_change_1m_pp,0.053290153345119995,-0.0,0.0,-0.0,-0.07019338125739524,0.3063077932410502,1.1102230246251565e-16,development
2,2021-11-01,elastic_net,standardized_linear_contribution,npl90_change_3m_pp,-0.03915502233643009,0.0,0.0,-0.0,-0.07019338125739524,0.3063077932410502,1.1102230246251565e-16,development
2,2021-11-01,elastic_net,standardized_linear_contribution,npl90_change_12m_pp,-0.34851208697278,0.0,0.0,-0.0,-0.07019338125739524,0.3063077932410502,1.1102230246251565e-16,development
2,2021-11-01,elastic_net,standardized_linear_contribution,npl90_rolling_mean_3m,1.0986169841637,0.0,0.0,-0.0,-0.07019338125739524,0.3063077932410502,1.1102230246251565e-16,development
2,2021-11-01,elastic_net,standardized_linear_contribution,npl90_rolling_mean_6m,1.1880901805114616,0.0,0.0,-0.0,-0.07019338125739524,0.3063077932410502,1.1102230246251565e-16,development
2,2021-11-01,elastic_net,standardized_linear_contribution,npl90_rolling_mean_12m,1.2933374712715757,0.0,0.0,-0.0,-0.07019338125739524,0.3063077932410502,1.1102230246251565e-16,development
2,2021-11-01,elastic_net,standardized_linear_contribution,imacec_yoy_pct,12.980212375775778,0.31232460871807516,0.31232460871807516,0.11680664437281511,-0.07019338125739524,0.3063077932410502,1.1102230246251565e-16,development
2,2021-11-01,elastic_net,standardized_linear_contribution,ipc_yoy,6.701179435,-0.0,0.0,-0.0,-0.07019338125739524,0.3063077932410502,1.1102230246251565e-16,development
2,2021-11-01,elastic_net,standardized_linear_contribution,unemployment_rate,8.0766005069859,-0.0,0.0,-0.0,-0.07019338125739524,0.3063077932410502,1.1102230246251565e-16,development
2,2021-11-01,elastic_net,standardized_linear_contribution,tpm_monthly_average,2.75,0.022487949820672044,0.022487949820672044,0.060745551180080855,-0.07019338125739524,0.3063077932410502,1.1102230246251565e-16,development
2,2021-11-01,elastic_net,standardized_linear_contribution,tpm_change_3m_pp,2.0,0.0,0.0,0.0,-0.07019338125739524,0.3063077932410502,1.1102230246251565e-16,development
2,2021-11-01,elastic_net,standardized_linear_contribution,usdclp_yoy_pct,6.520653563438805,-0.0,0.0,-0.0,-0.07019338125739524,0.3063077932410502,1.1102230246251565e-16,development
2,2021-11-01,elastic_net,standardized_linear_contribution,consumer_lending_rate,20.91,-0.0,0.0,0.0,-0.07019338125739524,0.3063077932410502,1.1102230246251565e-16,development
2,2021-11-01,elastic_net,standardized_linear_contribution,consumer_lending_rate_change_3m_pp,2.8900000000000006,-0.0,0.0,-0.0,-0.07019338125739524,0.3063077932410502,1.1102230246251565e-16,development
2,2021-11-01,elastic_net,standardized_linear_contribution,real_consumer_loans_yoy_pct,-7.703654768651768,-0.0,0.0,0.0,-0.07019338125739524,0.3063077932410502,1.1102230246251565e-16,development
2,2021-11-01,elastic_net,standardized_linear_contribution,real_m1_yoy_pct,20.41090093641973,-0.0,0.0,-0.0,-0.07019338125739524,0.3063077932410502,1.1102230246251565e-16,development
2,2021-11-01,elastic_net,standardized_linear_contribution,month_sin,-0.8660254037844386,0.04168861595969828,0.04168861595969828,-0.03305450763581559,-0.07019338125739524,0.3063077932410502,1.1102230246251565e-16,development
2,2021-11-01,elastic_net,standardized_linear_contribution,month_cos,0.5000000000000001,0.0,0.0,0.0,-0.07019338125739524,0.3063077932410502,1.1102230246251565e-16,development
2,2021-11-01,random_forest,mean_decrease_impurity,npl90_level_t,1.12606296396866,,0.015127196954919275,0.015127196954919275,,-0.01888388170140153,0.0,development
2,2021-11-01,random_forest,mean_decrease_impurity,npl90_lag_1m,1.07277281062354,,0.03796485721079554,0.03796485721079554,,-0.01888388170140153,0.0,development
2,2021-11-01,random_forest,mean_decrease_impurity,npl90_lag_3m,1.16521798630509,,0.16836874499410567,0.16836874499410567,,-0.01888388170140153,0.0,development
2,2021-11-01,random_forest,mean_decrease_impurity,npl90_lag_6m,1.40488885270435,,0.0371194875107602,0.0371194875107602,,-0.01888388170140153,0.0,development
2,2021-11-01,random_forest,mean_decrease_impurity,npl90_lag_12m,1.47457505094144,,0.032355366549728044,0.032355366549728044,,-0.01888388170140153,0.0,development
2,2021-11-01,random_forest,mean_decrease_impurity,npl90_change_1m_pp,0.053290153345119995,,0.0,0.0,,-0.01888388170140153,0.0,development
2,2021-11-01,random_forest,mean_decrease_impurity,npl90_change_3m_pp,-0.03915502233643009,,0.0009285928056561935,0.0009285928056561935,,-0.01888388170140153,0.0,development
2,2021-11-01,random_forest,mean_decrease_impurity,npl90_change_12m_pp,-0.34851208697278,,0.00021446691078398278,0.00021446691078398278,,-0.01888388170140153,0.0,development
2,2021-11-01,random_forest,mean_decrease_impurity,npl90_rolling_mean_3m,1.0986169841637,,0.07815185661666298,0.07815185661666298,,-0.01888388170140153,0.0,development
2,2021-11-01,random_forest,mean_decrease_impurity,npl90_rolling_mean_6m,1.1880901805114616,,0.27911653769308115,0.27911653769308115,,-0.01888388170140153,0.0,development
2,2021-11-01,random_forest,mean_decrease_impurity,npl90_rolling_mean_12m,1.2933374712715757,,0.12849911274438214,0.12849911274438214,,-0.01888388170140153,0.0,development
2,2021-11-01,random_forest,mean_decrease_impurity,imacec_yoy_pct,12.980212375775778,,0.05894402251601802,0.05894402251601802,,-0.01888388170140153,0.0,development
2,2021-11-01,random_forest,mean_decrease_impurity,ipc_yoy,6.701179435,,0.0030404715500945267,0.0030404715500945267,,-0.01888388170140153,0.0,development
2,2021-11-01,random_forest,mean_decrease_impurity,unemployment_rate,8.0766005069859,,0.04122956787106096,0.04122956787106096,,-0.01888388170140153,0.0,development
2,2021-11-01,random_forest,mean_decrease_impurity,tpm_monthly_average,2.75,,0.02962484996550674,0.02962484996550674,,-0.01888388170140153,0.0,development
2,2021-11-01,random_forest,mean_decrease_impurity,tpm_change_3m_pp,2.0,,0.0013283125178607136,0.0013283125178607136,,-0.01888388170140153,0.0,development
2,2021-11-01,random_forest,mean_decrease_impurity,usdclp_yoy_pct,6.520653563438805,,0.00567233357590525,0.00567233357590525,,-0.01888388170140153,0.0,development
2,2021-11-01,random_forest,mean_decrease_impurity,consumer_lending_rate,20.91,,0.004684622432430709,0.004684622432430709,,-0.01888388170140153,0.0,development
2,2021-11-01,random_forest,mean_decrease_impurity,consumer_lending_rate_change_3m_pp,2.8900000000000006,,0.0003387376537983797,0.0003387376537983797,,-0.01888388170140153,0.0,development
2,2021-11-01,random_forest,mean_decrease_impurity,real_consumer_loans_yoy_pct,-7.703654768651768,,0.048069901340864626,0.048069901340864626,,-0.01888388170140153,0.0,development
2,2021-11-01,random_forest,mean_decrease_impurity,real_m1_yoy_pct,20.41090093641973,,0.012093682883993283,0.012093682883993283,,-0.01888388170140153,0.0,development
2,2021-11-01,random_forest,mean_decrease_impurity,month_sin,-0.8660254037844386,,0.015691152253338878,0.015691152253338878,,-0.01888388170140153,0.0,development
2,2021-11-01,random_forest,mean_decrease_impurity,month_cos,0.5000000000000001,,0.0014361254482527866,0.0014361254482527866,,-0.01888388170140153,0.0,development
2,2021-11-01,xgboost,tree_shap,npl90_level_t,1.12606296396866,0.01765134185552597,0.01765134185552597,,-0.07022033631801605,-0.044882211834192276,1.5745172277092934e-08,development
2,2021-11-01,xgboost,tree_shap,npl90_lag_1m,1.07277281062354,0.01391520258039236,0.01391520258039236,,-0.07022033631801605,-0.044882211834192276,1.5745172277092934e-08,development
2,2021-11-01,xgboost,tree_shap,npl90_lag_3m,1.16521798630509,0.004754876252263784,0.004754876252263784,,-0.07022033631801605,-0.044882211834192276,1.5745172277092934e-08,development
2,2021-11-01,xgboost,tree_shap,npl90_lag_6m,1.40488885270435,-0.0033786138519644737,0.0033786138519644737,,-0.07022033631801605,-0.044882211834192276,1.5745172277092934e-08,development
2,2021-11-01,xgboost,tree_shap,npl90_lag_12m,1.47457505094144,0.020338963717222214,0.020338963717222214,,-0.07022033631801605,-0.044882211834192276,1.5745172277092934e-08,development
2,2021-11-01,xgboost,tree_shap,npl90_change_1m_pp,0.053290153345119995,-0.012974902987480164,0.012974902987480164,,-0.07022033631801605,-0.044882211834192276,1.5745172277092934e-08,development
2,2021-11-01,xgboost,tree_shap,npl90_change_3m_pp,-0.03915502233643009,0.004888957366347313,0.004888957366347313,,-0.07022033631801605,-0.044882211834192276,1.5745172277092934e-08,development
2,2021-11-01,xgboost,tree_shap,npl90_change_12m_pp,-0.34851208697278,0.0004949275753460824,0.0004949275753460824,,-0.07022033631801605,-0.044882211834192276,1.5745172277092934e-08,development
2,2021-11-01,xgboost,tree_shap,npl90_rolling_mean_3m,1.0986169841637,0.009697942063212395,0.009697942063212395,,-0.07022033631801605,-0.044882211834192276,1.5745172277092934e-08,development
2,2021-11-01,xgboost,tree_shap,npl90_rolling_mean_6m,1.1880901805114616,0.03006061352789402,0.03006061352789402,,-0.07022033631801605,-0.044882211834192276,1.5745172277092934e-08,development
2,2021-11-01,xgboost,tree_shap,npl90_rolling_mean_12m,1.2933374712715757,0.0033726487308740616,0.0033726487308740616,,-0.07022033631801605,-0.044882211834192276,1.5745172277092934e-08,development
2,2021-11-01,xgboost,tree_shap,imacec_yoy_pct,12.980212375775778,0.000422165758209303,0.000422165758209303,,-0.07022033631801605,-0.044882211834192276,1.5745172277092934e-08,development
2,2021-11-01,xgboost,tree_shap,ipc_yoy,6.701179435,-0.0006395234959200025,0.0006395234959200025,,-0.07022033631801605,-0.044882211834192276,1.5745172277092934e-08,development
2,2021-11-01,xgboost,tree_shap,unemployment_rate,8.0766005069859,0.0004997207433916628,0.0004997207433916628,,-0.07022033631801605,-0.044882211834192276,1.5745172277092934e-08,development
2,2021-11-01,xgboost,tree_shap,tpm_monthly_average,2.75,0.0018449947237968445,0.0018449947237968445,,-0.07022033631801605,-0.044882211834192276,1.5745172277092934e-08,development
2,2021-11-01,xgboost,tree_shap,tpm_change_3m_pp,2.0,-0.0010864150244742632,0.0010864150244742632,,-0.07022033631801605,-0.044882211834192276,1.5745172277092934e-08,development
2,2021-11-01,xgboost,tree_shap,usdclp_yoy_pct,6.520653563438805,0.004931088071316481,0.004931088071316481,,-0.07022033631801605,-0.044882211834192276,1.5745172277092934e-08,development
2,2021-11-01,xgboost,tree_shap,consumer_lending_rate,20.91,-0.004935815464705229,0.004935815464705229,,-0.07022033631801605,-0.044882211834192276,1.5745172277092934e-08,development
2,2021-11-01,xgboost,tree_shap,consumer_lending_rate_change_3m_pp,2.8900000000000006,0.0007330786902457476,0.0007330786902457476,,-0.07022033631801605,-0.044882211834192276,1.5745172277092934e-08,development
2,2021-11-01,xgboost,tree_shap,real_consumer_loans_yoy_pct,-7.703654768651768,-0.09901450574398041,0.09901450574398041,,-0.07022033631801605,-0.044882211834192276,1.5745172277092934e-08,development
2,2021-11-01,xgboost,tree_shap,real_m1_yoy_pct,20.41090093641973,-0.002107582986354828,0.002107582986354828,,-0.07022033631801605,-0.044882211834192276,1.5745172277092934e-08,development
2,2021-11-01,xgboost,tree_shap,month_sin,-0.8660254037844386,0.039843667298555374,0.039843667298555374,,-0.07022033631801605,-0.044882211834192276,1.5745172277092934e-08,development
2,2021-11-01,xgboost,tree_shap,month_cos,0.5000000000000001,-0.003974689170718193,0.003974689170718193,,-0.07022033631801605,-0.044882211834192276,1.5745172277092934e-08,development
2,2021-12-01,elastic_net,standardized_linear_contribution,npl90_level_t,1.13208442460048,0.0,0.0,-0.0,-0.07247677328198028,0.24213380591808087,5.551115123125783e-17,development
2,2021-12-01,elastic_net,standardized_linear_contribution,npl90_lag_1m,1.12606296396866,0.0,0.0,-0.0,-0.07247677328198028,0.24213380591808087,5.551115123125783e-17,development
2,2021-12-01,elastic_net,standardized_linear_contribution,npl90_lag_3m,1.0970151778989,0.0,0.0,-0.0,-0.07247677328198028,0.24213380591808087,5.551115123125783e-17,development
2,2021-12-01,elastic_net,standardized_linear_contribution,npl90_lag_6m,1.37581559972634,0.0,0.0,-0.0,-0.07247677328198028,0.24213380591808087,5.551115123125783e-17,development
2,2021-12-01,elastic_net,standardized_linear_contribution,npl90_lag_12m,1.4302200300584,0.0,0.0,-0.0,-0.07247677328198028,0.24213380591808087,5.551115123125783e-17,development
2,2021-12-01,elastic_net,standardized_linear_contribution,npl90_change_1m_pp,0.006021460631820075,-0.0,0.0,-0.0,-0.07247677328198028,0.24213380591808087,5.551115123125783e-17,development
2,2021-12-01,elastic_net,standardized_linear_contribution,npl90_change_3m_pp,0.03506924670158007,-0.0,0.0,-0.0,-0.07247677328198028,0.24213380591808087,5.551115123125783e-17,development
2,2021-12-01,elastic_net,standardized_linear_contribution,npl90_change_12m_pp,-0.29813560545792006,0.0,0.0,-0.0,-0.07247677328198028,0.24213380591808087,5.551115123125783e-17,development
2,2021-12-01,elastic_net,standardized_linear_contribution,npl90_rolling_mean_3m,1.1103067330642267,0.0,0.0,-0.0,-0.07247677328198028,0.24213380591808087,5.551115123125783e-17,development
2,2021-12-01,elastic_net,standardized_linear_contribution,npl90_rolling_mean_6m,1.147468317990485,0.0,0.0,-0.0,-0.07247677328198028,0.24213380591808087,5.551115123125783e-17,development
2,2021-12-01,elastic_net,standardized_linear_contribution,npl90_rolling_mean_12m,1.268492837483416,0.0,0.0,-0.0,-0.07247677328198028,0.24213380591808087,5.551115123125783e-17,development
2,2021-12-01,elastic_net,standardized_linear_contribution,imacec_yoy_pct,12.475788440425607,0.19916616410425306,0.19916616410425306,0.08671405824779929,-0.07247677328198028,0.24213380591808087,5.551115123125783e-17,development
2,2021-12-01,elastic_net,standardized_linear_contribution,ipc_yoy,7.17284093,-0.0,0.0,-0.0,-0.07247677328198028,0.24213380591808087,5.551115123125783e-17,development
2,2021-12-01,elastic_net,standardized_linear_contribution,unemployment_rate,7.527649055274,0.0,0.0,-0.0,-0.07247677328198028,0.24213380591808087,5.551115123125783e-17,development
2,2021-12-01,elastic_net,standardized_linear_contribution,tpm_monthly_average,3.46,0.09155250149732987,0.09155250149732987,0.08508632051600308,-0.07247677328198028,0.24213380591808087,5.551115123125783e-17,development
2,2021-12-01,elastic_net,standardized_linear_contribution,tpm_change_3m_pp,1.96,0.0,0.0,0.0,-0.07247677328198028,0.24213380591808087,5.551115123125783e-17,development
2,2021-12-01,elastic_net,standardized_linear_contribution,usdclp_yoy_pct,15.568771888822885,-0.0,0.0,-0.0,-0.07247677328198028,0.24213380591808087,5.551115123125783e-17,development
2,2021-12-01,elastic_net,standardized_linear_contribution,consumer_lending_rate,22.02,0.0,0.0,0.0,-0.07247677328198028,0.24213380591808087,5.551115123125783e-17,development
2,2021-12-01,elastic_net,standardized_linear_contribution,consumer_lending_rate_change_3m_pp,2.6799999999999997,-0.0,0.0,-0.0,-0.07247677328198028,0.24213380591808087,5.551115123125783e-17,development
2,2021-12-01,elastic_net,standardized_linear_contribution,real_consumer_loans_yoy_pct,-6.697799696564111,-0.0,0.0,0.0,-0.07247677328198028,0.24213380591808087,5.551115123125783e-17,development
2,2021-12-01,elastic_net,standardized_linear_contribution,real_m1_yoy_pct,13.987553949339325,0.0,0.0,-0.0,-0.07247677328198028,0.24213380591808087,5.551115123125783e-17,development
2,2021-12-01,elastic_net,standardized_linear_contribution,month_sin,-0.5000000000000004,0.023891913598478174,0.023891913598478174,-0.03138969100957811,-0.07247677328198028,0.24213380591808087,5.551115123125783e-17,development
2,2021-12-01,elastic_net,standardized_linear_contribution,month_cos,0.8660254037844384,0.0,0.0,0.0,-0.07247677328198028,0.24213380591808087,5.551115123125783e-17,development
2,2021-12-01,random_forest,mean_decrease_impurity,npl90_level_t,1.13208442460048,,0.014866485794362089,0.014866485794362089,,-0.011029391351515932,0.0,development
2,2021-12-01,random_forest,mean_decrease_impurity,npl90_lag_1m,1.12606296396866,,0.04691564425220123,0.04691564425220123,,-0.011029391351515932,0.0,development
2,2021-12-01,random_forest,mean_decrease_impurity,npl90_lag_3m,1.0970151778989,,0.15902725768140702,0.15902725768140702,,-0.011029391351515932,0.0,development
2,2021-12-01,random_forest,mean_decrease_impurity,npl90_lag_6m,1.37581559972634,,0.02980076345589181,0.02980076345589181,,-0.011029391351515932,0.0,development
2,2021-12-01,random_forest,mean_decrease_impurity,npl90_lag_12m,1.4302200300584,,0.03680031061175558,0.03680031061175558,,-0.011029391351515932,0.0,development
2,2021-12-01,random_forest,mean_decrease_impurity,npl90_change_1m_pp,0.006021460631820075,,0.0011366543894682142,0.0011366543894682142,,-0.011029391351515932,0.0,development
2,2021-12-01,random_forest,mean_decrease_impurity,npl90_change_3m_pp,0.03506924670158007,,0.0009279497787616441,0.0009279497787616441,,-0.011029391351515932,0.0,development
2,2021-12-01,random_forest,mean_decrease_impurity,npl90_change_12m_pp,-0.29813560545792006,,0.0,0.0,,-0.011029391351515932,0.0,development
2,2021-12-01,random_forest,mean_decrease_impurity,npl90_rolling_mean_3m,1.1103067330642267,,0.08338910518723847,0.08338910518723847,,-0.011029391351515932,0.0,development
2,2021-12-01,random_forest,mean_decrease_impurity,npl90_rolling_mean_6m,1.147468317990485,,0.26559012476444965,0.26559012476444965,,-0.011029391351515932,0.0,development
2,2021-12-01,random_forest,mean_decrease_impurity,npl90_rolling_mean_12m,1.268492837483416,,0.1240865044092539,0.1240865044092539,,-0.011029391351515932,0.0,development
2,2021-12-01,random_forest,mean_decrease_impurity,imacec_yoy_pct,12.475788440425607,,0.06251936879886848,0.06251936879886848,,-0.011029391351515932,0.0,development
2,2021-12-01,random_forest,mean_decrease_impurity,ipc_yoy,7.17284093,,0.00442842377399179,0.00442842377399179,,-0.011029391351515932,0.0,development
2,2021-12-01,random_forest,mean_decrease_impurity,unemployment_rate,7.527649055274,,0.03870179497545139,0.03870179497545139,,-0.011029391351515932,0.0,development
2,2021-12-01,random_forest,mean_decrease_impurity,tpm_monthly_average,3.46,,0.026815656379868498,0.026815656379868498,,-0.011029391351515932,0.0,development
2,2021-12-01,random_forest,mean_decrease_impurity,tpm_change_3m_pp,1.96,,0.00013949105884469707,0.00013949105884469707,,-0.011029391351515932,0.0,development
2,2021-12-01,random_forest,mean_decrease_impurity,usdclp_yoy_pct,15.568771888822885,,0.008019259799695231,0.008019259799695231,,-0.011029391351515932,0.0,development
2,2021-12-01,random_forest,mean_decrease_impurity,consumer_lending_rate,22.02,,0.009834945973442078,0.009834945973442078,,-0.011029391351515932,0.0,development
2,2021-12-01,random_forest,mean_decrease_impurity,consumer_lending_rate_change_3m_pp,2.6799999999999997,,0.0003308663722216229,0.0003308663722216229,,-0.011029391351515932,0.0,development
2,2021-12-01,random_forest,mean_decrease_impurity,real_consumer_loans_yoy_pct,-6.697799696564111,,0.057851098242911306,0.057851098242911306,,-0.011029391351515932,0.0,development
2,2021-12-01,random_forest,mean_decrease_impurity,real_m1_yoy_pct,13.987553949339325,,0.012393724928010207,0.012393724928010207,,-0.011029391351515932,0.0,development
2,2021-12-01,random_forest,mean_decrease_impurity,month_sin,-0.5000000000000004,,0.014982128662442907,0.014982128662442907,,-0.011029391351515932,0.0,development
2,2021-12-01,random_forest,mean_decrease_impurity,month_cos,0.8660254037844384,,0.0014424407094623527,0.0014424407094623527,,-0.011029391351515932,0.0,development
2,2021-12-01,xgboost,tree_shap,npl90_level_t,1.13208442460048,0.018666598945856094,0.018666598945856094,,-0.07215738296508789,-0.030048849061131477,1.1947122402489185e-08,development
2,2021-12-01,xgboost,tree_shap,npl90_lag_1m,1.12606296396866,0.015416733920574188,0.015416733920574188,,-0.07215738296508789,-0.030048849061131477,1.1947122402489185e-08,development
2,2021-12-01,xgboost,tree_shap,npl90_lag_3m,1.0970151778989,-0.0008377780904993415,0.0008377780904993415,,-0.07215738296508789,-0.030048849061131477,1.1947122402489185e-08,development
2,2021-12-01,xgboost,tree_shap,npl90_lag_6m,1.37581559972634,-0.008449089713394642,0.008449089713394642,,-0.07215738296508789,-0.030048849061131477,1.1947122402489185e-08,development
2,2021-12-01,xgboost,tree_shap,npl90_lag_12m,1.4302200300584,0.023577341809868813,0.023577341809868813,,-0.07215738296508789,-0.030048849061131477,1.1947122402489185e-08,development
2,2021-12-01,xgboost,tree_shap,npl90_change_1m_pp,0.006021460631820075,0.005904102232307196,0.005904102232307196,,-0.07215738296508789,-0.030048849061131477,1.1947122402489185e-08,development
2,2021-12-01,xgboost,tree_shap,npl90_change_3m_pp,0.03506924670158007,-0.002546280389651656,0.002546280389651656,,-0.07215738296508789,-0.030048849061131477,1.1947122402489185e-08,development
2,2021-12-01,xgboost,tree_shap,npl90_change_12m_pp,-0.29813560545792006,0.0002949302433989942,0.0002949302433989942,,-0.07215738296508789,-0.030048849061131477,1.1947122402489185e-08,development
2,2021-12-01,xgboost,tree_shap,npl90_rolling_mean_3m,1.1103067330642267,0.009102470241487026,0.009102470241487026,,-0.07215738296508789,-0.030048849061131477,1.1947122402489185e-08,development
2,2021-12-01,xgboost,tree_shap,npl90_rolling_mean_6m,1.147468317990485,0.03061996027827263,0.03061996027827263,,-0.07215738296508789,-0.030048849061131477,1.1947122402489185e-08,development
2,2021-12-01,xgboost,tree_shap,npl90_rolling_mean_12m,1.268492837483416,0.003255564719438553,0.003255564719438553,,-0.07215738296508789,-0.030048849061131477,1.1947122402489185e-08,development
2,2021-12-01,xgboost,tree_shap,imacec_yoy_pct,12.475788440425607,-1.956445339601487e-05,1.956445339601487e-05,,-0.07215738296508789,-0.030048849061131477,1.1947122402489185e-08,development
2,2021-12-01,xgboost,tree_shap,ipc_yoy,7.17284093,-0.0003009764477610588,0.0003009764477610588,,-0.07215738296508789,-0.030048849061131477,1.1947122402489185e-08,development
2,2021-12-01,xgboost,tree_shap,unemployment_rate,7.527649055274,0.013363421894609928,0.013363421894609928,,-0.07215738296508789,-0.030048849061131477,1.1947122402489185e-08,development
2,2021-12-01,xgboost,tree_shap,tpm_monthly_average,3.46,0.0009872158989310265,0.0009872158989310265,,-0.07215738296508789,-0.030048849061131477,1.1947122402489185e-08,development
2,2021-12-01,xgboost,tree_shap,tpm_change_3m_pp,1.96,-0.0011703497730195522,0.0011703497730195522,,-0.07215738296508789,-0.030048849061131477,1.1947122402489185e-08,development
2,2021-12-01,xgboost,tree_shap,usdclp_yoy_pct,15.568771888822885,0.004470095969736576,0.004470095969736576,,-0.07215738296508789,-0.030048849061131477,1.1947122402489185e-08,development
2,2021-12-01,xgboost,tree_shap,consumer_lending_rate,22.02,-0.007077889982610941,0.007077889982610941,,-0.07215738296508789,-0.030048849061131477,1.1947122402489185e-08,development
2,2021-12-01,xgboost,tree_shap,consumer_lending_rate_change_3m_pp,2.6799999999999997,0.0005055202054791152,0.0005055202054791152,,-0.07215738296508789,-0.030048849061131477,1.1947122402489185e-08,development
2,2021-12-01,xgboost,tree_shap,real_consumer_loans_yoy_pct,-6.697799696564111,-0.09230930358171463,0.09230930358171463,,-0.07215738296508789,-0.030048849061131477,1.1947122402489185e-08,development
2,2021-12-01,xgboost,tree_shap,real_m1_yoy_pct,13.987553949339325,-0.002078304998576641,0.002078304998576641,,-0.07215738296508789,-0.030048849061131477,1.1947122402489185e-08,development
2,2021-12-01,xgboost,tree_shap,month_sin,-0.5000000000000004,0.033838946372270584,0.033838946372270584,,-0.07215738296508789,-0.030048849061131477,1.1947122402489185e-08,development
2,2021-12-01,xgboost,tree_shap,month_cos,0.8660254037844384,-0.0031048194505274296,0.0031048194505274296,,-0.07215738296508789,-0.030048849061131477,1.1947122402489185e-08,development
2,2022-01-01,elastic_net,standardized_linear_contribution,npl90_level_t,1.23712087911503,0.0,0.0,-0.0,-0.07224377188132096,0.2027867241008034,0.0,development
2,2022-01-01,elastic_net,standardized_linear_contribution,npl90_lag_1m,1.13208442460048,0.0,0.0,-0.0,-0.07224377188132096,0.2027867241008034,0.0,development
2,2022-01-01,elastic_net,standardized_linear_contribution,npl90_lag_3m,1.07277281062354,0.0,0.0,-0.0,-0.07224377188132096,0.2027867241008034,0.0,development
2,2022-01-01,elastic_net,standardized_linear_contribution,npl90_lag_6m,1.29165654454624,0.0,0.0,-0.0,-0.07224377188132096,0.2027867241008034,0.0,development
2,2022-01-01,elastic_net,standardized_linear_contribution,npl90_lag_12m,1.40921610827289,0.0,0.0,-0.0,-0.07224377188132096,0.2027867241008034,0.0,development
2,2022-01-01,elastic_net,standardized_linear_contribution,npl90_change_1m_pp,0.10503645451455013,0.0,0.0,0.0,-0.07224377188132096,0.2027867241008034,0.0,development
2,2022-01-01,elastic_net,standardized_linear_contribution,npl90_change_3m_pp,0.1643480684914902,-0.0,0.0,-0.0,-0.07224377188132096,0.2027867241008034,0.0,development
2,2022-01-01,elastic_net,standardized_linear_contribution,npl90_change_12m_pp,-0.1720952291578599,0.0,0.0,-0.0,-0.07224377188132096,0.2027867241008034,0.0,development
2,2022-01-01,elastic_net,standardized_linear_contribution,npl90_rolling_mean_3m,1.1650894225613901,0.0,0.0,-0.0,-0.07224377188132096,0.2027867241008034,0.0,development
2,2022-01-01,elastic_net,standardized_linear_contribution,npl90_rolling_mean_6m,1.1383790404186167,0.0,0.0,-0.0,-0.07224377188132096,0.2027867241008034,0.0,development
2,2022-01-01,elastic_net,standardized_linear_contribution,npl90_rolling_mean_12m,1.2541515683869273,0.0,0.0,-0.0,-0.07224377188132096,0.2027867241008034,0.0,development
2,2022-01-01,elastic_net,standardized_linear_contribution,imacec_yoy_pct,8.989807028684993,0.10681652007393361,0.10681652007393361,0.075475859800647,-0.07224377188132096,0.2027867241008034,0.0,development
2,2022-01-01,elastic_net,standardized_linear_contribution,ipc_yoy,7.703733136,-0.0,0.0,-0.0,-0.07224377188132096,0.2027867241008034,0.0,development
2,2022-01-01,elastic_net,standardized_linear_contribution,unemployment_rate,7.1898934478904,0.0,0.0,-0.0,-0.07224377188132096,0.2027867241008034,0.0,development
2,2022-01-01,elastic_net,standardized_linear_contribution,tpm_monthly_average,4.21,0.16652313967569757,0.16652313967569757,0.0923250192850323,-0.07224377188132096,0.2027867241008034,0.0,development
2,2022-01-01,elastic_net,standardized_linear_contribution,tpm_change_3m_pp,1.96,0.0,0.0,0.0,-0.07224377188132096,0.2027867241008034,0.0,development
2,2022-01-01,elastic_net,standardized_linear_contribution,usdclp_yoy_pct,13.61249163851863,-0.0,0.0,-0.0,-0.07224377188132096,0.2027867241008034,0.0,development
2,2022-01-01,elastic_net,standardized_linear_contribution,consumer_lending_rate,22.96,0.0,0.0,0.0,-0.07224377188132096,0.2027867241008034,0.0,development
2,2022-01-01,elastic_net,standardized_linear_contribution,consumer_lending_rate_change_3m_pp,3.1700000000000017,-0.0,0.0,-0.0,-0.07224377188132096,0.2027867241008034,0.0,development
2,2022-01-01,elastic_net,standardized_linear_contribution,real_consumer_loans_yoy_pct,-5.421005696660918,-0.0,0.0,0.0,-0.07224377188132096,0.2027867241008034,0.0,development
2,2022-01-01,elastic_net,standardized_linear_contribution,real_m1_yoy_pct,3.7976814263012137,0.0,0.0,-0.0,-0.07224377188132096,0.2027867241008034,0.0,development
2,2022-01-01,elastic_net,standardized_linear_contribution,month_sin,0.0,0.0016908362324931996,0.0016908362324931996,-0.02852614023253944,-0.07224377188132096,0.2027867241008034,0.0,development
2,2022-01-01,elastic_net,standardized_linear_contribution,month_cos,1.0,0.0,0.0,0.0,-0.07224377188132096,0.2027867241008034,0.0,development
2,2022-01-01,random_forest,mean_decrease_impurity,npl90_level_t,1.23712087911503,,0.01420977720375657,0.01420977720375657,,-0.007758752525873395,0.0,development
2,2022-01-01,random_forest,mean_decrease_impurity,npl90_lag_1m,1.13208442460048,,0.02590235030131001,0.02590235030131001,,-0.007758752525873395,0.0,development
2,2022-01-01,random_forest,mean_decrease_impurity,npl90_lag_3m,1.07277281062354,,0.17204945740421193,0.17204945740421193,,-0.007758752525873395,0.0,development
2,2022-01-01,random_forest,mean_decrease_impurity,npl90_lag_6m,1.29165654454624,,0.03720110502681009,0.03720110502681009,,-0.007758752525873395,0.0,development
2,2022-01-01,random_forest,mean_decrease_impurity,npl90_lag_12m,1.40921610827289,,0.036394869145400445,0.036394869145400445,,-0.007758752525873395,0.0,development
2,2022-01-01,random_forest,mean_decrease_impurity,npl90_change_1m_pp,0.10503645451455013,,0.001561410205182633,0.001561410205182633,,-0.007758752525873395,0.0,development
2,2022-01-01,random_forest,mean_decrease_impurity,npl90_change_3m_pp,0.1643480684914902,,0.0009304032264989274,0.0009304032264989274,,-0.007758752525873395,0.0,development
2,2022-01-01,random_forest,mean_decrease_impurity,npl90_change_12m_pp,-0.1720952291578599,,0.00025948716242302845,0.00025948716242302845,,-0.007758752525873395,0.0,development
2,2022-01-01,random_forest,mean_decrease_impurity,npl90_rolling_mean_3m,1.1650894225613901,,0.0782502026354323,0.0782502026354323,,-0.007758752525873395,0.0,development
2,2022-01-01,random_forest,mean_decrease_impurity,npl90_rolling_mean_6m,1.1383790404186167,,0.29126701854679365,0.29126701854679365,,-0.007758752525873395,0.0,development
2,2022-01-01,random_forest,mean_decrease_impurity,npl90_rolling_mean_12m,1.2541515683869273,,0.11874104057479382,0.11874104057479382,,-0.007758752525873395,0.0,development
2,2022-01-01,random_forest,mean_decrease_impurity,imacec_yoy_pct,8.989807028684993,,0.07148571178094489,0.07148571178094489,,-0.007758752525873395,0.0,development
2,2022-01-01,random_forest,mean_decrease_impurity,ipc_yoy,7.703733136,,0.0028918020443339143,0.0028918020443339143,,-0.007758752525873395,0.0,development
2,2022-01-01,random_forest,mean_decrease_impurity,unemployment_rate,7.1898934478904,,0.025820338527253933,0.025820338527253933,,-0.007758752525873395,0.0,development
2,2022-01-01,random_forest,mean_decrease_impurity,tpm_monthly_average,4.21,,0.03211066004840435,0.03211066004840435,,-0.007758752525873395,0.0,development
2,2022-01-01,random_forest,mean_decrease_impurity,tpm_change_3m_pp,1.96,,0.0010328305455487726,0.0010328305455487726,,-0.007758752525873395,0.0,development
2,2022-01-01,random_forest,mean_decrease_impurity,usdclp_yoy_pct,13.61249163851863,,0.007764736538135953,0.007764736538135953,,-0.007758752525873395,0.0,development
2,2022-01-01,random_forest,mean_decrease_impurity,consumer_lending_rate,22.96,,0.004540529563806919,0.004540529563806919,,-0.007758752525873395,0.0,development
2,2022-01-01,random_forest,mean_decrease_impurity,consumer_lending_rate_change_3m_pp,3.1700000000000017,,0.0016216991589478866,0.0016216991589478866,,-0.007758752525873395,0.0,development
2,2022-01-01,random_forest,mean_decrease_impurity,real_consumer_loans_yoy_pct,-5.421005696660918,,0.049335660199554945,0.049335660199554945,,-0.007758752525873395,0.0,development
2,2022-01-01,random_forest,mean_decrease_impurity,real_m1_yoy_pct,3.7976814263012137,,0.01180516466303703,0.01180516466303703,,-0.007758752525873395,0.0,development
2,2022-01-01,random_forest,mean_decrease_impurity,month_sin,0.0,,0.014823745497418078,0.014823745497418078,,-0.007758752525873395,0.0,development
2,2022-01-01,random_forest,mean_decrease_impurity,month_cos,1.0,,0.0,0.0,,-0.007758752525873395,0.0,development
2,2022-01-01,xgboost,tree_shap,npl90_level_t,1.23712087911503,0.01827690377831459,0.01827690377831459,,-0.07291913032531738,-0.050944577902555466,9.866198524832726e-09,development
2,2022-01-01,xgboost,tree_shap,npl90_lag_1m,1.13208442460048,0.012725035659968853,0.012725035659968853,,-0.07291913032531738,-0.050944577902555466,9.866198524832726e-09,development
2,2022-01-01,xgboost,tree_shap,npl90_lag_3m,1.07277281062354,0.0022679604589939117,0.0022679604589939117,,-0.07291913032531738,-0.050944577902555466,9.866198524832726e-09,development
2,2022-01-01,xgboost,tree_shap,npl90_lag_6m,1.29165654454624,-0.006086588371545076,0.006086588371545076,,-0.07291913032531738,-0.050944577902555466,9.866198524832726e-09,development
2,2022-01-01,xgboost,tree_shap,npl90_lag_12m,1.40921610827289,0.021864425390958786,0.021864425390958786,,-0.07291913032531738,-0.050944577902555466,9.866198524832726e-09,development
2,2022-01-01,xgboost,tree_shap,npl90_change_1m_pp,0.10503645451455013,-0.0200630035251379,0.0200630035251379,,-0.07291913032531738,-0.050944577902555466,9.866198524832726e-09,development
2,2022-01-01,xgboost,tree_shap,npl90_change_3m_pp,0.1643480684914902,-0.010033855214715004,0.010033855214715004,,-0.07291913032531738,-0.050944577902555466,9.866198524832726e-09,development
2,2022-01-01,xgboost,tree_shap,npl90_change_12m_pp,-0.1720952291578599,0.0006111520924605429,0.0006111520924605429,,-0.07291913032531738,-0.050944577902555466,9.866198524832726e-09,development
2,2022-01-01,xgboost,tree_shap,npl90_rolling_mean_3m,1.1650894225613901,0.008915088139474392,0.008915088139474392,,-0.07291913032531738,-0.050944577902555466,9.866198524832726e-09,development
2,2022-01-01,xgboost,tree_shap,npl90_rolling_mean_6m,1.1383790404186167,0.02946361154317856,0.02946361154317856,,-0.07291913032531738,-0.050944577902555466,9.866198524832726e-09,development
2,2022-01-01,xgboost,tree_shap,npl90_rolling_mean_12m,1.2541515683869273,0.0035673233214765787,0.0035673233214765787,,-0.07291913032531738,-0.050944577902555466,9.866198524832726e-09,development
2,2022-01-01,xgboost,tree_shap,imacec_yoy_pct,8.989807028684993,0.00018115504644811153,0.00018115504644811153,,-0.07291913032531738,-0.050944577902555466,9.866198524832726e-09,development
2,2022-01-01,xgboost,tree_shap,ipc_yoy,7.703733136,-0.0012810041662305593,0.0012810041662305593,,-0.07291913032531738,-0.050944577902555466,9.866198524832726e-09,development
2,2022-01-01,xgboost,tree_shap,unemployment_rate,7.1898934478904,0.016569606959819794,0.016569606959819794,,-0.07291913032531738,-0.050944577902555466,9.866198524832726e-09,development
2,2022-01-01,xgboost,tree_shap,tpm_monthly_average,4.21,0.006879252381622791,0.006879252381622791,,-0.07291913032531738,-0.050944577902555466,9.866198524832726e-09,development
2,2022-01-01,xgboost,tree_shap,tpm_change_3m_pp,1.96,-0.0010340174194425344,0.0010340174194425344,,-0.07291913032531738,-0.050944577902555466,9.866198524832726e-09,development
2,2022-01-01,xgboost,tree_shap,usdclp_yoy_pct,13.61249163851863,0.005916572641581297,0.005916572641581297,,-0.07291913032531738,-0.050944577902555466,9.866198524832726e-09,development
2,2022-01-01,xgboost,tree_shap,consumer_lending_rate,22.96,-0.004879070445895195,0.004879070445895195,,-0.07291913032531738,-0.050944577902555466,9.866198524832726e-09,development
2,2022-01-01,xgboost,tree_shap,consumer_lending_rate_change_3m_pp,3.1700000000000017,0.00027971380040980875,0.00027971380040980875,,-0.07291913032531738,-0.050944577902555466,9.866198524832726e-09,development
2,2022-01-01,xgboost,tree_shap,real_consumer_loans_yoy_pct,-5.421005696660918,-0.08334041386842728,0.08334041386842728,,-0.07291913032531738,-0.050944577902555466,9.866198524832726e-09,development
2,2022-01-01,xgboost,tree_shap,real_m1_yoy_pct,3.7976814263012137,0.001013609697110951,0.001013609697110951,,-0.07291913032531738,-0.050944577902555466,9.866198524832726e-09,development
2,2022-01-01,xgboost,tree_shap,month_sin,0.0,0.023268889635801315,0.023268889635801315,,-0.07291913032531738,-0.050944577902555466,9.866198524832726e-09,development
2,2022-01-01,xgboost,tree_shap,month_cos,1.0,-0.0031077852472662926,0.0031077852472662926,,-0.07291913032531738,-0.050944577902555466,9.866198524832726e-09,development
2,2022-02-01,elastic_net,standardized_linear_contribution,npl90_level_t,1.32144104209642,0.0,0.0,-0.0,-0.06931470998808187,0.2490675288204024,5.551115123125783e-17,development
2,2022-02-01,elastic_net,standardized_linear_contribution,npl90_lag_1m,1.23712087911503,0.0,0.0,-0.0,-0.06931470998808187,0.2490675288204024,5.551115123125783e-17,development
2,2022-02-01,elastic_net,standardized_linear_contribution,npl90_lag_3m,1.12606296396866,0.0,0.0,-0.0,-0.06931470998808187,0.2490675288204024,5.551115123125783e-17,development
2,2022-02-01,elastic_net,standardized_linear_contribution,npl90_lag_6m,1.16521798630509,0.0,0.0,-0.0,-0.06931470998808187,0.2490675288204024,5.551115123125783e-17,development
2,2022-02-01,elastic_net,standardized_linear_contribution,npl90_lag_12m,1.40022000331955,0.0,0.0,-0.0,-0.06931470998808187,0.2490675288204024,5.551115123125783e-17,development
2,2022-02-01,elastic_net,standardized_linear_contribution,npl90_change_1m_pp,0.08432016298138989,0.0,0.0,0.0,-0.06931470998808187,0.2490675288204024,5.551115123125783e-17,development
2,2022-02-01,elastic_net,standardized_linear_contribution,npl90_change_3m_pp,0.1953780781277601,-0.0,0.0,-0.0,-0.06931470998808187,0.2490675288204024,5.551115123125783e-17,development
2,2022-02-01,elastic_net,standardized_linear_contribution,npl90_change_12m_pp,-0.07877896122313,-0.0,0.0,-0.0,-0.06931470998808187,0.2490675288204024,5.551115123125783e-17,development
2,2022-02-01,elastic_net,standardized_linear_contribution,npl90_rolling_mean_3m,1.2302154486039767,0.0,0.0,-0.0,-0.06931470998808187,0.2490675288204024,5.551115123125783e-17,development
2,2022-02-01,elastic_net,standardized_linear_contribution,npl90_rolling_mean_6m,1.1644162163838383,0.0,0.0,-0.0,-0.06931470998808187,0.2490675288204024,5.551115123125783e-17,development
2,2022-02-01,elastic_net,standardized_linear_contribution,npl90_rolling_mean_12m,1.2475866549516665,0.0,0.0,-0.0,-0.06931470998808187,0.2490675288204024,5.551115123125783e-17,development
2,2022-02-01,elastic_net,standardized_linear_contribution,imacec_yoy_pct,6.306360577663828,0.06410878843508815,0.06410878843508815,0.07777137833397768,-0.06931470998808187,0.2490675288204024,5.551115123125783e-17,development
2,2022-02-01,elastic_net,standardized_linear_contribution,ipc_yoy,7.815572432,-0.0,0.0,-0.0,-0.06931470998808187,0.2490675288204024,5.551115123125783e-17,development
2,2022-02-01,elastic_net,standardized_linear_contribution,unemployment_rate,7.271464819756,0.0,0.0,-0.0,-0.06931470998808187,0.2490675288204024,5.551115123125783e-17,development
2,2022-02-01,elastic_net,standardized_linear_contribution,tpm_monthly_average,5.5,0.27290004812494034,0.27290004812494034,0.089943743242105,-0.06931470998808187,0.2490675288204024,5.551115123125783e-17,development
2,2022-02-01,elastic_net,standardized_linear_contribution,tpm_change_3m_pp,2.75,0.0,0.0,0.0,-0.06931470998808187,0.2490675288204024,5.551115123125783e-17,development
2,2022-02-01,elastic_net,standardized_linear_contribution,usdclp_yoy_pct,11.68535889563973,-0.0,0.0,-0.0,-0.06931470998808187,0.2490675288204024,5.551115123125783e-17,development
2,2022-02-01,elastic_net,standardized_linear_contribution,consumer_lending_rate,24.33,0.0,0.0,0.0,-0.06931470998808187,0.2490675288204024,5.551115123125783e-17,development
2,2022-02-01,elastic_net,standardized_linear_contribution,consumer_lending_rate_change_3m_pp,3.419999999999998,-0.0,0.0,-0.0,-0.06931470998808187,0.2490675288204024,5.551115123125783e-17,development
2,2022-02-01,elastic_net,standardized_linear_contribution,real_consumer_loans_yoy_pct,-4.157537084683427,-0.0,0.0,0.0,-0.06931470998808187,0.2490675288204024,5.551115123125783e-17,development
2,2022-02-01,elastic_net,standardized_linear_contribution,real_m1_yoy_pct,0.6705566647495331,0.0,0.0,-0.0,-0.06931470998808187,0.2490675288204024,5.551115123125783e-17,development
2,2022-02-01,elastic_net,standardized_linear_contribution,month_sin,0.49999999999999994,-0.01862659775154426,0.01862659775154426,-0.028291545789283452,-0.06931470998808187,0.2490675288204024,5.551115123125783e-17,development
2,2022-02-01,elastic_net,standardized_linear_contribution,month_cos,0.8660254037844387,0.0,0.0,0.0,-0.06931470998808187,0.2490675288204024,5.551115123125783e-17,development
2,2022-02-01,random_forest,mean_decrease_impurity,npl90_level_t,1.32144104209642,,0.0238988029065422,0.0238988029065422,,-0.00459284234871416,0.0,development
2,2022-02-01,random_forest,mean_decrease_impurity,npl90_lag_1m,1.23712087911503,,0.04342428030999754,0.04342428030999754,,-0.00459284234871416,0.0,development
2,2022-02-01,random_forest,mean_decrease_impurity,npl90_lag_3m,1.12606296396866,,0.1753330245808574,0.1753330245808574,,-0.00459284234871416,0.0,development
2,2022-02-01,random_forest,mean_decrease_impurity,npl90_lag_6m,1.16521798630509,,0.03934945789297266,0.03934945789297266,,-0.00459284234871416,0.0,development
2,2022-02-01,random_forest,mean_decrease_impurity,npl90_lag_12m,1.40022000331955,,0.028009688682279443,0.028009688682279443,,-0.00459284234871416,0.0,development
2,2022-02-01,random_forest,mean_decrease_impurity,npl90_change_1m_pp,0.08432016298138989,,0.00153083901231434,0.00153083901231434,,-0.00459284234871416,0.0,development
2,2022-02-01,random_forest,mean_decrease_impurity,npl90_change_3m_pp,0.1953780781277601,,0.0009327394755029593,0.0009327394755029593,,-0.00459284234871416,0.0,development
2,2022-02-01,random_forest,mean_decrease_impurity,npl90_change_12m_pp,-0.07877896122313,,0.0,0.0,,-0.00459284234871416,0.0,development
2,2022-02-01,random_forest,mean_decrease_impurity,npl90_rolling_mean_3m,1.2302154486039767,,0.07767973301164098,0.07767973301164098,,-0.00459284234871416,0.0,development
2,2022-02-01,random_forest,mean_decrease_impurity,npl90_rolling_mean_6m,1.1644162163838383,,0.2880755007062645,0.2880755007062645,,-0.00459284234871416,0.0,development
2,2022-02-01,random_forest,mean_decrease_impurity,npl90_rolling_mean_12m,1.2475866549516665,,0.1102214071018498,0.1102214071018498,,-0.00459284234871416,0.0,development
2,2022-02-01,random_forest,mean_decrease_impurity,imacec_yoy_pct,6.306360577663828,,0.07187865081095846,0.07187865081095846,,-0.00459284234871416,0.0,development
2,2022-02-01,random_forest,mean_decrease_impurity,ipc_yoy,7.815572432,,0.0006817366383055695,0.0006817366383055695,,-0.00459284234871416,0.0,development
2,2022-02-01,random_forest,mean_decrease_impurity,unemployment_rate,7.271464819756,,0.023372073010244382,0.023372073010244382,,-0.00459284234871416,0.0,development
2,2022-02-01,random_forest,mean_decrease_impurity,tpm_monthly_average,5.5,,0.031334278067915056,0.031334278067915056,,-0.00459284234871416,0.0,development
2,2022-02-01,random_forest,mean_decrease_impurity,tpm_change_3m_pp,2.75,,0.0008722398868543543,0.0008722398868543543,,-0.00459284234871416,0.0,development
2,2022-02-01,random_forest,mean_decrease_impurity,usdclp_yoy_pct,11.68535889563973,,0.011725690554825481,0.011725690554825481,,-0.00459284234871416,0.0,development
2,2022-02-01,random_forest,mean_decrease_impurity,consumer_lending_rate,24.33,,0.004410442994575882,0.004410442994575882,,-0.00459284234871416,0.0,development
2,2022-02-01,random_forest,mean_decrease_impurity,consumer_lending_rate_change_3m_pp,3.419999999999998,,0.0016982009097922391,0.0016982009097922391,,-0.00459284234871416,0.0,development
2,2022-02-01,random_forest,mean_decrease_impurity,real_consumer_loans_yoy_pct,-4.157537084683427,,0.04451906348736162,0.04451906348736162,,-0.00459284234871416,0.0,development
2,2022-02-01,random_forest,mean_decrease_impurity,real_m1_yoy_pct,0.6705566647495331,,0.004056073321945988,0.004056073321945988,,-0.00459284234871416,0.0,development
2,2022-02-01,random_forest,mean_decrease_impurity,month_sin,0.49999999999999994,,0.01674459170518838,0.01674459170518838,,-0.00459284234871416,0.0,development
2,2022-02-01,random_forest,mean_decrease_impurity,month_cos,0.8660254037844387,,0.0002514849318107889,0.0002514849318107889,,-0.00459284234871416,0.0,development
2,2022-02-01,xgboost,tree_shap,npl90_level_t,1.32144104209642,0.01948837749660015,0.01948837749660015,,-0.06807929277420044,-0.0726025328040123,1.3387762010097504e-09,development
2,2022-02-01,xgboost,tree_shap,npl90_lag_1m,1.23712087911503,0.011314709670841694,0.011314709670841694,,-0.06807929277420044,-0.0726025328040123,1.3387762010097504e-09,development
2,2022-02-01,xgboost,tree_shap,npl90_lag_3m,1.12606296396866,0.007934607565402985,0.007934607565402985,,-0.06807929277420044,-0.0726025328040123,1.3387762010097504e-09,development
2,2022-02-01,xgboost,tree_shap,npl90_lag_6m,1.16521798630509,-0.0006361355190165341,0.0006361355190165341,,-0.06807929277420044,-0.0726025328040123,1.3387762010097504e-09,development
2,2022-02-01,xgboost,tree_shap,npl90_lag_12m,1.40022000331955,0.018515517935156822,0.018515517935156822,,-0.06807929277420044,-0.0726025328040123,1.3387762010097504e-09,development
2,2022-02-01,xgboost,tree_shap,npl90_change_1m_pp,0.08432016298138989,-0.015862656757235527,0.015862656757235527,,-0.06807929277420044,-0.0726025328040123,1.3387762010097504e-09,development
2,2022-02-01,xgboost,tree_shap,npl90_change_3m_pp,0.1953780781277601,-0.011413696222007275,0.011413696222007275,,-0.06807929277420044,-0.0726025328040123,1.3387762010097504e-09,development
2,2022-02-01,xgboost,tree_shap,npl90_change_12m_pp,-0.07877896122313,-0.00040241610258817673,0.00040241610258817673,,-0.06807929277420044,-0.0726025328040123,1.3387762010097504e-09,development
2,2022-02-01,xgboost,tree_shap,npl90_rolling_mean_3m,1.2302154486039767,0.008365804329514503,0.008365804329514503,,-0.06807929277420044,-0.0726025328040123,1.3387762010097504e-09,development
2,2022-02-01,xgboost,tree_shap,npl90_rolling_mean_6m,1.1644162163838383,0.025349074974656105,0.025349074974656105,,-0.06807929277420044,-0.0726025328040123,1.3387762010097504e-09,development
2,2022-02-01,xgboost,tree_shap,npl90_rolling_mean_12m,1.2475866549516665,0.002814651932567358,0.002814651932567358,,-0.06807929277420044,-0.0726025328040123,1.3387762010097504e-09,development
2,2022-02-01,xgboost,tree_shap,imacec_yoy_pct,6.306360577663828,0.0004071685834787786,0.0004071685834787786,,-0.06807929277420044,-0.0726025328040123,1.3387762010097504e-09,development
2,2022-02-01,xgboost,tree_shap,ipc_yoy,7.815572432,-0.001409380929544568,0.001409380929544568,,-0.06807929277420044,-0.0726025328040123,1.3387762010097504e-09,development
2,2022-02-01,xgboost,tree_shap,unemployment_rate,7.271464819756,0.015238789841532707,0.015238789841532707,,-0.06807929277420044,-0.0726025328040123,1.3387762010097504e-09,development
2,2022-02-01,xgboost,tree_shap,tpm_monthly_average,5.5,0.016822176054120064,0.016822176054120064,,-0.06807929277420044,-0.0726025328040123,1.3387762010097504e-09,development
2,2022-02-01,xgboost,tree_shap,tpm_change_3m_pp,2.75,-0.00048435991629958153,0.00048435991629958153,,-0.06807929277420044,-0.0726025328040123,1.3387762010097504e-09,development
2,2022-02-01,xgboost,tree_shap,usdclp_yoy_pct,11.68535889563973,0.009271262213587761,0.009271262213587761,,-0.06807929277420044,-0.0726025328040123,1.3387762010097504e-09,development
2,2022-02-01,xgboost,tree_shap,consumer_lending_rate,24.33,-0.009301114827394485,0.009301114827394485,,-0.06807929277420044,-0.0726025328040123,1.3387762010097504e-09,development
2,2022-02-01,xgboost,tree_shap,consumer_lending_rate_change_3m_pp,3.419999999999998,0.0008349529816769063,0.0008349529816769063,,-0.06807929277420044,-0.0726025328040123,1.3387762010097504e-09,development
2,2022-02-01,xgboost,tree_shap,real_consumer_loans_yoy_pct,-4.157537084683427,-0.053978320211172104,0.053978320211172104,,-0.06807929277420044,-0.0726025328040123,1.3387762010097504e-09,development
2,2022-02-01,xgboost,tree_shap,real_m1_yoy_pct,0.6705566647495331,0.0030506758484989405,0.0030506758484989405,,-0.06807929277420044,-0.0726025328040123,1.3387762010097504e-09,development
2,2022-02-01,xgboost,tree_shap,month_sin,0.49999999999999994,-0.04500706493854523,0.04500706493854523,,-0.06807929277420044,-0.0726025328040123,1.3387762010097504e-09,development
2,2022-02-01,xgboost,tree_shap,month_cos,0.8660254037844387,-0.005435865372419357,0.005435865372419357,,-0.06807929277420044,-0.0726025328040123,1.3387762010097504e-09,development
3,2022-03-01,elastic_net,standardized_linear_contribution,npl90_level_t,1.34795674611292,-0.0,0.0,0.0,-0.06526083304881469,-0.06526083304881469,0.0,development
3,2022-03-01,elastic_net,standardized_linear_contribution,npl90_lag_1m,1.32144104209642,-0.0,0.0,0.0,-0.06526083304881469,-0.06526083304881469,0.0,development
3,2022-03-01,elastic_net,standardized_linear_contribution,npl90_lag_3m,1.13208442460048,-0.0,0.0,0.0,-0.06526083304881469,-0.06526083304881469,0.0,development
3,2022-03-01,elastic_net,standardized_linear_contribution,npl90_lag_6m,1.0970151778989,-0.0,0.0,0.0,-0.06526083304881469,-0.06526083304881469,0.0,development
3,2022-03-01,elastic_net,standardized_linear_contribution,npl90_lag_12m,1.35624325174208,-0.0,0.0,0.0,-0.06526083304881469,-0.06526083304881469,0.0,development
3,2022-03-01,elastic_net,standardized_linear_contribution,npl90_change_1m_pp,0.026515704016500052,0.0,0.0,0.0,-0.06526083304881469,-0.06526083304881469,0.0,development
3,2022-03-01,elastic_net,standardized_linear_contribution,npl90_change_3m_pp,0.21587232151244007,0.0,0.0,0.0,-0.06526083304881469,-0.06526083304881469,0.0,development
3,2022-03-01,elastic_net,standardized_linear_contribution,npl90_change_12m_pp,-0.00828650562915989,0.0,0.0,0.0,-0.06526083304881469,-0.06526083304881469,0.0,development
3,2022-03-01,elastic_net,standardized_linear_contribution,npl90_rolling_mean_3m,1.3021728891081235,-0.0,0.0,0.0,-0.06526083304881469,-0.06526083304881469,0.0,development
3,2022-03-01,elastic_net,standardized_linear_contribution,npl90_rolling_mean_6m,1.206239811086175,-0.0,0.0,0.0,-0.06526083304881469,-0.06526083304881469,0.0,development
3,2022-03-01,elastic_net,standardized_linear_contribution,npl90_rolling_mean_12m,1.2468961128159033,-0.0,0.0,0.0,-0.06526083304881469,-0.06526083304881469,0.0,development
3,2022-03-01,elastic_net,standardized_linear_contribution,imacec_yoy_pct,4.292778100711225,0.0,0.0,0.0,-0.06526083304881469,-0.06526083304881469,0.0,development
3,2022-03-01,elastic_net,standardized_linear_contribution,ipc_yoy,9.404368917,0.0,0.0,0.0,-0.06526083304881469,-0.06526083304881469,0.0,development
3,2022-03-01,elastic_net,standardized_linear_contribution,unemployment_rate,7.4985219215408,-0.0,0.0,0.0,-0.06526083304881469,-0.06526083304881469,0.0,development
3,2022-03-01,elastic_net,standardized_linear_contribution,tpm_monthly_average,5.63,0.0,0.0,0.0,-0.06526083304881469,-0.06526083304881469,0.0,development
3,2022-03-01,elastic_net,standardized_linear_contribution,tpm_change_3m_pp,2.17,0.0,0.0,0.0,-0.06526083304881469,-0.06526083304881469,0.0,development
3,2022-03-01,elastic_net,standardized_linear_contribution,usdclp_yoy_pct,10.025427350683124,0.0,0.0,0.0,-0.06526083304881469,-0.06526083304881469,0.0,development
3,2022-03-01,elastic_net,standardized_linear_contribution,consumer_lending_rate,23.65,0.0,0.0,0.0,-0.06526083304881469,-0.06526083304881469,0.0,development
3,2022-03-01,elastic_net,standardized_linear_contribution,consumer_lending_rate_change_3m_pp,1.629999999999999,0.0,0.0,0.0,-0.06526083304881469,-0.06526083304881469,0.0,development
3,2022-03-01,elastic_net,standardized_linear_contribution,real_consumer_loans_yoy_pct,-4.492949634715471,-0.0,0.0,0.0,-0.06526083304881469,-0.06526083304881469,0.0,development
3,2022-03-01,elastic_net,standardized_linear_contribution,real_m1_yoy_pct,-4.934894902116726,-0.0,0.0,0.0,-0.06526083304881469,-0.06526083304881469,0.0,development
3,2022-03-01,elastic_net,standardized_linear_contribution,month_sin,0.8660254037844386,0.0,0.0,0.0,-0.06526083304881469,-0.06526083304881469,0.0,development
3,2022-03-01,elastic_net,standardized_linear_contribution,month_cos,0.5000000000000001,0.0,0.0,0.0,-0.06526083304881469,-0.06526083304881469,0.0,development
3,2022-03-01,random_forest,mean_decrease_impurity,npl90_level_t,1.34795674611292,,0.029301390914359876,0.029301390914359876,,0.005807284622096367,0.0,development
3,2022-03-01,random_forest,mean_decrease_impurity,npl90_lag_1m,1.32144104209642,,0.04432165912278672,0.04432165912278672,,0.005807284622096367,0.0,development
3,2022-03-01,random_forest,mean_decrease_impurity,npl90_lag_3m,1.13208442460048,,0.15868779799759344,0.15868779799759344,,0.005807284622096367,0.0,development
3,2022-03-01,random_forest,mean_decrease_impurity,npl90_lag_6m,1.0970151778989,,0.041484129961251295,0.041484129961251295,,0.005807284622096367,0.0,development
3,2022-03-01,random_forest,mean_decrease_impurity,npl90_lag_12m,1.35624325174208,,0.03672812966831863,0.03672812966831863,,0.005807284622096367,0.0,development
3,2022-03-01,random_forest,mean_decrease_impurity,npl90_change_1m_pp,0.026515704016500052,,0.0020619426397421063,0.0020619426397421063,,0.005807284622096367,0.0,development
3,2022-03-01,random_forest,mean_decrease_impurity,npl90_change_3m_pp,0.21587232151244007,,0.0029529217677485096,0.0029529217677485096,,0.005807284622096367,0.0,development
3,2022-03-01,random_forest,mean_decrease_impurity,npl90_change_12m_pp,-0.00828650562915989,,0.0014267436140263925,0.0014267436140263925,,0.005807284622096367,0.0,development
3,2022-03-01,random_forest,mean_decrease_impurity,npl90_rolling_mean_3m,1.3021728891081235,,0.07968359492456142,0.07968359492456142,,0.005807284622096367,0.0,development
3,2022-03-01,random_forest,mean_decrease_impurity,npl90_rolling_mean_6m,1.206239811086175,,0.26737081881102404,0.26737081881102404,,0.005807284622096367,0.0,development
3,2022-03-01,random_forest,mean_decrease_impurity,npl90_rolling_mean_12m,1.2468961128159033,,0.08880575870809246,0.08880575870809246,,0.005807284622096367,0.0,development
3,2022-03-01,random_forest,mean_decrease_impurity,imacec_yoy_pct,4.292778100711225,,0.0622307446164954,0.0622307446164954,,0.005807284622096367,0.0,development
3,2022-03-01,random_forest,mean_decrease_impurity,ipc_yoy,9.404368917,,0.0017744095229038934,0.0017744095229038934,,0.005807284622096367,0.0,development
3,2022-03-01,random_forest,mean_decrease_impurity,unemployment_rate,7.4985219215408,,0.03496476632091558,0.03496476632091558,,0.005807284622096367,0.0,development
3,2022-03-01,random_forest,mean_decrease_impurity,tpm_monthly_average,5.63,,0.04314796457710482,0.04314796457710482,,0.005807284622096367,0.0,development
3,2022-03-01,random_forest,mean_decrease_impurity,tpm_change_3m_pp,2.17,,0.0013415775897696427,0.0013415775897696427,,0.005807284622096367,0.0,development
3,2022-03-01,random_forest,mean_decrease_impurity,usdclp_yoy_pct,10.025427350683124,,0.01845328737852843,0.01845328737852843,,0.005807284622096367,0.0,development
3,2022-03-01,random_forest,mean_decrease_impurity,consumer_lending_rate,23.65,,0.013883515722801516,0.013883515722801516,,0.005807284622096367,0.0,development
3,2022-03-01,random_forest,mean_decrease_impurity,consumer_lending_rate_change_3m_pp,1.629999999999999,,0.001833687770532916,0.001833687770532916,,0.005807284622096367,0.0,development
3,2022-03-01,random_forest,mean_decrease_impurity,real_consumer_loans_yoy_pct,-4.492949634715471,,0.031420867608289306,0.031420867608289306,,0.005807284622096367,0.0,development
3,2022-03-01,random_forest,mean_decrease_impurity,real_m1_yoy_pct,-4.934894902116726,,0.010190511024435224,0.010190511024435224,,0.005807284622096367,0.0,development
3,2022-03-01,random_forest,mean_decrease_impurity,month_sin,0.8660254037844386,,0.02460320345302449,0.02460320345302449,,0.005807284622096367,0.0,development
3,2022-03-01,random_forest,mean_decrease_impurity,month_cos,0.5000000000000001,,0.0033305762856938696,0.0033305762856938696,,0.005807284622096367,0.0,development
3,2022-03-01,xgboost,tree_shap,npl90_level_t,1.34795674611292,0.01291123777627945,0.01291123777627945,,-0.06376595795154572,-0.002361974911764264,1.0099029168486595e-08,development
3,2022-03-01,xgboost,tree_shap,npl90_lag_1m,1.32144104209642,0.0073107583448290825,0.0073107583448290825,,-0.06376595795154572,-0.002361974911764264,1.0099029168486595e-08,development
3,2022-03-01,xgboost,tree_shap,npl90_lag_3m,1.13208442460048,0.003597527975216508,0.003597527975216508,,-0.06376595795154572,-0.002361974911764264,1.0099029168486595e-08,development
3,2022-03-01,xgboost,tree_shap,npl90_lag_6m,1.0970151778989,-0.002178491558879614,0.002178491558879614,,-0.06376595795154572,-0.002361974911764264,1.0099029168486595e-08,development
3,2022-03-01,xgboost,tree_shap,npl90_lag_12m,1.35624325174208,0.02753889188170433,0.02753889188170433,,-0.06376595795154572,-0.002361974911764264,1.0099029168486595e-08,development
3,2022-03-01,xgboost,tree_shap,npl90_change_1m_pp,0.026515704016500052,0.0026549643371254206,0.0026549643371254206,,-0.06376595795154572,-0.002361974911764264,1.0099029168486595e-08,development
3,2022-03-01,xgboost,tree_shap,npl90_change_3m_pp,0.21587232151244007,-0.013762826099991798,0.013762826099991798,,-0.06376595795154572,-0.002361974911764264,1.0099029168486595e-08,development
3,2022-03-01,xgboost,tree_shap,npl90_change_12m_pp,-0.00828650562915989,-0.0001180049148388207,0.0001180049148388207,,-0.06376595795154572,-0.002361974911764264,1.0099029168486595e-08,development
3,2022-03-01,xgboost,tree_shap,npl90_rolling_mean_3m,1.3021728891081235,0.022236865013837814,0.022236865013837814,,-0.06376595795154572,-0.002361974911764264,1.0099029168486595e-08,development
3,2022-03-01,xgboost,tree_shap,npl90_rolling_mean_6m,1.206239811086175,0.03170876204967499,0.03170876204967499,,-0.06376595795154572,-0.002361974911764264,1.0099029168486595e-08,development
3,2022-03-01,xgboost,tree_shap,npl90_rolling_mean_12m,1.2468961128159033,0.011347662657499313,0.011347662657499313,,-0.06376595795154572,-0.002361974911764264,1.0099029168486595e-08,development
3,2022-03-01,xgboost,tree_shap,imacec_yoy_pct,4.292778100711225,0.0017402567900717258,0.0017402567900717258,,-0.06376595795154572,-0.002361974911764264,1.0099029168486595e-08,development
3,2022-03-01,xgboost,tree_shap,ipc_yoy,9.404368917,-0.005193394608795643,0.005193394608795643,,-0.06376595795154572,-0.002361974911764264,1.0099029168486595e-08,development
3,2022-03-01,xgboost,tree_shap,unemployment_rate,7.4985219215408,0.0193176232278347,0.0193176232278347,,-0.06376595795154572,-0.002361974911764264,1.0099029168486595e-08,development
3,2022-03-01,xgboost,tree_shap,tpm_monthly_average,5.63,0.007238563150167465,0.007238563150167465,,-0.06376595795154572,-0.002361974911764264,1.0099029168486595e-08,development
3,2022-03-01,xgboost,tree_shap,tpm_change_3m_pp,2.17,0.001180799095891416,0.001180799095891416,,-0.06376595795154572,-0.002361974911764264,1.0099029168486595e-08,development
3,2022-03-01,xgboost,tree_shap,usdclp_yoy_pct,10.025427350683124,0.020269185304641724,0.020269185304641724,,-0.06376595795154572,-0.002361974911764264,1.0099029168486595e-08,development
3,2022-03-01,xgboost,tree_shap,consumer_lending_rate,23.65,-0.013319502584636211,0.013319502584636211,,-0.06376595795154572,-0.002361974911764264,1.0099029168486595e-08,development
3,2022-03-01,xgboost,tree_shap,consumer_lending_rate_change_3m_pp,1.629999999999999,0.00041025536484085023,0.00041025536484085023,,-0.06376595795154572,-0.002361974911764264,1.0099029168486595e-08,development
3,2022-03-01,xgboost,tree_shap,real_consumer_loans_yoy_pct,-4.492949634715471,-0.025850610807538033,0.025850610807538033,,-0.06376595795154572,-0.002361974911764264,1.0099029168486595e-08,development
3,2022-03-01,xgboost,tree_shap,real_m1_yoy_pct,-4.934894902116726,0.0059238155372440815,0.0059238155372440815,,-0.06376595795154572,-0.002361974911764264,1.0099029168486595e-08,development
3,2022-03-01,xgboost,tree_shap,month_sin,0.8660254037844386,-0.04884608834981918,0.04884608834981918,,-0.06376595795154572,-0.002361974911764264,1.0099029168486595e-08,development
3,2022-03-01,xgboost,tree_shap,month_cos,0.5000000000000001,-0.0047142766416072845,0.0047142766416072845,,-0.06376595795154572,-0.002361974911764264,1.0099029168486595e-08,development
3,2022-04-01,elastic_net,standardized_linear_contribution,npl90_level_t,1.475612628031,-0.0,0.0,0.0,-0.05940957491811125,-0.05940957491811125,0.0,development
3,2022-04-01,elastic_net,standardized_linear_contribution,npl90_lag_1m,1.34795674611292,-0.0,0.0,0.0,-0.05940957491811125,-0.05940957491811125,0.0,development
3,2022-04-01,elastic_net,standardized_linear_contribution,npl90_lag_3m,1.23712087911503,-0.0,0.0,0.0,-0.05940957491811125,-0.05940957491811125,0.0,development
3,2022-04-01,elastic_net,standardized_linear_contribution,npl90_lag_6m,1.07277281062354,-0.0,0.0,0.0,-0.05940957491811125,-0.05940957491811125,0.0,development
3,2022-04-01,elastic_net,standardized_linear_contribution,npl90_lag_12m,1.39072032609287,-0.0,0.0,0.0,-0.05940957491811125,-0.05940957491811125,0.0,development
3,2022-04-01,elastic_net,standardized_linear_contribution,npl90_change_1m_pp,0.12765588191807997,0.0,0.0,0.0,-0.05940957491811125,-0.05940957491811125,0.0,development
3,2022-04-01,elastic_net,standardized_linear_contribution,npl90_change_3m_pp,0.23849174891596991,0.0,0.0,0.0,-0.05940957491811125,-0.05940957491811125,0.0,development
3,2022-04-01,elastic_net,standardized_linear_contribution,npl90_change_12m_pp,0.08489230193813002,0.0,0.0,0.0,-0.05940957491811125,-0.05940957491811125,0.0,development
3,2022-04-01,elastic_net,standardized_linear_contribution,npl90_rolling_mean_3m,1.38167013874678,-0.0,0.0,0.0,-0.05940957491811125,-0.05940957491811125,0.0,development
3,2022-04-01,elastic_net,standardized_linear_contribution,npl90_rolling_mean_6m,1.273379780654085,-0.0,0.0,0.0,-0.05940957491811125,-0.05940957491811125,0.0,development
3,2022-04-01,elastic_net,standardized_linear_contribution,npl90_rolling_mean_12m,1.2539704713107473,-0.0,0.0,0.0,-0.05940957491811125,-0.05940957491811125,0.0,development
3,2022-04-01,elastic_net,standardized_linear_contribution,imacec_yoy_pct,6.979742944918987,0.0,0.0,0.0,-0.05940957491811125,-0.05940957491811125,0.0,development
3,2022-04-01,elastic_net,standardized_linear_contribution,ipc_yoy,10.51752852,0.0,0.0,0.0,-0.05940957491811125,-0.05940957491811125,0.0,development
3,2022-04-01,elastic_net,standardized_linear_contribution,unemployment_rate,7.7978651688704,0.0,0.0,0.0,-0.05940957491811125,-0.05940957491811125,0.0,development
3,2022-04-01,elastic_net,standardized_linear_contribution,tpm_monthly_average,7.0,0.0,0.0,0.0,-0.05940957491811125,-0.05940957491811125,0.0,development
3,2022-04-01,elastic_net,standardized_linear_contribution,tpm_change_3m_pp,2.79,0.0,0.0,0.0,-0.05940957491811125,-0.05940957491811125,0.0,development
3,2022-04-01,elastic_net,standardized_linear_contribution,usdclp_yoy_pct,15.155539110984062,0.0,0.0,0.0,-0.05940957491811125,-0.05940957491811125,0.0,development
3,2022-04-01,elastic_net,standardized_linear_contribution,consumer_lending_rate,24.82,0.0,0.0,0.0,-0.05940957491811125,-0.05940957491811125,0.0,development
3,2022-04-01,elastic_net,standardized_linear_contribution,consumer_lending_rate_change_3m_pp,1.8599999999999994,0.0,0.0,0.0,-0.05940957491811125,-0.05940957491811125,0.0,development
3,2022-04-01,elastic_net,standardized_linear_contribution,real_consumer_loans_yoy_pct,-3.943399786858537,-0.0,0.0,0.0,-0.05940957491811125,-0.05940957491811125,0.0,development
3,2022-04-01,elastic_net,standardized_linear_contribution,real_m1_yoy_pct,-7.5009109742773195,-0.0,0.0,0.0,-0.05940957491811125,-0.05940957491811125,0.0,development
3,2022-04-01,elastic_net,standardized_linear_contribution,month_sin,1.0,0.0,0.0,0.0,-0.05940957491811125,-0.05940957491811125,0.0,development
3,2022-04-01,elastic_net,standardized_linear_contribution,month_cos,6.123233995736766e-17,0.0,0.0,0.0,-0.05940957491811125,-0.05940957491811125,0.0,development
3,2022-04-01,random_forest,mean_decrease_impurity,npl90_level_t,1.475612628031,,0.028858355113249603,0.028858355113249603,,0.03273044900393771,0.0,development
3,2022-04-01,random_forest,mean_decrease_impurity,npl90_lag_1m,1.34795674611292,,0.04244909737192792,0.04244909737192792,,0.03273044900393771,0.0,development
3,2022-04-01,random_forest,mean_decrease_impurity,npl90_lag_3m,1.23712087911503,,0.14886626608864098,0.14886626608864098,,0.03273044900393771,0.0,development
3,2022-04-01,random_forest,mean_decrease_impurity,npl90_lag_6m,1.07277281062354,,0.031709308396867635,0.031709308396867635,,0.03273044900393771,0.0,development
3,2022-04-01,random_forest,mean_decrease_impurity,npl90_lag_12m,1.39072032609287,,0.04209977280667444,0.04209977280667444,,0.03273044900393771,0.0,development
3,2022-04-01,random_forest,mean_decrease_impurity,npl90_change_1m_pp,0.12765588191807997,,0.0019029376712773269,0.0019029376712773269,,0.03273044900393771,0.0,development
3,2022-04-01,random_forest,mean_decrease_impurity,npl90_change_3m_pp,0.23849174891596991,,0.0026928129270130962,0.0026928129270130962,,0.03273044900393771,0.0,development
3,2022-04-01,random_forest,mean_decrease_impurity,npl90_change_12m_pp,0.08489230193813002,,0.0026919698002089197,0.0026919698002089197,,0.03273044900393771,0.0,development
3,2022-04-01,random_forest,mean_decrease_impurity,npl90_rolling_mean_3m,1.38167013874678,,0.08817683965006776,0.08817683965006776,,0.03273044900393771,0.0,development
3,2022-04-01,random_forest,mean_decrease_impurity,npl90_rolling_mean_6m,1.273379780654085,,0.2517363140166027,0.2517363140166027,,0.03273044900393771,0.0,development
3,2022-04-01,random_forest,mean_decrease_impurity,npl90_rolling_mean_12m,1.2539704713107473,,0.09858220355517348,0.09858220355517348,,0.03273044900393771,0.0,development
3,2022-04-01,random_forest,mean_decrease_impurity,imacec_yoy_pct,6.979742944918987,,0.06594945305752192,0.06594945305752192,,0.03273044900393771,0.0,development
3,2022-04-01,random_forest,mean_decrease_impurity,ipc_yoy,10.51752852,,0.002154602570415843,0.002154602570415843,,0.03273044900393771,0.0,development
3,2022-04-01,random_forest,mean_decrease_impurity,unemployment_rate,7.7978651688704,,0.0361350300473311,0.0361350300473311,,0.03273044900393771,0.0,development
3,2022-04-01,random_forest,mean_decrease_impurity,tpm_monthly_average,7.0,,0.049265799586955164,0.049265799586955164,,0.03273044900393771,0.0,development
3,2022-04-01,random_forest,mean_decrease_impurity,tpm_change_3m_pp,2.79,,0.001811331678109853,0.001811331678109853,,0.03273044900393771,0.0,development
3,2022-04-01,random_forest,mean_decrease_impurity,usdclp_yoy_pct,15.155539110984062,,0.01944983492361118,0.01944983492361118,,0.03273044900393771,0.0,development
3,2022-04-01,random_forest,mean_decrease_impurity,consumer_lending_rate,24.82,,0.019481151691534665,0.019481151691534665,,0.03273044900393771,0.0,development
3,2022-04-01,random_forest,mean_decrease_impurity,consumer_lending_rate_change_3m_pp,1.8599999999999994,,0.0015806844077883417,0.0015806844077883417,,0.03273044900393771,0.0,development
3,2022-04-01,random_forest,mean_decrease_impurity,real_consumer_loans_yoy_pct,-3.943399786858537,,0.020050413347212984,0.020050413347212984,,0.03273044900393771,0.0,development
3,2022-04-01,random_forest,mean_decrease_impurity,real_m1_yoy_pct,-7.5009109742773195,,0.01204720585547149,0.01204720585547149,,0.03273044900393771,0.0,development
3,2022-04-01,random_forest,mean_decrease_impurity,month_sin,1.0,,0.02970102343195509,0.02970102343195509,,0.03273044900393771,0.0,development
3,2022-04-01,random_forest,mean_decrease_impurity,month_cos,6.123233995736766e-17,,0.002607592004388572,0.002607592004388572,,0.03273044900393771,0.0,development
3,2022-04-01,xgboost,tree_shap,npl90_level_t,1.475612628031,0.01268571987748146,0.01268571987748146,,-0.05764646828174591,-0.02471073530614376,1.4493707567453384e-08,development
3,2022-04-01,xgboost,tree_shap,npl90_lag_1m,1.34795674611292,0.007447368931025267,0.007447368931025267,,-0.05764646828174591,-0.02471073530614376,1.4493707567453384e-08,development
3,2022-04-01,xgboost,tree_shap,npl90_lag_3m,1.23712087911503,0.0043294308707118034,0.0043294308707118034,,-0.05764646828174591,-0.02471073530614376,1.4493707567453384e-08,development
3,2022-04-01,xgboost,tree_shap,npl90_lag_6m,1.07277281062354,-0.0024826708249747753,0.0024826708249747753,,-0.05764646828174591,-0.02471073530614376,1.4493707567453384e-08,development
3,2022-04-01,xgboost,tree_shap,npl90_lag_12m,1.39072032609287,0.03625970706343651,0.03625970706343651,,-0.05764646828174591,-0.02471073530614376,1.4493707567453384e-08,development
3,2022-04-01,xgboost,tree_shap,npl90_change_1m_pp,0.12765588191807997,-0.02124875597655773,0.02124875597655773,,-0.05764646828174591,-0.02471073530614376,1.4493707567453384e-08,development
3,2022-04-01,xgboost,tree_shap,npl90_change_3m_pp,0.23849174891596991,-0.013253682292997837,0.013253682292997837,,-0.05764646828174591,-0.02471073530614376,1.4493707567453384e-08,development
3,2022-04-01,xgboost,tree_shap,npl90_change_12m_pp,0.08489230193813002,0.0009719448280520737,0.0009719448280520737,,-0.05764646828174591,-0.02471073530614376,1.4493707567453384e-08,development
3,2022-04-01,xgboost,tree_shap,npl90_rolling_mean_3m,1.38167013874678,0.02145891822874546,0.02145891822874546,,-0.05764646828174591,-0.02471073530614376,1.4493707567453384e-08,development
3,2022-04-01,xgboost,tree_shap,npl90_rolling_mean_6m,1.273379780654085,0.033305488526821136,0.033305488526821136,,-0.05764646828174591,-0.02471073530614376,1.4493707567453384e-08,development
3,2022-04-01,xgboost,tree_shap,npl90_rolling_mean_12m,1.2539704713107473,0.012300466187298298,0.012300466187298298,,-0.05764646828174591,-0.02471073530614376,1.4493707567453384e-08,development
3,2022-04-01,xgboost,tree_shap,imacec_yoy_pct,6.979742944918987,0.001621564500965178,0.001621564500965178,,-0.05764646828174591,-0.02471073530614376,1.4493707567453384e-08,development
3,2022-04-01,xgboost,tree_shap,ipc_yoy,10.51752852,-0.004483885131776333,0.004483885131776333,,-0.05764646828174591,-0.02471073530614376,1.4493707567453384e-08,development
3,2022-04-01,xgboost,tree_shap,unemployment_rate,7.7978651688704,0.019296813756227493,0.019296813756227493,,-0.05764646828174591,-0.02471073530614376,1.4493707567453384e-08,development
3,2022-04-01,xgboost,tree_shap,tpm_monthly_average,7.0,0.009072590619325638,0.009072590619325638,,-0.05764646828174591,-0.02471073530614376,1.4493707567453384e-08,development
3,2022-04-01,xgboost,tree_shap,tpm_change_3m_pp,2.79,0.0028064274229109287,0.0028064274229109287,,-0.05764646828174591,-0.02471073530614376,1.4493707567453384e-08,development
3,2022-04-01,xgboost,tree_shap,usdclp_yoy_pct,15.155539110984062,0.015243428759276867,0.015243428759276867,,-0.05764646828174591,-0.02471073530614376,1.4493707567453384e-08,development
3,2022-04-01,xgboost,tree_shap,consumer_lending_rate,24.82,-0.024288250133395195,0.024288250133395195,,-0.05764646828174591,-0.02471073530614376,1.4493707567453384e-08,development
3,2022-04-01,xgboost,tree_shap,consumer_lending_rate_change_3m_pp,1.8599999999999994,0.000788364908657968,0.000788364908657968,,-0.05764646828174591,-0.02471073530614376,1.4493707567453384e-08,development
3,2022-04-01,xgboost,tree_shap,real_consumer_loans_yoy_pct,-3.943399786858537,-0.020247969776391983,0.020247969776391983,,-0.05764646828174591,-0.02471073530614376,1.4493707567453384e-08,development
3,2022-04-01,xgboost,tree_shap,real_m1_yoy_pct,-7.5009109742773195,0.0009817639365792274,0.0009817639365792274,,-0.05764646828174591,-0.02471073530614376,1.4493707567453384e-08,development
3,2022-04-01,xgboost,tree_shap,month_sin,1.0,-0.056504026055336,0.056504026055336,,-0.05764646828174591,-0.02471073530614376,1.4493707567453384e-08,development
3,2022-04-01,xgboost,tree_shap,month_cos,6.123233995736766e-17,-0.003125010756775737,0.003125010756775737,,-0.05764646828174591,-0.02471073530614376,1.4493707567453384e-08,development
3,2022-05-01,elastic_net,standardized_linear_contribution,npl90_level_t,1.64395879970176,-0.0,0.0,0.0,-0.052282347626120995,-0.052282347626120995,0.0,development
3,2022-05-01,elastic_net,standardized_linear_contribution,npl90_lag_1m,1.475612628031,-0.0,0.0,0.0,-0.052282347626120995,-0.052282347626120995,0.0,development
3,2022-05-01,elastic_net,standardized_linear_contribution,npl90_lag_3m,1.32144104209642,-0.0,0.0,0.0,-0.052282347626120995,-0.052282347626120995,0.0,development
3,2022-05-01,elastic_net,standardized_linear_contribution,npl90_lag_6m,1.12606296396866,-0.0,0.0,0.0,-0.052282347626120995,-0.052282347626120995,0.0,development
3,2022-05-01,elastic_net,standardized_linear_contribution,npl90_lag_12m,1.40488885270435,-0.0,0.0,0.0,-0.052282347626120995,-0.052282347626120995,0.0,development
3,2022-05-01,elastic_net,standardized_linear_contribution,npl90_change_1m_pp,0.16834617167075994,0.0,0.0,0.0,-0.052282347626120995,-0.052282347626120995,0.0,development
3,2022-05-01,elastic_net,standardized_linear_contribution,npl90_change_3m_pp,0.32251775760533996,0.0,0.0,0.0,-0.052282347626120995,-0.052282347626120995,0.0,development
3,2022-05-01,elastic_net,standardized_linear_contribution,npl90_change_12m_pp,0.23906994699741002,0.0,0.0,0.0,-0.052282347626120995,-0.052282347626120995,0.0,development
3,2022-05-01,elastic_net,standardized_linear_contribution,npl90_rolling_mean_3m,1.48917605794856,-0.0,0.0,0.0,-0.052282347626120995,-0.052282347626120995,0.0,development
3,2022-05-01,elastic_net,standardized_linear_contribution,npl90_rolling_mean_6m,1.3596957532762683,-0.0,0.0,0.0,-0.052282347626120995,-0.052282347626120995,0.0,development
3,2022-05-01,elastic_net,standardized_linear_contribution,npl90_rolling_mean_12m,1.273892966893865,-0.0,0.0,0.0,-0.052282347626120995,-0.052282347626120995,0.0,development
3,2022-05-01,elastic_net,standardized_linear_contribution,imacec_yoy_pct,7.283573438218571,0.0,0.0,0.0,-0.052282347626120995,-0.052282347626120995,0.0,development
3,2022-05-01,elastic_net,standardized_linear_contribution,ipc_yoy,11.54280527,0.0,0.0,0.0,-0.052282347626120995,-0.052282347626120995,0.0,development
3,2022-05-01,elastic_net,standardized_linear_contribution,unemployment_rate,7.7474931765825,-0.0,0.0,0.0,-0.052282347626120995,-0.052282347626120995,0.0,development
3,2022-05-01,elastic_net,standardized_linear_contribution,tpm_monthly_average,8.02,0.0,0.0,0.0,-0.052282347626120995,-0.052282347626120995,0.0,development
3,2022-05-01,elastic_net,standardized_linear_contribution,tpm_change_3m_pp,2.5199999999999996,0.0,0.0,0.0,-0.052282347626120995,-0.052282347626120995,0.0,development
3,2022-05-01,elastic_net,standardized_linear_contribution,usdclp_yoy_pct,19.252884657909085,0.0,0.0,0.0,-0.052282347626120995,-0.052282347626120995,0.0,development
3,2022-05-01,elastic_net,standardized_linear_contribution,consumer_lending_rate,25.11,0.0,0.0,0.0,-0.052282347626120995,-0.052282347626120995,0.0,development
3,2022-05-01,elastic_net,standardized_linear_contribution,consumer_lending_rate_change_3m_pp,0.7800000000000011,0.0,0.0,0.0,-0.052282347626120995,-0.052282347626120995,0.0,development
3,2022-05-01,elastic_net,standardized_linear_contribution,real_consumer_loans_yoy_pct,-2.3810500744193552,-0.0,0.0,0.0,-0.052282347626120995,-0.052282347626120995,0.0,development
3,2022-05-01,elastic_net,standardized_linear_contribution,real_m1_yoy_pct,-21.370508299304568,-0.0,0.0,0.0,-0.052282347626120995,-0.052282347626120995,0.0,development
3,2022-05-01,elastic_net,standardized_linear_contribution,month_sin,0.8660254037844387,0.0,0.0,0.0,-0.052282347626120995,-0.052282347626120995,0.0,development
3,2022-05-01,elastic_net,standardized_linear_contribution,month_cos,-0.4999999999999998,-0.0,0.0,0.0,-0.052282347626120995,-0.052282347626120995,0.0,development
3,2022-05-01,random_forest,mean_decrease_impurity,npl90_level_t,1.64395879970176,,0.02704533901153472,0.02704533901153472,,0.04052443657007756,0.0,development
3,2022-05-01,random_forest,mean_decrease_impurity,npl90_lag_1m,1.475612628031,,0.03773203059254102,0.03773203059254102,,0.04052443657007756,0.0,development
3,2022-05-01,random_forest,mean_decrease_impurity,npl90_lag_3m,1.32144104209642,,0.14179681949622133,0.14179681949622133,,0.04052443657007756,0.0,development
3,2022-05-01,random_forest,mean_decrease_impurity,npl90_lag_6m,1.12606296396866,,0.03939634681719678,0.03939634681719678,,0.04052443657007756,0.0,development
3,2022-05-01,random_forest,mean_decrease_impurity,npl90_lag_12m,1.40488885270435,,0.04869832074386648,0.04869832074386648,,0.04052443657007756,0.0,development
3,2022-05-01,random_forest,mean_decrease_impurity,npl90_change_1m_pp,0.16834617167075994,,0.003552224111769266,0.003552224111769266,,0.04052443657007756,0.0,development
3,2022-05-01,random_forest,mean_decrease_impurity,npl90_change_3m_pp,0.32251775760533996,,0.002706505882136502,0.002706505882136502,,0.04052443657007756,0.0,development
3,2022-05-01,random_forest,mean_decrease_impurity,npl90_change_12m_pp,0.23906994699741002,,0.0019937262427750725,0.0019937262427750725,,0.04052443657007756,0.0,development
3,2022-05-01,random_forest,mean_decrease_impurity,npl90_rolling_mean_3m,1.48917605794856,,0.07386873513148635,0.07386873513148635,,0.04052443657007756,0.0,development
3,2022-05-01,random_forest,mean_decrease_impurity,npl90_rolling_mean_6m,1.3596957532762683,,0.2596614157990231,0.2596614157990231,,0.04052443657007756,0.0,development
3,2022-05-01,random_forest,mean_decrease_impurity,npl90_rolling_mean_12m,1.273892966893865,,0.09636632432267607,0.09636632432267607,,0.04052443657007756,0.0,development
3,2022-05-01,random_forest,mean_decrease_impurity,imacec_yoy_pct,7.283573438218571,,0.06597167668566123,0.06597167668566123,,0.04052443657007756,0.0,development
3,2022-05-01,random_forest,mean_decrease_impurity,ipc_yoy,11.54280527,,0.00347055067735889,0.00347055067735889,,0.04052443657007756,0.0,development
3,2022-05-01,random_forest,mean_decrease_impurity,unemployment_rate,7.7474931765825,,0.032938401261919006,0.032938401261919006,,0.04052443657007756,0.0,development
3,2022-05-01,random_forest,mean_decrease_impurity,tpm_monthly_average,8.02,,0.0439090352567112,0.0439090352567112,,0.04052443657007756,0.0,development
3,2022-05-01,random_forest,mean_decrease_impurity,tpm_change_3m_pp,2.5199999999999996,,0.0014682515921911176,0.0014682515921911176,,0.04052443657007756,0.0,development
3,2022-05-01,random_forest,mean_decrease_impurity,usdclp_yoy_pct,19.252884657909085,,0.02021275674128801,0.02021275674128801,,0.04052443657007756,0.0,development
3,2022-05-01,random_forest,mean_decrease_impurity,consumer_lending_rate,25.11,,0.021544819006720194,0.021544819006720194,,0.04052443657007756,0.0,development
3,2022-05-01,random_forest,mean_decrease_impurity,consumer_lending_rate_change_3m_pp,0.7800000000000011,,0.0007696290553339519,0.0007696290553339519,,0.04052443657007756,0.0,development
3,2022-05-01,random_forest,mean_decrease_impurity,real_consumer_loans_yoy_pct,-2.3810500744193552,,0.018489296110663113,0.018489296110663113,,0.04052443657007756,0.0,development
3,2022-05-01,random_forest,mean_decrease_impurity,real_m1_yoy_pct,-21.370508299304568,,0.0180965194080591,0.0180965194080591,,0.04052443657007756,0.0,development
3,2022-05-01,random_forest,mean_decrease_impurity,month_sin,0.8660254037844387,,0.03616512281158282,0.03616512281158282,,0.04052443657007756,0.0,development
3,2022-05-01,random_forest,mean_decrease_impurity,month_cos,-0.4999999999999998,,0.004146153241284812,0.004146153241284812,,0.04052443657007756,0.0,development
3,2022-05-01,xgboost,tree_shap,npl90_level_t,1.64395879970176,0.013938503339886665,0.013938503339886665,,-0.04961283877491951,0.06948832422494888,2.0954757928848267e-08,development
3,2022-05-01,xgboost,tree_shap,npl90_lag_1m,1.475612628031,0.007976401597261429,0.007976401597261429,,-0.04961283877491951,0.06948832422494888,2.0954757928848267e-08,development
3,2022-05-01,xgboost,tree_shap,npl90_lag_3m,1.32144104209642,0.004137109965085983,0.004137109965085983,,-0.04961283877491951,0.06948832422494888,2.0954757928848267e-08,development
3,2022-05-01,xgboost,tree_shap,npl90_lag_6m,1.12606296396866,-0.001500287209637463,0.001500287209637463,,-0.04961283877491951,0.06948832422494888,2.0954757928848267e-08,development
3,2022-05-01,xgboost,tree_shap,npl90_lag_12m,1.40488885270435,0.06678878515958786,0.06678878515958786,,-0.04961283877491951,0.06948832422494888,2.0954757928848267e-08,development
3,2022-05-01,xgboost,tree_shap,npl90_change_1m_pp,0.16834617167075994,-0.006865951232612133,0.006865951232612133,,-0.04961283877491951,0.06948832422494888,2.0954757928848267e-08,development
3,2022-05-01,xgboost,tree_shap,npl90_change_3m_pp,0.32251775760533996,-0.014757071621716022,0.014757071621716022,,-0.04961283877491951,0.06948832422494888,2.0954757928848267e-08,development
3,2022-05-01,xgboost,tree_shap,npl90_change_12m_pp,0.23906994699741002,-0.0011114852968603373,0.0011114852968603373,,-0.04961283877491951,0.06948832422494888,2.0954757928848267e-08,development
3,2022-05-01,xgboost,tree_shap,npl90_rolling_mean_3m,1.48917605794856,0.023899730294942856,0.023899730294942856,,-0.04961283877491951,0.06948832422494888,2.0954757928848267e-08,development
3,2022-05-01,xgboost,tree_shap,npl90_rolling_mean_6m,1.3596957532762683,0.033523090183734894,0.033523090183734894,,-0.04961283877491951,0.06948832422494888,2.0954757928848267e-08,development
3,2022-05-01,xgboost,tree_shap,npl90_rolling_mean_12m,1.273892966893865,0.030302371829748154,0.030302371829748154,,-0.04961283877491951,0.06948832422494888,2.0954757928848267e-08,development
3,2022-05-01,xgboost,tree_shap,imacec_yoy_pct,7.283573438218571,0.004750375635921955,0.004750375635921955,,-0.04961283877491951,0.06948832422494888,2.0954757928848267e-08,development
3,2022-05-01,xgboost,tree_shap,ipc_yoy,11.54280527,0.002547401236370206,0.002547401236370206,,-0.04961283877491951,0.06948832422494888,2.0954757928848267e-08,development
3,2022-05-01,xgboost,tree_shap,unemployment_rate,7.7474931765825,0.01988094486296177,0.01988094486296177,,-0.04961283877491951,0.06948832422494888,2.0954757928848267e-08,development
3,2022-05-01,xgboost,tree_shap,tpm_monthly_average,8.02,0.009029760025441647,0.009029760025441647,,-0.04961283877491951,0.06948832422494888,2.0954757928848267e-08,development
3,2022-05-01,xgboost,tree_shap,tpm_change_3m_pp,2.5199999999999996,0.0019200713140890002,0.0019200713140890002,,-0.04961283877491951,0.06948832422494888,2.0954757928848267e-08,development
3,2022-05-01,xgboost,tree_shap,usdclp_yoy_pct,19.252884657909085,0.00821596011519432,0.00821596011519432,,-0.04961283877491951,0.06948832422494888,2.0954757928848267e-08,development
3,2022-05-01,xgboost,tree_shap,consumer_lending_rate,25.11,-0.027029605582356453,0.027029605582356453,,-0.04961283877491951,0.06948832422494888,2.0954757928848267e-08,development
3,2022-05-01,xgboost,tree_shap,consumer_lending_rate_change_3m_pp,0.7800000000000011,0.0030387528240680695,0.0030387528240680695,,-0.04961283877491951,0.06948832422494888,2.0954757928848267e-08,development
3,2022-05-01,xgboost,tree_shap,real_consumer_loans_yoy_pct,-2.3810500744193552,-0.006883461493998766,0.006883461493998766,,-0.04961283877491951,0.06948832422494888,2.0954757928848267e-08,development
3,2022-05-01,xgboost,tree_shap,real_m1_yoy_pct,-21.370508299304568,0.002857724903151393,0.002857724903151393,,-0.04961283877491951,0.06948832422494888,2.0954757928848267e-08,development
3,2022-05-01,xgboost,tree_shap,month_sin,0.8660254037844387,-0.05765017494559288,0.05765017494559288,,-0.04961283877491951,0.06948832422494888,2.0954757928848267e-08,development
3,2022-05-01,xgboost,tree_shap,month_cos,-0.4999999999999998,0.002092238049954176,0.002092238049954176,,-0.04961283877491951,0.06948832422494888,2.0954757928848267e-08,development
3,2022-06-01,elastic_net,standardized_linear_contribution,npl90_level_t,1.76656241321879,-0.0,0.0,0.0,-0.04390722157435963,-0.04390722157435963,0.0,development
3,2022-06-01,elastic_net,standardized_linear_contribution,npl90_lag_1m,1.64395879970176,-0.0,0.0,0.0,-0.04390722157435963,-0.04390722157435963,0.0,development
3,2022-06-01,elastic_net,standardized_linear_contribution,npl90_lag_3m,1.34795674611292,-0.0,0.0,0.0,-0.04390722157435963,-0.04390722157435963,0.0,development
3,2022-06-01,elastic_net,standardized_linear_contribution,npl90_lag_6m,1.13208442460048,-0.0,0.0,0.0,-0.04390722157435963,-0.04390722157435963,0.0,development
3,2022-06-01,elastic_net,standardized_linear_contribution,npl90_lag_12m,1.37581559972634,-0.0,0.0,0.0,-0.04390722157435963,-0.04390722157435963,0.0,development
3,2022-06-01,elastic_net,standardized_linear_contribution,npl90_change_1m_pp,0.12260361351703009,0.0,0.0,0.0,-0.04390722157435963,-0.04390722157435963,0.0,development
3,2022-06-01,elastic_net,standardized_linear_contribution,npl90_change_3m_pp,0.41860566710587,0.0,0.0,0.0,-0.04390722157435963,-0.04390722157435963,0.0,development
3,2022-06-01,elastic_net,standardized_linear_contribution,npl90_change_12m_pp,0.3907468134924501,0.0,0.0,0.0,-0.04390722157435963,-0.04390722157435963,0.0,development
3,2022-06-01,elastic_net,standardized_linear_contribution,npl90_rolling_mean_3m,1.6287112803171835,-0.0,0.0,0.0,-0.04390722157435963,-0.04390722157435963,0.0,development
3,2022-06-01,elastic_net,standardized_linear_contribution,npl90_rolling_mean_6m,1.4654420847126532,-0.0,0.0,0.0,-0.04390722157435963,-0.04390722157435963,0.0,development
3,2022-06-01,elastic_net,standardized_linear_contribution,npl90_rolling_mean_12m,1.3064552013515691,-0.0,0.0,0.0,-0.04390722157435963,-0.04390722157435963,0.0,development
3,2022-06-01,elastic_net,standardized_linear_contribution,imacec_yoy_pct,5.018374010536197,0.0,0.0,0.0,-0.04390722157435963,-0.04390722157435963,0.0,development
3,2022-06-01,elastic_net,standardized_linear_contribution,ipc_yoy,12.49339779,0.0,0.0,0.0,-0.04390722157435963,-0.04390722157435963,0.0,development
3,2022-06-01,elastic_net,standardized_linear_contribution,unemployment_rate,7.8039797578749,0.0,0.0,0.0,-0.04390722157435963,-0.04390722157435963,0.0,development
3,2022-06-01,elastic_net,standardized_linear_contribution,tpm_monthly_average,8.81,0.0,0.0,0.0,-0.04390722157435963,-0.04390722157435963,0.0,development
3,2022-06-01,elastic_net,standardized_linear_contribution,tpm_change_3m_pp,3.1800000000000006,0.0,0.0,0.0,-0.04390722157435963,-0.04390722157435963,0.0,development
3,2022-06-01,elastic_net,standardized_linear_contribution,usdclp_yoy_pct,18.06152272847705,0.0,0.0,0.0,-0.04390722157435963,-0.04390722157435963,0.0,development
3,2022-06-01,elastic_net,standardized_linear_contribution,consumer_lending_rate,26.26,0.0,0.0,0.0,-0.04390722157435963,-0.04390722157435963,0.0,development
3,2022-06-01,elastic_net,standardized_linear_contribution,consumer_lending_rate_change_3m_pp,2.610000000000003,0.0,0.0,0.0,-0.04390722157435963,-0.04390722157435963,0.0,development
3,2022-06-01,elastic_net,standardized_linear_contribution,real_consumer_loans_yoy_pct,-1.9601267390536803,-0.0,0.0,0.0,-0.04390722157435963,-0.04390722157435963,0.0,development
3,2022-06-01,elastic_net,standardized_linear_contribution,real_m1_yoy_pct,-26.018960121970313,-0.0,0.0,0.0,-0.04390722157435963,-0.04390722157435963,0.0,development
3,2022-06-01,elastic_net,standardized_linear_contribution,month_sin,0.49999999999999994,0.0,0.0,0.0,-0.04390722157435963,-0.04390722157435963,0.0,development
3,2022-06-01,elastic_net,standardized_linear_contribution,month_cos,-0.8660254037844387,-0.0,0.0,0.0,-0.04390722157435963,-0.04390722157435963,0.0,development
3,2022-06-01,random_forest,mean_decrease_impurity,npl90_level_t,1.76656241321879,,0.02015181277684419,0.02015181277684419,,0.11883591231489143,0.0,development
3,2022-06-01,random_forest,mean_decrease_impurity,npl90_lag_1m,1.64395879970176,,0.03887483384951643,0.03887483384951643,,0.11883591231489143,0.0,development
3,2022-06-01,random_forest,mean_decrease_impurity,npl90_lag_3m,1.34795674611292,,0.14728534717460864,0.14728534717460864,,0.11883591231489143,0.0,development
3,2022-06-01,random_forest,mean_decrease_impurity,npl90_lag_6m,1.13208442460048,,0.045424127131234615,0.045424127131234615,,0.11883591231489143,0.0,development
3,2022-06-01,random_forest,mean_decrease_impurity,npl90_lag_12m,1.37581559972634,,0.05684006876759737,0.05684006876759737,,0.11883591231489143,0.0,development
3,2022-06-01,random_forest,mean_decrease_impurity,npl90_change_1m_pp,0.12260361351703009,,0.0030173057119549985,0.0030173057119549985,,0.11883591231489143,0.0,development
3,2022-06-01,random_forest,mean_decrease_impurity,npl90_change_3m_pp,0.41860566710587,,0.003702622343232269,0.003702622343232269,,0.11883591231489143,0.0,development
3,2022-06-01,random_forest,mean_decrease_impurity,npl90_change_12m_pp,0.3907468134924501,,0.0009525101960490622,0.0009525101960490622,,0.11883591231489143,0.0,development
3,2022-06-01,random_forest,mean_decrease_impurity,npl90_rolling_mean_3m,1.6287112803171835,,0.07923217814644777,0.07923217814644777,,0.11883591231489143,0.0,development
3,2022-06-01,random_forest,mean_decrease_impurity,npl90_rolling_mean_6m,1.4654420847126532,,0.24453603261684656,0.24453603261684656,,0.11883591231489143,0.0,development
3,2022-06-01,random_forest,mean_decrease_impurity,npl90_rolling_mean_12m,1.3064552013515691,,0.10329024270961196,0.10329024270961196,,0.11883591231489143,0.0,development
3,2022-06-01,random_forest,mean_decrease_impurity,imacec_yoy_pct,5.018374010536197,,0.055515616807824346,0.055515616807824346,,0.11883591231489143,0.0,development
3,2022-06-01,random_forest,mean_decrease_impurity,ipc_yoy,12.49339779,,0.0049083283157053586,0.0049083283157053586,,0.11883591231489143,0.0,development
3,2022-06-01,random_forest,mean_decrease_impurity,unemployment_rate,7.8039797578749,,0.03697330935679912,0.03697330935679912,,0.11883591231489143,0.0,development
3,2022-06-01,random_forest,mean_decrease_impurity,tpm_monthly_average,8.81,,0.04300900371658819,0.04300900371658819,,0.11883591231489143,0.0,development
3,2022-06-01,random_forest,mean_decrease_impurity,tpm_change_3m_pp,3.1800000000000006,,0.001247046030445278,0.001247046030445278,,0.11883591231489143,0.0,development
3,2022-06-01,random_forest,mean_decrease_impurity,usdclp_yoy_pct,18.06152272847705,,0.019689944781134793,0.019689944781134793,,0.11883591231489143,0.0,development
3,2022-06-01,random_forest,mean_decrease_impurity,consumer_lending_rate,26.26,,0.01486206606542242,0.01486206606542242,,0.11883591231489143,0.0,development
3,2022-06-01,random_forest,mean_decrease_impurity,consumer_lending_rate_change_3m_pp,2.610000000000003,,0.002976758461897948,0.002976758461897948,,0.11883591231489143,0.0,development
3,2022-06-01,random_forest,mean_decrease_impurity,real_consumer_loans_yoy_pct,-1.9601267390536803,,0.01626004572872483,0.01626004572872483,,0.11883591231489143,0.0,development
3,2022-06-01,random_forest,mean_decrease_impurity,real_m1_yoy_pct,-26.018960121970313,,0.02494329361464676,0.02494329361464676,,0.11883591231489143,0.0,development
3,2022-06-01,random_forest,mean_decrease_impurity,month_sin,0.49999999999999994,,0.03432786137445743,0.03432786137445743,,0.11883591231489143,0.0,development
3,2022-06-01,random_forest,mean_decrease_impurity,month_cos,-0.8660254037844387,,0.0019796443224096676,0.0019796443224096676,,0.11883591231489143,0.0,development
3,2022-06-01,xgboost,tree_shap,npl90_level_t,1.76656241321879,0.006813120562583208,0.006813120562583208,,-0.042859792709350586,0.1443600207567215,2.7765054255723953e-08,development
3,2022-06-01,xgboost,tree_shap,npl90_lag_1m,1.64395879970176,0.007921358570456505,0.007921358570456505,,-0.042859792709350586,0.1443600207567215,2.7765054255723953e-08,development
3,2022-06-01,xgboost,tree_shap,npl90_lag_3m,1.34795674611292,0.00548352487385273,0.00548352487385273,,-0.042859792709350586,0.1443600207567215,2.7765054255723953e-08,development
3,2022-06-01,xgboost,tree_shap,npl90_lag_6m,1.13208442460048,0.004132996778935194,0.004132996778935194,,-0.042859792709350586,0.1443600207567215,2.7765054255723953e-08,development
3,2022-06-01,xgboost,tree_shap,npl90_lag_12m,1.37581559972634,0.0871652364730835,0.0871652364730835,,-0.042859792709350586,0.1443600207567215,2.7765054255723953e-08,development
3,2022-06-01,xgboost,tree_shap,npl90_change_1m_pp,0.12260361351703009,-0.01097775436937809,0.01097775436937809,,-0.042859792709350586,0.1443600207567215,2.7765054255723953e-08,development
3,2022-06-01,xgboost,tree_shap,npl90_change_3m_pp,0.41860566710587,-0.014345967210829258,0.014345967210829258,,-0.042859792709350586,0.1443600207567215,2.7765054255723953e-08,development
3,2022-06-01,xgboost,tree_shap,npl90_change_12m_pp,0.3907468134924501,0.004591137170791626,0.004591137170791626,,-0.042859792709350586,0.1443600207567215,2.7765054255723953e-08,development
3,2022-06-01,xgboost,tree_shap,npl90_rolling_mean_3m,1.6287112803171835,0.022300703451037407,0.022300703451037407,,-0.042859792709350586,0.1443600207567215,2.7765054255723953e-08,development
3,2022-06-01,xgboost,tree_shap,npl90_rolling_mean_6m,1.4654420847126532,0.03864937648177147,0.03864937648177147,,-0.042859792709350586,0.1443600207567215,2.7765054255723953e-08,development
3,2022-06-01,xgboost,tree_shap,npl90_rolling_mean_12m,1.3064552013515691,0.0269034244120121,0.0269034244120121,,-0.042859792709350586,0.1443600207567215,2.7765054255723953e-08,development
3,2022-06-01,xgboost,tree_shap,imacec_yoy_pct,5.018374010536197,0.00230121286585927,0.00230121286585927,,-0.042859792709350586,0.1443600207567215,2.7765054255723953e-08,development
3,2022-06-01,xgboost,tree_shap,ipc_yoy,12.49339779,0.0019262172281742096,0.0019262172281742096,,-0.042859792709350586,0.1443600207567215,2.7765054255723953e-08,development
3,2022-06-01,xgboost,tree_shap,unemployment_rate,7.8039797578749,0.03255573660135269,0.03255573660135269,,-0.042859792709350586,0.1443600207567215,2.7765054255723953e-08,development
3,2022-06-01,xgboost,tree_shap,tpm_monthly_average,8.81,0.011515316553413868,0.011515316553413868,,-0.042859792709350586,0.1443600207567215,2.7765054255723953e-08,development
3,2022-06-01,xgboost,tree_shap,tpm_change_3m_pp,3.1800000000000006,0.002823584945872426,0.002823584945872426,,-0.042859792709350586,0.1443600207567215,2.7765054255723953e-08,development
3,2022-06-01,xgboost,tree_shap,usdclp_yoy_pct,18.06152272847705,0.016452860087156296,0.016452860087156296,,-0.042859792709350586,0.1443600207567215,2.7765054255723953e-08,development
3,2022-06-01,xgboost,tree_shap,consumer_lending_rate,26.26,-0.009898551739752293,0.009898551739752293,,-0.042859792709350586,0.1443600207567215,2.7765054255723953e-08,development
3,2022-06-01,xgboost,tree_shap,consumer_lending_rate_change_3m_pp,2.610000000000003,0.008658869192004204,0.008658869192004204,,-0.042859792709350586,0.1443600207567215,2.7765054255723953e-08,development
3,2022-06-01,xgboost,tree_shap,real_consumer_loans_yoy_pct,-1.9601267390536803,-0.0017438444774597883,0.0017438444774597883,,-0.042859792709350586,0.1443600207567215,2.7765054255723953e-08,development
3,2022-06-01,xgboost,tree_shap,real_m1_yoy_pct,-26.018960121970313,-0.0008134719100780785,0.0008134719100780785,,-0.042859792709350586,0.1443600207567215,2.7765054255723953e-08,development
3,2022-06-01,xgboost,tree_shap,month_sin,0.49999999999999994,-0.05918299779295921,0.05918299779295921,,-0.042859792709350586,0.1443600207567215,2.7765054255723953e-08,development
3,2022-06-01,xgboost,tree_shap,month_cos,-0.8660254037844387,0.0039876969531178474,0.0039876969531178474,,-0.042859792709350586,0.1443600207567215,2.7765054255723953e-08,development
3,2022-07-01,elastic_net,standardized_linear_contribution,npl90_level_t,1.88670825590073,-0.0,0.0,0.0,-0.03555186496761193,-0.03555186496761193,0.0,development
3,2022-07-01,elastic_net,standardized_linear_contribution,npl90_lag_1m,1.76656241321879,-0.0,0.0,0.0,-0.03555186496761193,-0.03555186496761193,0.0,development
3,2022-07-01,elastic_net,standardized_linear_contribution,npl90_lag_3m,1.475612628031,-0.0,0.0,0.0,-0.03555186496761193,-0.03555186496761193,0.0,development
3,2022-07-01,elastic_net,standardized_linear_contribution,npl90_lag_6m,1.23712087911503,-0.0,0.0,0.0,-0.03555186496761193,-0.03555186496761193,0.0,development
3,2022-07-01,elastic_net,standardized_linear_contribution,npl90_lag_12m,1.29165654454624,-0.0,0.0,0.0,-0.03555186496761193,-0.03555186496761193,0.0,development
3,2022-07-01,elastic_net,standardized_linear_contribution,npl90_change_1m_pp,0.12014584268193995,0.0,0.0,0.0,-0.03555186496761193,-0.03555186496761193,0.0,development
3,2022-07-01,elastic_net,standardized_linear_contribution,npl90_change_3m_pp,0.41109562786973,0.0,0.0,0.0,-0.03555186496761193,-0.03555186496761193,0.0,development
3,2022-07-01,elastic_net,standardized_linear_contribution,npl90_change_12m_pp,0.59505171135449,0.0,0.0,0.0,-0.03555186496761193,-0.03555186496761193,0.0,development
3,2022-07-01,elastic_net,standardized_linear_contribution,npl90_rolling_mean_3m,1.76574315627376,-0.0,0.0,0.0,-0.03555186496761193,-0.03555186496761193,0.0,development
3,2022-07-01,elastic_net,standardized_linear_contribution,npl90_rolling_mean_6m,1.57370664751027,-0.0,0.0,0.0,-0.03555186496761193,-0.03555186496761193,0.0,development
3,2022-07-01,elastic_net,standardized_linear_contribution,npl90_rolling_mean_12m,1.3560428439644434,-0.0,0.0,0.0,-0.03555186496761193,-0.03555186496761193,0.0,development
3,2022-07-01,elastic_net,standardized_linear_contribution,imacec_yoy_pct,2.784273534378112,0.0,0.0,0.0,-0.03555186496761193,-0.03555186496761193,0.0,development
3,2022-07-01,elastic_net,standardized_linear_contribution,ipc_yoy,13.12472889,0.0,0.0,0.0,-0.03555186496761193,-0.03555186496761193,0.0,development
3,2022-07-01,elastic_net,standardized_linear_contribution,unemployment_rate,7.8114737505625,0.0,0.0,0.0,-0.03555186496761193,-0.03555186496761193,0.0,development
3,2022-07-01,elastic_net,standardized_linear_contribution,tpm_monthly_average,9.43,0.0,0.0,0.0,-0.03555186496761193,-0.03555186496761193,0.0,development
3,2022-07-01,elastic_net,standardized_linear_contribution,tpm_change_3m_pp,2.4299999999999997,0.0,0.0,0.0,-0.03555186496761193,-0.03555186496761193,0.0,development
3,2022-07-01,elastic_net,standardized_linear_contribution,usdclp_yoy_pct,27.08618747719602,0.0,0.0,0.0,-0.03555186496761193,-0.03555186496761193,0.0,development
3,2022-07-01,elastic_net,standardized_linear_contribution,consumer_lending_rate,27.06,0.0,0.0,0.0,-0.03555186496761193,-0.03555186496761193,0.0,development
3,2022-07-01,elastic_net,standardized_linear_contribution,consumer_lending_rate_change_3m_pp,2.2399999999999984,0.0,0.0,0.0,-0.03555186496761193,-0.03555186496761193,0.0,development
3,2022-07-01,elastic_net,standardized_linear_contribution,real_consumer_loans_yoy_pct,-2.4620307436437505,-0.0,0.0,0.0,-0.03555186496761193,-0.03555186496761193,0.0,development
3,2022-07-01,elastic_net,standardized_linear_contribution,real_m1_yoy_pct,-30.011543797562656,-0.0,0.0,0.0,-0.03555186496761193,-0.03555186496761193,0.0,development
3,2022-07-01,elastic_net,standardized_linear_contribution,month_sin,1.2246467991473532e-16,0.0,0.0,0.0,-0.03555186496761193,-0.03555186496761193,0.0,development
3,2022-07-01,elastic_net,standardized_linear_contribution,month_cos,-1.0,-0.0,0.0,0.0,-0.03555186496761193,-0.03555186496761193,0.0,development
3,2022-07-01,random_forest,mean_decrease_impurity,npl90_level_t,1.88670825590073,,0.02077580612486189,0.02077580612486189,,0.2872399917223204,0.0,development
3,2022-07-01,random_forest,mean_decrease_impurity,npl90_lag_1m,1.76656241321879,,0.035948833802331194,0.035948833802331194,,0.2872399917223204,0.0,development
3,2022-07-01,random_forest,mean_decrease_impurity,npl90_lag_3m,1.475612628031,,0.13996082027963086,0.13996082027963086,,0.2872399917223204,0.0,development
3,2022-07-01,random_forest,mean_decrease_impurity,npl90_lag_6m,1.23712087911503,,0.045773166999683125,0.045773166999683125,,0.2872399917223204,0.0,development
3,2022-07-01,random_forest,mean_decrease_impurity,npl90_lag_12m,1.29165654454624,,0.06719965847168431,0.06719965847168431,,0.2872399917223204,0.0,development
3,2022-07-01,random_forest,mean_decrease_impurity,npl90_change_1m_pp,0.12014584268193995,,0.002252080766895162,0.002252080766895162,,0.2872399917223204,0.0,development
3,2022-07-01,random_forest,mean_decrease_impurity,npl90_change_3m_pp,0.41109562786973,,0.0019774400756378684,0.0019774400756378684,,0.2872399917223204,0.0,development
3,2022-07-01,random_forest,mean_decrease_impurity,npl90_change_12m_pp,0.59505171135449,,0.000821867233765141,0.000821867233765141,,0.2872399917223204,0.0,development
3,2022-07-01,random_forest,mean_decrease_impurity,npl90_rolling_mean_3m,1.76574315627376,,0.0862869360186642,0.0862869360186642,,0.2872399917223204,0.0,development
3,2022-07-01,random_forest,mean_decrease_impurity,npl90_rolling_mean_6m,1.57370664751027,,0.2541066736640512,0.2541066736640512,,0.2872399917223204,0.0,development
3,2022-07-01,random_forest,mean_decrease_impurity,npl90_rolling_mean_12m,1.3560428439644434,,0.10849661071878178,0.10849661071878178,,0.2872399917223204,0.0,development
3,2022-07-01,random_forest,mean_decrease_impurity,imacec_yoy_pct,2.784273534378112,,0.047027272311994356,0.047027272311994356,,0.2872399917223204,0.0,development
3,2022-07-01,random_forest,mean_decrease_impurity,ipc_yoy,13.12472889,,0.013865042062629828,0.013865042062629828,,0.2872399917223204,0.0,development
3,2022-07-01,random_forest,mean_decrease_impurity,unemployment_rate,7.8114737505625,,0.037666186273179914,0.037666186273179914,,0.2872399917223204,0.0,development
3,2022-07-01,random_forest,mean_decrease_impurity,tpm_monthly_average,9.43,,0.043259620924884064,0.043259620924884064,,0.2872399917223204,0.0,development
3,2022-07-01,random_forest,mean_decrease_impurity,tpm_change_3m_pp,2.4299999999999997,,0.003037544664926218,0.003037544664926218,,0.2872399917223204,0.0,development
3,2022-07-01,random_forest,mean_decrease_impurity,usdclp_yoy_pct,27.08618747719602,,0.017100712705895436,0.017100712705895436,,0.2872399917223204,0.0,development
3,2022-07-01,random_forest,mean_decrease_impurity,consumer_lending_rate,27.06,,0.01136885437032815,0.01136885437032815,,0.2872399917223204,0.0,development
3,2022-07-01,random_forest,mean_decrease_impurity,consumer_lending_rate_change_3m_pp,2.2399999999999984,,0.0028302866318188047,0.0028302866318188047,,0.2872399917223204,0.0,development
3,2022-07-01,random_forest,mean_decrease_impurity,real_consumer_loans_yoy_pct,-2.4620307436437505,,0.016045549256014813,0.016045549256014813,,0.2872399917223204,0.0,development
3,2022-07-01,random_forest,mean_decrease_impurity,real_m1_yoy_pct,-30.011543797562656,,0.015072917226866397,0.015072917226866397,,0.2872399917223204,0.0,development
3,2022-07-01,random_forest,mean_decrease_impurity,month_sin,1.2246467991473532e-16,,0.02859396965133411,0.02859396965133411,,0.2872399917223204,0.0,development
3,2022-07-01,random_forest,mean_decrease_impurity,month_cos,-1.0,,0.0005321497641409726,0.0005321497641409726,,0.2872399917223204,0.0,development
3,2022-07-01,xgboost,tree_shap,npl90_level_t,1.88670825590073,0.007922179065644741,0.007922179065644741,,-0.0351199135184288,0.29020020365715027,5.407491698861122e-08,development
3,2022-07-01,xgboost,tree_shap,npl90_lag_1m,1.76656241321879,0.00515931099653244,0.00515931099653244,,-0.0351199135184288,0.29020020365715027,5.407491698861122e-08,development
3,2022-07-01,xgboost,tree_shap,npl90_lag_3m,1.475612628031,0.003508305177092552,0.003508305177092552,,-0.0351199135184288,0.29020020365715027,5.407491698861122e-08,development
3,2022-07-01,xgboost,tree_shap,npl90_lag_6m,1.23712087911503,-0.0007109434227459133,0.0007109434227459133,,-0.0351199135184288,0.29020020365715027,5.407491698861122e-08,development
3,2022-07-01,xgboost,tree_shap,npl90_lag_12m,1.29165654454624,0.0934542566537857,0.0934542566537857,,-0.0351199135184288,0.29020020365715027,5.407491698861122e-08,development
3,2022-07-01,xgboost,tree_shap,npl90_change_1m_pp,0.12014584268193995,-0.005914399400353432,0.005914399400353432,,-0.0351199135184288,0.29020020365715027,5.407491698861122e-08,development
3,2022-07-01,xgboost,tree_shap,npl90_change_3m_pp,0.41109562786973,-0.010402310639619827,0.010402310639619827,,-0.0351199135184288,0.29020020365715027,5.407491698861122e-08,development
3,2022-07-01,xgboost,tree_shap,npl90_change_12m_pp,0.59505171135449,-0.005626438185572624,0.005626438185572624,,-0.0351199135184288,0.29020020365715027,5.407491698861122e-08,development
3,2022-07-01,xgboost,tree_shap,npl90_rolling_mean_3m,1.76574315627376,0.02368815243244171,0.02368815243244171,,-0.0351199135184288,0.29020020365715027,5.407491698861122e-08,development
3,2022-07-01,xgboost,tree_shap,npl90_rolling_mean_6m,1.57370664751027,0.03426532819867134,0.03426532819867134,,-0.0351199135184288,0.29020020365715027,5.407491698861122e-08,development
3,2022-07-01,xgboost,tree_shap,npl90_rolling_mean_12m,1.3560428439644434,0.03398563340306282,0.03398563340306282,,-0.0351199135184288,0.29020020365715027,5.407491698861122e-08,development
3,2022-07-01,xgboost,tree_shap,imacec_yoy_pct,2.784273534378112,0.002120895776897669,0.002120895776897669,,-0.0351199135184288,0.29020020365715027,5.407491698861122e-08,development
3,2022-07-01,xgboost,tree_shap,ipc_yoy,13.12472889,0.0008387822890654206,0.0008387822890654206,,-0.0351199135184288,0.29020020365715027,5.407491698861122e-08,development
3,2022-07-01,xgboost,tree_shap,unemployment_rate,7.8114737505625,0.03538164496421814,0.03538164496421814,,-0.0351199135184288,0.29020020365715027,5.407491698861122e-08,development
3,2022-07-01,xgboost,tree_shap,tpm_monthly_average,9.43,0.01700025051832199,0.01700025051832199,,-0.0351199135184288,0.29020020365715027,5.407491698861122e-08,development
3,2022-07-01,xgboost,tree_shap,tpm_change_3m_pp,2.4299999999999997,0.0028067752718925476,0.0028067752718925476,,-0.0351199135184288,0.29020020365715027,5.407491698861122e-08,development
3,2022-07-01,xgboost,tree_shap,usdclp_yoy_pct,27.08618747719602,0.029000015929341316,0.029000015929341316,,-0.0351199135184288,0.29020020365715027,5.407491698861122e-08,development
3,2022-07-01,xgboost,tree_shap,consumer_lending_rate,27.06,-0.005339358933269978,0.005339358933269978,,-0.0351199135184288,0.29020020365715027,5.407491698861122e-08,development
3,2022-07-01,xgboost,tree_shap,consumer_lending_rate_change_3m_pp,2.2399999999999984,0.03137759119272232,0.03137759119272232,,-0.0351199135184288,0.29020020365715027,5.407491698861122e-08,development
3,2022-07-01,xgboost,tree_shap,real_consumer_loans_yoy_pct,-2.4620307436437505,0.008388952352106571,0.008388952352106571,,-0.0351199135184288,0.29020020365715027,5.407491698861122e-08,development
3,2022-07-01,xgboost,tree_shap,real_m1_yoy_pct,-30.011543797562656,0.0058119590394198895,0.0058119590394198895,,-0.0351199135184288,0.29020020365715027,5.407491698861122e-08,development
3,2022-07-01,xgboost,tree_shap,month_sin,1.2246467991473532e-16,0.01715482957661152,0.01715482957661152,,-0.0351199135184288,0.29020020365715027,5.407491698861122e-08,development
3,2022-07-01,xgboost,tree_shap,month_cos,-1.0,0.0014486508443951607,0.0014486508443951607,,-0.0351199135184288,0.29020020365715027,5.407491698861122e-08,development
3,2022-08-01,elastic_net,standardized_linear_contribution,npl90_level_t,2.00434737863352,0.0,0.0,0.0,-0.026998791140174876,-0.026998791140174876,0.0,development
3,2022-08-01,elastic_net,standardized_linear_contribution,npl90_lag_1m,1.88670825590073,-0.0,0.0,0.0,-0.026998791140174876,-0.026998791140174876,0.0,development
3,2022-08-01,elastic_net,standardized_linear_contribution,npl90_lag_3m,1.64395879970176,-0.0,0.0,0.0,-0.026998791140174876,-0.026998791140174876,0.0,development
3,2022-08-01,elastic_net,standardized_linear_contribution,npl90_lag_6m,1.32144104209642,-0.0,0.0,0.0,-0.026998791140174876,-0.026998791140174876,0.0,development
3,2022-08-01,elastic_net,standardized_linear_contribution,npl90_lag_12m,1.16521798630509,-0.0,0.0,0.0,-0.026998791140174876,-0.026998791140174876,0.0,development
3,2022-08-01,elastic_net,standardized_linear_contribution,npl90_change_1m_pp,0.1176391227327902,0.0,0.0,0.0,-0.026998791140174876,-0.026998791140174876,0.0,development
3,2022-08-01,elastic_net,standardized_linear_contribution,npl90_change_3m_pp,0.36038857893176024,0.0,0.0,0.0,-0.026998791140174876,-0.026998791140174876,0.0,development
3,2022-08-01,elastic_net,standardized_linear_contribution,npl90_change_12m_pp,0.8391293923284302,0.0,0.0,0.0,-0.026998791140174876,-0.026998791140174876,0.0,development
3,2022-08-01,elastic_net,standardized_linear_contribution,npl90_rolling_mean_3m,1.8858726825843466,-0.0,0.0,0.0,-0.026998791140174876,-0.026998791140174876,0.0,development
3,2022-08-01,elastic_net,standardized_linear_contribution,npl90_rolling_mean_6m,1.6875243702664535,-0.0,0.0,0.0,-0.026998791140174876,-0.026998791140174876,0.0,development
3,2022-08-01,elastic_net,standardized_linear_contribution,npl90_rolling_mean_12m,1.425970293325146,-0.0,0.0,0.0,-0.026998791140174876,-0.026998791140174876,0.0,development
3,2022-08-01,elastic_net,standardized_linear_contribution,imacec_yoy_pct,-1.4491146769330054,-0.0,0.0,0.0,-0.026998791140174876,-0.026998791140174876,0.0,development
3,2022-08-01,elastic_net,standardized_linear_contribution,ipc_yoy,14.08466187,0.0,0.0,0.0,-0.026998791140174876,-0.026998791140174876,0.0,development
3,2022-08-01,elastic_net,standardized_linear_contribution,unemployment_rate,7.9188115449306,0.0,0.0,0.0,-0.026998791140174876,-0.026998791140174876,0.0,development
3,2022-08-01,elastic_net,standardized_linear_contribution,tpm_monthly_average,9.75,0.0,0.0,0.0,-0.026998791140174876,-0.026998791140174876,0.0,development
3,2022-08-01,elastic_net,standardized_linear_contribution,tpm_change_3m_pp,1.7300000000000004,0.0,0.0,0.0,-0.026998791140174876,-0.026998791140174876,0.0,development
3,2022-08-01,elastic_net,standardized_linear_contribution,usdclp_yoy_pct,15.968144498030457,0.0,0.0,0.0,-0.026998791140174876,-0.026998791140174876,0.0,development
3,2022-08-01,elastic_net,standardized_linear_contribution,consumer_lending_rate,26.83,0.0,0.0,0.0,-0.026998791140174876,-0.026998791140174876,0.0,development
3,2022-08-01,elastic_net,standardized_linear_contribution,consumer_lending_rate_change_3m_pp,1.7199999999999989,0.0,0.0,0.0,-0.026998791140174876,-0.026998791140174876,0.0,development
3,2022-08-01,elastic_net,standardized_linear_contribution,real_consumer_loans_yoy_pct,-3.1883997031813327,-0.0,0.0,0.0,-0.026998791140174876,-0.026998791140174876,0.0,development
3,2022-08-01,elastic_net,standardized_linear_contribution,real_m1_yoy_pct,-33.37113368294208,-0.0,0.0,0.0,-0.026998791140174876,-0.026998791140174876,0.0,development
3,2022-08-01,elastic_net,standardized_linear_contribution,month_sin,-0.4999999999999997,-0.0,0.0,0.0,-0.026998791140174876,-0.026998791140174876,0.0,development
3,2022-08-01,elastic_net,standardized_linear_contribution,month_cos,-0.8660254037844388,-0.0,0.0,0.0,-0.026998791140174876,-0.026998791140174876,0.0,development
3,2022-08-01,random_forest,mean_decrease_impurity,npl90_level_t,2.00434737863352,,0.025280949955299874,0.025280949955299874,,0.3259518420905431,0.0,development
3,2022-08-01,random_forest,mean_decrease_impurity,npl90_lag_1m,1.88670825590073,,0.04164895724477285,0.04164895724477285,,0.3259518420905431,0.0,development
3,2022-08-01,random_forest,mean_decrease_impurity,npl90_lag_3m,1.64395879970176,,0.1436557124488746,0.1436557124488746,,0.3259518420905431,0.0,development
3,2022-08-01,random_forest,mean_decrease_impurity,npl90_lag_6m,1.32144104209642,,0.05050202995916788,0.05050202995916788,,0.3259518420905431,0.0,development
3,2022-08-01,random_forest,mean_decrease_impurity,npl90_lag_12m,1.16521798630509,,0.07189711829690262,0.07189711829690262,,0.3259518420905431,0.0,development
3,2022-08-01,random_forest,mean_decrease_impurity,npl90_change_1m_pp,0.1176391227327902,,0.001615107009900826,0.001615107009900826,,0.3259518420905431,0.0,development
3,2022-08-01,random_forest,mean_decrease_impurity,npl90_change_3m_pp,0.36038857893176024,,0.0024510648802412104,0.0024510648802412104,,0.3259518420905431,0.0,development
3,2022-08-01,random_forest,mean_decrease_impurity,npl90_change_12m_pp,0.8391293923284302,,0.0005595179276545305,0.0005595179276545305,,0.3259518420905431,0.0,development
3,2022-08-01,random_forest,mean_decrease_impurity,npl90_rolling_mean_3m,1.8858726825843466,,0.0693588306391031,0.0693588306391031,,0.3259518420905431,0.0,development
3,2022-08-01,random_forest,mean_decrease_impurity,npl90_rolling_mean_6m,1.6875243702664535,,0.2463859069171169,0.2463859069171169,,0.3259518420905431,0.0,development
3,2022-08-01,random_forest,mean_decrease_impurity,npl90_rolling_mean_12m,1.425970293325146,,0.11322797426467213,0.11322797426467213,,0.3259518420905431,0.0,development
3,2022-08-01,random_forest,mean_decrease_impurity,imacec_yoy_pct,-1.4491146769330054,,0.054146545082421366,0.054146545082421366,,0.3259518420905431,0.0,development
3,2022-08-01,random_forest,mean_decrease_impurity,ipc_yoy,14.08466187,,0.019577770247942244,0.019577770247942244,,0.3259518420905431,0.0,development
3,2022-08-01,random_forest,mean_decrease_impurity,unemployment_rate,7.9188115449306,,0.028419388533321644,0.028419388533321644,,0.3259518420905431,0.0,development
3,2022-08-01,random_forest,mean_decrease_impurity,tpm_monthly_average,9.75,,0.04023657179341284,0.04023657179341284,,0.3259518420905431,0.0,development
3,2022-08-01,random_forest,mean_decrease_impurity,tpm_change_3m_pp,1.7300000000000004,,0.008939809679051745,0.008939809679051745,,0.3259518420905431,0.0,development
3,2022-08-01,random_forest,mean_decrease_impurity,usdclp_yoy_pct,15.968144498030457,,0.017290524994501177,0.017290524994501177,,0.3259518420905431,0.0,development
3,2022-08-01,random_forest,mean_decrease_impurity,consumer_lending_rate,26.83,,0.010837920966132657,0.010837920966132657,,0.3259518420905431,0.0,development
3,2022-08-01,random_forest,mean_decrease_impurity,consumer_lending_rate_change_3m_pp,1.7199999999999989,,0.006480389640516525,0.006480389640516525,,0.3259518420905431,0.0,development
3,2022-08-01,random_forest,mean_decrease_impurity,real_consumer_loans_yoy_pct,-3.1883997031813327,,0.016853255658655628,0.016853255658655628,,0.3259518420905431,0.0,development
3,2022-08-01,random_forest,mean_decrease_impurity,real_m1_yoy_pct,-33.37113368294208,,0.010689917171929865,0.010689917171929865,,0.3259518420905431,0.0,development
3,2022-08-01,random_forest,mean_decrease_impurity,month_sin,-0.4999999999999997,,0.018819519877758466,0.018819519877758466,,0.3259518420905431,0.0,development
3,2022-08-01,random_forest,mean_decrease_impurity,month_cos,-0.8660254037844388,,0.0011252168106490696,0.0011252168106490696,,0.3259518420905431,0.0,development
3,2022-08-01,xgboost,tree_shap,npl90_level_t,2.00434737863352,0.012753277085721493,0.012753277085721493,,-0.025127647444605827,0.31601259112358093,7.828930392861366e-08,development
3,2022-08-01,xgboost,tree_shap,npl90_lag_1m,1.88670825590073,-0.0021364258136600256,0.0021364258136600256,,-0.025127647444605827,0.31601259112358093,7.828930392861366e-08,development
3,2022-08-01,xgboost,tree_shap,npl90_lag_3m,1.64395879970176,-0.0025568301789462566,0.0025568301789462566,,-0.025127647444605827,0.31601259112358093,7.828930392861366e-08,development
3,2022-08-01,xgboost,tree_shap,npl90_lag_6m,1.32144104209642,-0.0008219690062105656,0.0008219690062105656,,-0.025127647444605827,0.31601259112358093,7.828930392861366e-08,development
3,2022-08-01,xgboost,tree_shap,npl90_lag_12m,1.16521798630509,0.1081157997250557,0.1081157997250557,,-0.025127647444605827,0.31601259112358093,7.828930392861366e-08,development
3,2022-08-01,xgboost,tree_shap,npl90_change_1m_pp,0.1176391227327902,-0.0020746495574712753,0.0020746495574712753,,-0.025127647444605827,0.31601259112358093,7.828930392861366e-08,development
3,2022-08-01,xgboost,tree_shap,npl90_change_3m_pp,0.36038857893176024,-0.005853322334587574,0.005853322334587574,,-0.025127647444605827,0.31601259112358093,7.828930392861366e-08,development
3,2022-08-01,xgboost,tree_shap,npl90_change_12m_pp,0.8391293923284302,-0.0013128487626090646,0.0013128487626090646,,-0.025127647444605827,0.31601259112358093,7.828930392861366e-08,development
3,2022-08-01,xgboost,tree_shap,npl90_rolling_mean_3m,1.8858726825843466,0.021969079971313477,0.021969079971313477,,-0.025127647444605827,0.31601259112358093,7.828930392861366e-08,development
3,2022-08-01,xgboost,tree_shap,npl90_rolling_mean_6m,1.6875243702664535,0.03242707997560501,0.03242707997560501,,-0.025127647444605827,0.31601259112358093,7.828930392861366e-08,development
3,2022-08-01,xgboost,tree_shap,npl90_rolling_mean_12m,1.425970293325146,0.017014479264616966,0.017014479264616966,,-0.025127647444605827,0.31601259112358093,7.828930392861366e-08,development
3,2022-08-01,xgboost,tree_shap,imacec_yoy_pct,-1.4491146769330054,0.0003236861084587872,0.0003236861084587872,,-0.025127647444605827,0.31601259112358093,7.828930392861366e-08,development
3,2022-08-01,xgboost,tree_shap,ipc_yoy,14.08466187,0.007719812449067831,0.007719812449067831,,-0.025127647444605827,0.31601259112358093,7.828930392861366e-08,development
3,2022-08-01,xgboost,tree_shap,unemployment_rate,7.9188115449306,0.03863781690597534,0.03863781690597534,,-0.025127647444605827,0.31601259112358093,7.828930392861366e-08,development
3,2022-08-01,xgboost,tree_shap,tpm_monthly_average,9.75,0.02039022371172905,0.02039022371172905,,-0.025127647444605827,0.31601259112358093,7.828930392861366e-08,development
3,2022-08-01,xgboost,tree_shap,tpm_change_3m_pp,1.7300000000000004,0.002924177795648575,0.002924177795648575,,-0.025127647444605827,0.31601259112358093,7.828930392861366e-08,development
3,2022-08-01,xgboost,tree_shap,usdclp_yoy_pct,15.968144498030457,0.04089478775858879,0.04089478775858879,,-0.025127647444605827,0.31601259112358093,7.828930392861366e-08,development
3,2022-08-01,xgboost,tree_shap,consumer_lending_rate,26.83,-0.003930355422198772,0.003930355422198772,,-0.025127647444605827,0.31601259112358093,7.828930392861366e-08,development
3,2022-08-01,xgboost,tree_shap,consumer_lending_rate_change_3m_pp,1.7199999999999989,0.00410264078527689,0.00410264078527689,,-0.025127647444605827,0.31601259112358093,7.828930392861366e-08,development
3,2022-08-01,xgboost,tree_shap,real_consumer_loans_yoy_pct,-3.1883997031813327,0.005595907103270292,0.005595907103270292,,-0.025127647444605827,0.31601259112358093,7.828930392861366e-08,development
3,2022-08-01,xgboost,tree_shap,real_m1_yoy_pct,-33.37113368294208,0.0124835055321455,0.0124835055321455,,-0.025127647444605827,0.31601259112358093,7.828930392861366e-08,development
3,2022-08-01,xgboost,tree_shap,month_sin,-0.4999999999999997,0.03517799824476242,0.03517799824476242,,-0.025127647444605827,0.31601259112358093,7.828930392861366e-08,development
3,2022-08-01,xgboost,tree_shap,month_cos,-0.8660254037844388,-0.000703711062669754,0.000703711062669754,,-0.025127647444605827,0.31601259112358093,7.828930392861366e-08,development
3,2022-09-01,elastic_net,standardized_linear_contribution,npl90_level_t,1.99441337560216,0.0,0.0,0.0,-0.019075786191593527,-0.019075786191593527,0.0,development
3,2022-09-01,elastic_net,standardized_linear_contribution,npl90_lag_1m,2.00434737863352,0.0,0.0,0.0,-0.019075786191593527,-0.019075786191593527,0.0,development
3,2022-09-01,elastic_net,standardized_linear_contribution,npl90_lag_3m,1.76656241321879,-0.0,0.0,0.0,-0.019075786191593527,-0.019075786191593527,0.0,development
3,2022-09-01,elastic_net,standardized_linear_contribution,npl90_lag_6m,1.34795674611292,-0.0,0.0,0.0,-0.019075786191593527,-0.019075786191593527,0.0,development
3,2022-09-01,elastic_net,standardized_linear_contribution,npl90_lag_12m,1.0970151778989,-0.0,0.0,0.0,-0.019075786191593527,-0.019075786191593527,0.0,development
3,2022-09-01,elastic_net,standardized_linear_contribution,npl90_change_1m_pp,-0.009934003031360161,0.0,0.0,0.0,-0.019075786191593527,-0.019075786191593527,0.0,development
3,2022-09-01,elastic_net,standardized_linear_contribution,npl90_change_3m_pp,0.22785096238337,0.0,0.0,0.0,-0.019075786191593527,-0.019075786191593527,0.0,development
3,2022-09-01,elastic_net,standardized_linear_contribution,npl90_change_12m_pp,0.8973981977032601,0.0,0.0,0.0,-0.019075786191593527,-0.019075786191593527,0.0,development
3,2022-09-01,elastic_net,standardized_linear_contribution,npl90_rolling_mean_3m,1.9618230033788036,-0.0,0.0,0.0,-0.019075786191593527,-0.019075786191593527,0.0,development
3,2022-09-01,elastic_net,standardized_linear_contribution,npl90_rolling_mean_6m,1.7952671418479935,-0.0,0.0,0.0,-0.019075786191593527,-0.019075786191593527,0.0,development
3,2022-09-01,elastic_net,standardized_linear_contribution,npl90_rolling_mean_12m,1.5007534764670842,-0.0,0.0,0.0,-0.019075786191593527,-0.019075786191593527,0.0,development
3,2022-09-01,elastic_net,standardized_linear_contribution,imacec_yoy_pct,0.8281001753560391,-0.0,0.0,0.0,-0.019075786191593527,-0.019075786191593527,0.0,development
3,2022-09-01,elastic_net,standardized_linear_contribution,ipc_yoy,13.73133171,0.0,0.0,0.0,-0.019075786191593527,-0.019075786191593527,0.0,development
3,2022-09-01,elastic_net,standardized_linear_contribution,unemployment_rate,7.9293997650867,0.0,0.0,0.0,-0.019075786191593527,-0.019075786191593527,0.0,development
3,2022-09-01,elastic_net,standardized_linear_contribution,tpm_monthly_average,10.55,0.0,0.0,0.0,-0.019075786191593527,-0.019075786191593527,0.0,development
3,2022-09-01,elastic_net,standardized_linear_contribution,tpm_change_3m_pp,1.7400000000000002,0.0,0.0,0.0,-0.019075786191593527,-0.019075786191593527,0.0,development
3,2022-09-01,elastic_net,standardized_linear_contribution,usdclp_yoy_pct,17.53148518942773,0.0,0.0,0.0,-0.019075786191593527,-0.019075786191593527,0.0,development
3,2022-09-01,elastic_net,standardized_linear_contribution,consumer_lending_rate,27.93,0.0,0.0,0.0,-0.019075786191593527,-0.019075786191593527,0.0,development
3,2022-09-01,elastic_net,standardized_linear_contribution,consumer_lending_rate_change_3m_pp,1.6699999999999982,0.0,0.0,0.0,-0.019075786191593527,-0.019075786191593527,0.0,development
3,2022-09-01,elastic_net,standardized_linear_contribution,real_consumer_loans_yoy_pct,-2.9798524129953208,-0.0,0.0,0.0,-0.019075786191593527,-0.019075786191593527,0.0,development
3,2022-09-01,elastic_net,standardized_linear_contribution,real_m1_yoy_pct,-33.4043058559948,-0.0,0.0,0.0,-0.019075786191593527,-0.019075786191593527,0.0,development
3,2022-09-01,elastic_net,standardized_linear_contribution,month_sin,-0.8660254037844385,-0.0,0.0,0.0,-0.019075786191593527,-0.019075786191593527,0.0,development
3,2022-09-01,elastic_net,standardized_linear_contribution,month_cos,-0.5000000000000004,-0.0,0.0,0.0,-0.019075786191593527,-0.019075786191593527,0.0,development
3,2022-09-01,random_forest,mean_decrease_impurity,npl90_level_t,1.99441337560216,,0.023560508921323303,0.023560508921323303,,0.372192373153744,0.0,development
3,2022-09-01,random_forest,mean_decrease_impurity,npl90_lag_1m,2.00434737863352,,0.031030901542540897,0.031030901542540897,,0.372192373153744,0.0,development
3,2022-09-01,random_forest,mean_decrease_impurity,npl90_lag_3m,1.76656241321879,,0.1405152124851336,0.1405152124851336,,0.372192373153744,0.0,development
3,2022-09-01,random_forest,mean_decrease_impurity,npl90_lag_6m,1.34795674611292,,0.04499254731730506,0.04499254731730506,,0.372192373153744,0.0,development
3,2022-09-01,random_forest,mean_decrease_impurity,npl90_lag_12m,1.0970151778989,,0.07721833945994518,0.07721833945994518,,0.372192373153744,0.0,development
3,2022-09-01,random_forest,mean_decrease_impurity,npl90_change_1m_pp,-0.009934003031360161,,0.0007792113300418919,0.0007792113300418919,,0.372192373153744,0.0,development
3,2022-09-01,random_forest,mean_decrease_impurity,npl90_change_3m_pp,0.22785096238337,,0.002087893789406935,0.002087893789406935,,0.372192373153744,0.0,development
3,2022-09-01,random_forest,mean_decrease_impurity,npl90_change_12m_pp,0.8973981977032601,,0.0002138324387113178,0.0002138324387113178,,0.372192373153744,0.0,development
3,2022-09-01,random_forest,mean_decrease_impurity,npl90_rolling_mean_3m,1.9618230033788036,,0.07446537385308713,0.07446537385308713,,0.372192373153744,0.0,development
3,2022-09-01,random_forest,mean_decrease_impurity,npl90_rolling_mean_6m,1.7952671418479935,,0.24909962102797598,0.24909962102797598,,0.372192373153744,0.0,development
3,2022-09-01,random_forest,mean_decrease_impurity,npl90_rolling_mean_12m,1.5007534764670842,,0.11797582747554809,0.11797582747554809,,0.372192373153744,0.0,development
3,2022-09-01,random_forest,mean_decrease_impurity,imacec_yoy_pct,0.8281001753560391,,0.0445359708677044,0.0445359708677044,,0.372192373153744,0.0,development
3,2022-09-01,random_forest,mean_decrease_impurity,ipc_yoy,13.73133171,,0.02593900482093169,0.02593900482093169,,0.372192373153744,0.0,development
3,2022-09-01,random_forest,mean_decrease_impurity,unemployment_rate,7.9293997650867,,0.02298817817734295,0.02298817817734295,,0.372192373153744,0.0,development
3,2022-09-01,random_forest,mean_decrease_impurity,tpm_monthly_average,10.55,,0.038506559595791606,0.038506559595791606,,0.372192373153744,0.0,development
3,2022-09-01,random_forest,mean_decrease_impurity,tpm_change_3m_pp,1.7400000000000002,,0.024072231017983264,0.024072231017983264,,0.372192373153744,0.0,development
3,2022-09-01,random_forest,mean_decrease_impurity,usdclp_yoy_pct,17.53148518942773,,0.016883253606027167,0.016883253606027167,,0.372192373153744,0.0,development
3,2022-09-01,random_forest,mean_decrease_impurity,consumer_lending_rate,27.93,,0.009171215354195197,0.009171215354195197,,0.372192373153744,0.0,development
3,2022-09-01,random_forest,mean_decrease_impurity,consumer_lending_rate_change_3m_pp,1.6699999999999982,,0.012762414758810119,0.012762414758810119,,0.372192373153744,0.0,development
3,2022-09-01,random_forest,mean_decrease_impurity,real_consumer_loans_yoy_pct,-2.9798524129953208,,0.019437430960722948,0.019437430960722948,,0.372192373153744,0.0,development
3,2022-09-01,random_forest,mean_decrease_impurity,real_m1_yoy_pct,-33.4043058559948,,0.009108978242431067,0.009108978242431067,,0.372192373153744,0.0,development
3,2022-09-01,random_forest,mean_decrease_impurity,month_sin,-0.8660254037844385,,0.01397158454243933,0.01397158454243933,,0.372192373153744,0.0,development
3,2022-09-01,random_forest,mean_decrease_impurity,month_cos,-0.5000000000000004,,0.0006839084146009314,0.0006839084146009314,,0.372192373153744,0.0,development
3,2022-09-01,xgboost,tree_shap,npl90_level_t,1.99441337560216,0.012443841435015202,0.012443841435015202,,-0.01533175352960825,0.29633039236068726,1.2834789231419563e-07,development
3,2022-09-01,xgboost,tree_shap,npl90_lag_1m,2.00434737863352,0.00011595102841965854,0.00011595102841965854,,-0.01533175352960825,0.29633039236068726,1.2834789231419563e-07,development
3,2022-09-01,xgboost,tree_shap,npl90_lag_3m,1.76656241321879,-0.009937086142599583,0.009937086142599583,,-0.01533175352960825,0.29633039236068726,1.2834789231419563e-07,development
3,2022-09-01,xgboost,tree_shap,npl90_lag_6m,1.34795674611292,-0.0003830559435300529,0.0003830559435300529,,-0.01533175352960825,0.29633039236068726,1.2834789231419563e-07,development
3,2022-09-01,xgboost,tree_shap,npl90_lag_12m,1.0970151778989,0.11102466285228729,0.11102466285228729,,-0.01533175352960825,0.29633039236068726,1.2834789231419563e-07,development
3,2022-09-01,xgboost,tree_shap,npl90_change_1m_pp,-0.009934003031360161,0.0006864023162052035,0.0006864023162052035,,-0.01533175352960825,0.29633039236068726,1.2834789231419563e-07,development
3,2022-09-01,xgboost,tree_shap,npl90_change_3m_pp,0.22785096238337,0.0023472290486097336,0.0023472290486097336,,-0.01533175352960825,0.29633039236068726,1.2834789231419563e-07,development
3,2022-09-01,xgboost,tree_shap,npl90_change_12m_pp,0.8973981977032601,-0.004186732694506645,0.004186732694506645,,-0.01533175352960825,0.29633039236068726,1.2834789231419563e-07,development
3,2022-09-01,xgboost,tree_shap,npl90_rolling_mean_3m,1.9618230033788036,0.022617431357502937,0.022617431357502937,,-0.01533175352960825,0.29633039236068726,1.2834789231419563e-07,development
3,2022-09-01,xgboost,tree_shap,npl90_rolling_mean_6m,1.7952671418479935,0.02888808771967888,0.02888808771967888,,-0.01533175352960825,0.29633039236068726,1.2834789231419563e-07,development
3,2022-09-01,xgboost,tree_shap,npl90_rolling_mean_12m,1.5007534764670842,0.009117744863033295,0.009117744863033295,,-0.01533175352960825,0.29633039236068726,1.2834789231419563e-07,development
3,2022-09-01,xgboost,tree_shap,imacec_yoy_pct,0.8281001753560391,0.00030417850939556956,0.00030417850939556956,,-0.01533175352960825,0.29633039236068726,1.2834789231419563e-07,development
3,2022-09-01,xgboost,tree_shap,ipc_yoy,13.73133171,-0.00016071525169536471,0.00016071525169536471,,-0.01533175352960825,0.29633039236068726,1.2834789231419563e-07,development
3,2022-09-01,xgboost,tree_shap,unemployment_rate,7.9293997650867,0.039117857813835144,0.039117857813835144,,-0.01533175352960825,0.29633039236068726,1.2834789231419563e-07,development
3,2022-09-01,xgboost,tree_shap,tpm_monthly_average,10.55,0.020187078043818474,0.020187078043818474,,-0.01533175352960825,0.29633039236068726,1.2834789231419563e-07,development
3,2022-09-01,xgboost,tree_shap,tpm_change_3m_pp,1.7400000000000002,0.002433272311463952,0.002433272311463952,,-0.01533175352960825,0.29633039236068726,1.2834789231419563e-07,development
3,2022-09-01,xgboost,tree_shap,usdclp_yoy_pct,17.53148518942773,0.03219941258430481,0.03219941258430481,,-0.01533175352960825,0.29633039236068726,1.2834789231419563e-07,development
3,2022-09-01,xgboost,tree_shap,consumer_lending_rate,27.93,-0.001883785123936832,0.001883785123936832,,-0.01533175352960825,0.29633039236068726,1.2834789231419563e-07,development
3,2022-09-01,xgboost,tree_shap,consumer_lending_rate_change_3m_pp,1.6699999999999982,0.0004686551110353321,0.0004686551110353321,,-0.01533175352960825,0.29633039236068726,1.2834789231419563e-07,development
3,2022-09-01,xgboost,tree_shap,real_consumer_loans_yoy_pct,-2.9798524129953208,0.005308817140758038,0.005308817140758038,,-0.01533175352960825,0.29633039236068726,1.2834789231419563e-07,development
3,2022-09-01,xgboost,tree_shap,real_m1_yoy_pct,-33.4043058559948,0.01569940149784088,0.01569940149784088,,-0.01533175352960825,0.29633039236068726,1.2834789231419563e-07,development
3,2022-09-01,xgboost,tree_shap,month_sin,-0.8660254037844385,0.025692179799079895,0.025692179799079895,,-0.01533175352960825,0.29633039236068726,1.2834789231419563e-07,development
3,2022-09-01,xgboost,tree_shap,month_cos,-0.5000000000000004,-0.0004385540378279984,0.0004385540378279984,,-0.01533175352960825,0.29633039236068726,1.2834789231419563e-07,development
3,2022-10-01,elastic_net,standardized_linear_contribution,npl90_level_t,2.29626393163834,0.0,0.0,0.0,-0.009311517705559417,-0.009311517705559417,0.0,development
3,2022-10-01,elastic_net,standardized_linear_contribution,npl90_lag_1m,1.99441337560216,0.0,0.0,0.0,-0.009311517705559417,-0.009311517705559417,0.0,development
3,2022-10-01,elastic_net,standardized_linear_contribution,npl90_lag_3m,1.88670825590073,-0.0,0.0,0.0,-0.009311517705559417,-0.009311517705559417,0.0,development
3,2022-10-01,elastic_net,standardized_linear_contribution,npl90_lag_6m,1.475612628031,-0.0,0.0,0.0,-0.009311517705559417,-0.009311517705559417,0.0,development
3,2022-10-01,elastic_net,standardized_linear_contribution,npl90_lag_12m,1.07277281062354,-0.0,0.0,0.0,-0.009311517705559417,-0.009311517705559417,0.0,development
3,2022-10-01,elastic_net,standardized_linear_contribution,npl90_change_1m_pp,0.30185055603617994,0.0,0.0,0.0,-0.009311517705559417,-0.009311517705559417,0.0,development
3,2022-10-01,elastic_net,standardized_linear_contribution,npl90_change_3m_pp,0.40955567573761,0.0,0.0,0.0,-0.009311517705559417,-0.009311517705559417,0.0,development
3,2022-10-01,elastic_net,standardized_linear_contribution,npl90_change_12m_pp,1.2234911210148,0.0,0.0,0.0,-0.009311517705559417,-0.009311517705559417,0.0,development
3,2022-10-01,elastic_net,standardized_linear_contribution,npl90_rolling_mean_3m,2.098341561958007,0.0,0.0,0.0,-0.009311517705559417,-0.009311517705559417,0.0,development
3,2022-10-01,elastic_net,standardized_linear_contribution,npl90_rolling_mean_6m,1.9320423591158835,-0.0,0.0,0.0,-0.009311517705559417,-0.009311517705559417,0.0,development
3,2022-10-01,elastic_net,standardized_linear_contribution,npl90_rolling_mean_12m,1.6027110698849842,-0.0,0.0,0.0,-0.009311517705559417,-0.009311517705559417,0.0,development
3,2022-10-01,elastic_net,standardized_linear_contribution,imacec_yoy_pct,0.30136318652176364,-0.0,0.0,0.0,-0.009311517705559417,-0.009311517705559417,0.0,development
3,2022-10-01,elastic_net,standardized_linear_contribution,ipc_yoy,12.80663704,0.0,0.0,0.0,-0.009311517705559417,-0.009311517705559417,0.0,development
3,2022-10-01,elastic_net,standardized_linear_contribution,unemployment_rate,8.0400244066344,0.0,0.0,0.0,-0.009311517705559417,-0.009311517705559417,0.0,development
3,2022-10-01,elastic_net,standardized_linear_contribution,tpm_monthly_average,11.07,0.0,0.0,0.0,-0.009311517705559417,-0.009311517705559417,0.0,development
3,2022-10-01,elastic_net,standardized_linear_contribution,tpm_change_3m_pp,1.6400000000000006,0.0,0.0,0.0,-0.009311517705559417,-0.009311517705559417,0.0,development
3,2022-10-01,elastic_net,standardized_linear_contribution,usdclp_yoy_pct,17.43892740923496,0.0,0.0,0.0,-0.009311517705559417,-0.009311517705559417,0.0,development
3,2022-10-01,elastic_net,standardized_linear_contribution,consumer_lending_rate,27.46,0.0,0.0,0.0,-0.009311517705559417,-0.009311517705559417,0.0,development
3,2022-10-01,elastic_net,standardized_linear_contribution,consumer_lending_rate_change_3m_pp,0.40000000000000213,0.0,0.0,0.0,-0.009311517705559417,-0.009311517705559417,0.0,development
3,2022-10-01,elastic_net,standardized_linear_contribution,real_consumer_loans_yoy_pct,-1.9398302913697596,-0.0,0.0,0.0,-0.009311517705559417,-0.009311517705559417,0.0,development
3,2022-10-01,elastic_net,standardized_linear_contribution,real_m1_yoy_pct,-34.95595382212815,-0.0,0.0,0.0,-0.009311517705559417,-0.009311517705559417,0.0,development
3,2022-10-01,elastic_net,standardized_linear_contribution,month_sin,-1.0,-0.0,0.0,0.0,-0.009311517705559417,-0.009311517705559417,0.0,development
3,2022-10-01,elastic_net,standardized_linear_contribution,month_cos,-1.8369701987210297e-16,-0.0,0.0,0.0,-0.009311517705559417,-0.009311517705559417,0.0,development
3,2022-10-01,random_forest,mean_decrease_impurity,npl90_level_t,2.29626393163834,,0.022659492143681917,0.022659492143681917,,0.32489789235087163,0.0,development
3,2022-10-01,random_forest,mean_decrease_impurity,npl90_lag_1m,1.99441337560216,,0.022681286790217112,0.022681286790217112,,0.32489789235087163,0.0,development
3,2022-10-01,random_forest,mean_decrease_impurity,npl90_lag_3m,1.88670825590073,,0.13858497345458046,0.13858497345458046,,0.32489789235087163,0.0,development
3,2022-10-01,random_forest,mean_decrease_impurity,npl90_lag_6m,1.475612628031,,0.037898730011508466,0.037898730011508466,,0.32489789235087163,0.0,development
3,2022-10-01,random_forest,mean_decrease_impurity,npl90_lag_12m,1.07277281062354,,0.07456780064563205,0.07456780064563205,,0.32489789235087163,0.0,development
3,2022-10-01,random_forest,mean_decrease_impurity,npl90_change_1m_pp,0.30185055603617994,,0.0008681534910357751,0.0008681534910357751,,0.32489789235087163,0.0,development
3,2022-10-01,random_forest,mean_decrease_impurity,npl90_change_3m_pp,0.40955567573761,,0.0013424897706103313,0.0013424897706103313,,0.32489789235087163,0.0,development
3,2022-10-01,random_forest,mean_decrease_impurity,npl90_change_12m_pp,1.2234911210148,,0.00022213323579756846,0.00022213323579756846,,0.32489789235087163,0.0,development
3,2022-10-01,random_forest,mean_decrease_impurity,npl90_rolling_mean_3m,2.098341561958007,,0.0681490186914156,0.0681490186914156,,0.32489789235087163,0.0,development
3,2022-10-01,random_forest,mean_decrease_impurity,npl90_rolling_mean_6m,1.9320423591158835,,0.2595169763333095,0.2595169763333095,,0.32489789235087163,0.0,development
3,2022-10-01,random_forest,mean_decrease_impurity,npl90_rolling_mean_12m,1.6027110698849842,,0.12519825418114555,0.12519825418114555,,0.32489789235087163,0.0,development
3,2022-10-01,random_forest,mean_decrease_impurity,imacec_yoy_pct,0.30136318652176364,,0.04693289931974191,0.04693289931974191,,0.32489789235087163,0.0,development
3,2022-10-01,random_forest,mean_decrease_impurity,ipc_yoy,12.80663704,,0.027121126523990787,0.027121126523990787,,0.32489789235087163,0.0,development
3,2022-10-01,random_forest,mean_decrease_impurity,unemployment_rate,8.0400244066344,,0.018418195494890377,0.018418195494890377,,0.32489789235087163,0.0,development
3,2022-10-01,random_forest,mean_decrease_impurity,tpm_monthly_average,11.07,,0.043671401556227535,0.043671401556227535,,0.32489789235087163,0.0,development
3,2022-10-01,random_forest,mean_decrease_impurity,tpm_change_3m_pp,1.6400000000000006,,0.03083302640396378,0.03083302640396378,,0.32489789235087163,0.0,development
3,2022-10-01,random_forest,mean_decrease_impurity,usdclp_yoy_pct,17.43892740923496,,0.013750548946057985,0.013750548946057985,,0.32489789235087163,0.0,development
3,2022-10-01,random_forest,mean_decrease_impurity,consumer_lending_rate,27.46,,0.008931911435694216,0.008931911435694216,,0.32489789235087163,0.0,development
3,2022-10-01,random_forest,mean_decrease_impurity,consumer_lending_rate_change_3m_pp,0.40000000000000213,,0.020475780486159428,0.020475780486159428,,0.32489789235087163,0.0,development
3,2022-10-01,random_forest,mean_decrease_impurity,real_consumer_loans_yoy_pct,-1.9398302913697596,,0.019750119697054657,0.019750119697054657,,0.32489789235087163,0.0,development
3,2022-10-01,random_forest,mean_decrease_impurity,real_m1_yoy_pct,-34.95595382212815,,0.003118605131918447,0.003118605131918447,,0.32489789235087163,0.0,development
3,2022-10-01,random_forest,mean_decrease_impurity,month_sin,-1.0,,0.014498385074617676,0.014498385074617676,,0.32489789235087163,0.0,development
3,2022-10-01,random_forest,mean_decrease_impurity,month_cos,-1.8369701987210297e-16,,0.000808691180749108,0.000808691180749108,,0.32489789235087163,0.0,development
3,2022-10-01,xgboost,tree_shap,npl90_level_t,2.29626393163834,-0.01044181827455759,0.01044181827455759,,-0.005870987195521593,0.31362560391426086,7.673224899917841e-08,development
3,2022-10-01,xgboost,tree_shap,npl90_lag_1m,1.99441337560216,0.002834118902683258,0.002834118902683258,,-0.005870987195521593,0.31362560391426086,7.673224899917841e-08,development
3,2022-10-01,xgboost,tree_shap,npl90_lag_3m,1.88670825590073,-0.015441831201314926,0.015441831201314926,,-0.005870987195521593,0.31362560391426086,7.673224899917841e-08,development
3,2022-10-01,xgboost,tree_shap,npl90_lag_6m,1.475612628031,-0.00020057127403561026,0.00020057127403561026,,-0.005870987195521593,0.31362560391426086,7.673224899917841e-08,development
3,2022-10-01,xgboost,tree_shap,npl90_lag_12m,1.07277281062354,0.1248369961977005,0.1248369961977005,,-0.005870987195521593,0.31362560391426086,7.673224899917841e-08,development
3,2022-10-01,xgboost,tree_shap,npl90_change_1m_pp,0.30185055603617994,-0.0007462737848982215,0.0007462737848982215,,-0.005870987195521593,0.31362560391426086,7.673224899917841e-08,development
3,2022-10-01,xgboost,tree_shap,npl90_change_3m_pp,0.40955567573761,0.0030359148513525724,0.0030359148513525724,,-0.005870987195521593,0.31362560391426086,7.673224899917841e-08,development
3,2022-10-01,xgboost,tree_shap,npl90_change_12m_pp,1.2234911210148,0.003892988432198763,0.003892988432198763,,-0.005870987195521593,0.31362560391426086,7.673224899917841e-08,development
3,2022-10-01,xgboost,tree_shap,npl90_rolling_mean_3m,2.098341561958007,0.018960999324917793,0.018960999324917793,,-0.005870987195521593,0.31362560391426086,7.673224899917841e-08,development
3,2022-10-01,xgboost,tree_shap,npl90_rolling_mean_6m,1.9320423591158835,0.02757221832871437,0.02757221832871437,,-0.005870987195521593,0.31362560391426086,7.673224899917841e-08,development
3,2022-10-01,xgboost,tree_shap,npl90_rolling_mean_12m,1.6027110698849842,0.00975836906582117,0.00975836906582117,,-0.005870987195521593,0.31362560391426086,7.673224899917841e-08,development
3,2022-10-01,xgboost,tree_shap,imacec_yoy_pct,0.30136318652176364,-0.00033939070999622345,0.00033939070999622345,,-0.005870987195521593,0.31362560391426086,7.673224899917841e-08,development
3,2022-10-01,xgboost,tree_shap,ipc_yoy,12.80663704,0.011101080104708672,0.011101080104708672,,-0.005870987195521593,0.31362560391426086,7.673224899917841e-08,development
3,2022-10-01,xgboost,tree_shap,unemployment_rate,8.0400244066344,0.042354363948106766,0.042354363948106766,,-0.005870987195521593,0.31362560391426086,7.673224899917841e-08,development
3,2022-10-01,xgboost,tree_shap,tpm_monthly_average,11.07,0.02332959696650505,0.02332959696650505,,-0.005870987195521593,0.31362560391426086,7.673224899917841e-08,development
3,2022-10-01,xgboost,tree_shap,tpm_change_3m_pp,1.6400000000000006,0.0036010369658470154,0.0036010369658470154,,-0.005870987195521593,0.31362560391426086,7.673224899917841e-08,development
3,2022-10-01,xgboost,tree_shap,usdclp_yoy_pct,17.43892740923496,0.03490307927131653,0.03490307927131653,,-0.005870987195521593,0.31362560391426086,7.673224899917841e-08,development
3,2022-10-01,xgboost,tree_shap,consumer_lending_rate,27.46,-0.003943147603422403,0.003943147603422403,,-0.005870987195521593,0.31362560391426086,7.673224899917841e-08,development
3,2022-10-01,xgboost,tree_shap,consumer_lending_rate_change_3m_pp,0.40000000000000213,0.00039604678750038147,0.00039604678750038147,,-0.005870987195521593,0.31362560391426086,7.673224899917841e-08,development
3,2022-10-01,xgboost,tree_shap,real_consumer_loans_yoy_pct,-1.9398302913697596,-0.0039688702672719955,0.0039688702672719955,,-0.005870987195521593,0.31362560391426086,7.673224899917841e-08,development
3,2022-10-01,xgboost,tree_shap,real_m1_yoy_pct,-34.95595382212815,0.024268625304102898,0.024268625304102898,,-0.005870987195521593,0.31362560391426086,7.673224899917841e-08,development
3,2022-10-01,xgboost,tree_shap,month_sin,-1.0,0.023701675236225128,0.023701675236225128,,-0.005870987195521593,0.31362560391426086,7.673224899917841e-08,development
3,2022-10-01,xgboost,tree_shap,month_cos,-1.8369701987210297e-16,3.1307805329561234e-05,3.1307805329561234e-05,,-0.005870987195521593,0.31362560391426086,7.673224899917841e-08,development
3,2022-11-01,elastic_net,standardized_linear_contribution,npl90_level_t,2.40141906856362,0.0,0.0,0.0,-0.0004980488944396534,0.018274200309756124,0.0,development
3,2022-11-01,elastic_net,standardized_linear_contribution,npl90_lag_1m,2.29626393163834,0.0,0.0,0.0,-0.0004980488944396534,0.018274200309756124,0.0,development
3,2022-11-01,elastic_net,standardized_linear_contribution,npl90_lag_3m,2.00434737863352,0.0,0.0,0.0,-0.0004980488944396534,0.018274200309756124,0.0,development
3,2022-11-01,elastic_net,standardized_linear_contribution,npl90_lag_6m,1.64395879970176,-0.0,0.0,0.0,-0.0004980488944396534,0.018274200309756124,0.0,development
3,2022-11-01,elastic_net,standardized_linear_contribution,npl90_lag_12m,1.12606296396866,-0.0,0.0,0.0,-0.0004980488944396534,0.018274200309756124,0.0,development
3,2022-11-01,elastic_net,standardized_linear_contribution,npl90_change_1m_pp,0.10515513692527989,0.0,0.0,0.0,-0.0004980488944396534,0.018274200309756124,0.0,development
3,2022-11-01,elastic_net,standardized_linear_contribution,npl90_change_3m_pp,0.39707168993009967,0.0,0.0,0.0,-0.0004980488944396534,0.018274200309756124,0.0,development
3,2022-11-01,elastic_net,standardized_linear_contribution,npl90_change_12m_pp,1.27535610459496,0.0,0.0,0.0,-0.0004980488944396534,0.018274200309756124,0.0,development
3,2022-11-01,elastic_net,standardized_linear_contribution,npl90_rolling_mean_3m,2.2306987919347065,0.0,0.0,0.0,-0.0004980488944396534,0.018274200309756124,0.0,development
3,2022-11-01,elastic_net,standardized_linear_contribution,npl90_rolling_mean_6m,2.0582857372595265,0.0,0.0,0.0,-0.0004980488944396534,0.018274200309756124,0.0,development
3,2022-11-01,elastic_net,standardized_linear_contribution,npl90_rolling_mean_12m,1.7089907452678974,0.0019117232165694583,0.0019117232165694583,-0.001880427476580421,-0.0004980488944396534,0.018274200309756124,0.0,development
3,2022-11-01,elastic_net,standardized_linear_contribution,imacec_yoy_pct,-1.5401890978507082,-0.0,0.0,0.0,-0.0004980488944396534,0.018274200309756124,0.0,development
3,2022-11-01,elastic_net,standardized_linear_contribution,ipc_yoy,13.34145686,0.0,0.0,0.0,-0.0004980488944396534,0.018274200309756124,0.0,development
3,2022-11-01,elastic_net,standardized_linear_contribution,unemployment_rate,7.9683805988207,0.0,0.0,0.0,-0.0004980488944396534,0.018274200309756124,0.0,development
3,2022-11-01,elastic_net,standardized_linear_contribution,tpm_monthly_average,11.25,0.01686052598762632,0.01686052598762632,0.002653053100459046,-0.0004980488944396534,0.018274200309756124,0.0,development
3,2022-11-01,elastic_net,standardized_linear_contribution,tpm_change_3m_pp,1.5,0.0,0.0,0.0,-0.0004980488944396534,0.018274200309756124,0.0,development
3,2022-11-01,elastic_net,standardized_linear_contribution,usdclp_yoy_pct,12.850715377331046,0.0,0.0,0.0,-0.0004980488944396534,0.018274200309756124,0.0,development
3,2022-11-01,elastic_net,standardized_linear_contribution,consumer_lending_rate,27.69,0.0,0.0,0.0,-0.0004980488944396534,0.018274200309756124,0.0,development
3,2022-11-01,elastic_net,standardized_linear_contribution,consumer_lending_rate_change_3m_pp,0.860000000000003,0.0,0.0,0.0,-0.0004980488944396534,0.018274200309756124,0.0,development
3,2022-11-01,elastic_net,standardized_linear_contribution,real_consumer_loans_yoy_pct,-2.182112023055771,-0.0,0.0,0.0,-0.0004980488944396534,0.018274200309756124,0.0,development
3,2022-11-01,elastic_net,standardized_linear_contribution,real_m1_yoy_pct,-36.2166400942863,-0.0,0.0,0.0,-0.0004980488944396534,0.018274200309756124,0.0,development
3,2022-11-01,elastic_net,standardized_linear_contribution,month_sin,-0.8660254037844386,-0.0,0.0,0.0,-0.0004980488944396534,0.018274200309756124,0.0,development
3,2022-11-01,elastic_net,standardized_linear_contribution,month_cos,0.5000000000000001,0.0,0.0,0.0,-0.0004980488944396534,0.018274200309756124,0.0,development
3,2022-11-01,random_forest,mean_decrease_impurity,npl90_level_t,2.40141906856362,,0.015744817031003385,0.015744817031003385,,0.36292729113035643,0.0,development
3,2022-11-01,random_forest,mean_decrease_impurity,npl90_lag_1m,2.29626393163834,,0.02577194670107328,0.02577194670107328,,0.36292729113035643,0.0,development
3,2022-11-01,random_forest,mean_decrease_impurity,npl90_lag_3m,2.00434737863352,,0.14473675351185422,0.14473675351185422,,0.36292729113035643,0.0,development
3,2022-11-01,random_forest,mean_decrease_impurity,npl90_lag_6m,1.64395879970176,,0.03965074763724026,0.03965074763724026,,0.36292729113035643,0.0,development
3,2022-11-01,random_forest,mean_decrease_impurity,npl90_lag_12m,1.12606296396866,,0.07813048222664314,0.07813048222664314,,0.36292729113035643,0.0,development
3,2022-11-01,random_forest,mean_decrease_impurity,npl90_change_1m_pp,0.10515513692527989,,0.0004969589211433998,0.0004969589211433998,,0.36292729113035643,0.0,development
3,2022-11-01,random_forest,mean_decrease_impurity,npl90_change_3m_pp,0.39707168993009967,,0.000638802831980633,0.000638802831980633,,0.36292729113035643,0.0,development
3,2022-11-01,random_forest,mean_decrease_impurity,npl90_change_12m_pp,1.27535610459496,,0.00016838507435911005,0.00016838507435911005,,0.36292729113035643,0.0,development
3,2022-11-01,random_forest,mean_decrease_impurity,npl90_rolling_mean_3m,2.2306987919347065,,0.07079415973789253,0.07079415973789253,,0.36292729113035643,0.0,development
3,2022-11-01,random_forest,mean_decrease_impurity,npl90_rolling_mean_6m,2.0582857372595265,,0.23633911579637537,0.23633911579637537,,0.36292729113035643,0.0,development
3,2022-11-01,random_forest,mean_decrease_impurity,npl90_rolling_mean_12m,1.7089907452678974,,0.1339018284101912,0.1339018284101912,,0.36292729113035643,0.0,development
3,2022-11-01,random_forest,mean_decrease_impurity,imacec_yoy_pct,-1.5401890978507082,,0.04215136385331578,0.04215136385331578,,0.36292729113035643,0.0,development
3,2022-11-01,random_forest,mean_decrease_impurity,ipc_yoy,13.34145686,,0.03857998754836597,0.03857998754836597,,0.36292729113035643,0.0,development
3,2022-11-01,random_forest,mean_decrease_impurity,unemployment_rate,7.9683805988207,,0.018059804801500635,0.018059804801500635,,0.36292729113035643,0.0,development
3,2022-11-01,random_forest,mean_decrease_impurity,tpm_monthly_average,11.25,,0.0408194301703325,0.0408194301703325,,0.36292729113035643,0.0,development
3,2022-11-01,random_forest,mean_decrease_impurity,tpm_change_3m_pp,1.5,,0.04298187137367749,0.04298187137367749,,0.36292729113035643,0.0,development
3,2022-11-01,random_forest,mean_decrease_impurity,usdclp_yoy_pct,12.850715377331046,,0.011854847432874006,0.011854847432874006,,0.36292729113035643,0.0,development
3,2022-11-01,random_forest,mean_decrease_impurity,consumer_lending_rate,27.69,,0.007902613440793682,0.007902613440793682,,0.36292729113035643,0.0,development
3,2022-11-01,random_forest,mean_decrease_impurity,consumer_lending_rate_change_3m_pp,0.860000000000003,,0.014345012490072558,0.014345012490072558,,0.36292729113035643,0.0,development
3,2022-11-01,random_forest,mean_decrease_impurity,real_consumer_loans_yoy_pct,-2.182112023055771,,0.01875450417788128,0.01875450417788128,,0.36292729113035643,0.0,development
3,2022-11-01,random_forest,mean_decrease_impurity,real_m1_yoy_pct,-36.2166400942863,,0.002263314345396191,0.002263314345396191,,0.36292729113035643,0.0,development
3,2022-11-01,random_forest,mean_decrease_impurity,month_sin,-0.8660254037844386,,0.015088975063587756,0.015088975063587756,,0.36292729113035643,0.0,development
3,2022-11-01,random_forest,mean_decrease_impurity,month_cos,0.5000000000000001,,0.0008242774224457035,0.0008242774224457035,,0.36292729113035643,0.0,development
3,2022-11-01,xgboost,tree_shap,npl90_level_t,2.40141906856362,-0.004833539016544819,0.004833539016544819,,0.00343191041611135,0.40955787897109985,1.7380807548761368e-07,development
3,2022-11-01,xgboost,tree_shap,npl90_lag_1m,2.29626393163834,0.01121483463793993,0.01121483463793993,,0.00343191041611135,0.40955787897109985,1.7380807548761368e-07,development
3,2022-11-01,xgboost,tree_shap,npl90_lag_3m,2.00434737863352,-0.011193348094820976,0.011193348094820976,,0.00343191041611135,0.40955787897109985,1.7380807548761368e-07,development
3,2022-11-01,xgboost,tree_shap,npl90_lag_6m,1.64395879970176,-0.011720545589923859,0.011720545589923859,,0.00343191041611135,0.40955787897109985,1.7380807548761368e-07,development
3,2022-11-01,xgboost,tree_shap,npl90_lag_12m,1.12606296396866,0.16947881877422333,0.16947881877422333,,0.00343191041611135,0.40955787897109985,1.7380807548761368e-07,development
3,2022-11-01,xgboost,tree_shap,npl90_change_1m_pp,0.10515513692527989,-0.0011575632961466908,0.0011575632961466908,,0.00343191041611135,0.40955787897109985,1.7380807548761368e-07,development
3,2022-11-01,xgboost,tree_shap,npl90_change_3m_pp,0.39707168993009967,0.018083494156599045,0.018083494156599045,,0.00343191041611135,0.40955787897109985,1.7380807548761368e-07,development
3,2022-11-01,xgboost,tree_shap,npl90_change_12m_pp,1.27535610459496,0.01648600772023201,0.01648600772023201,,0.00343191041611135,0.40955787897109985,1.7380807548761368e-07,development
3,2022-11-01,xgboost,tree_shap,npl90_rolling_mean_3m,2.2306987919347065,0.026807080954313278,0.026807080954313278,,0.00343191041611135,0.40955787897109985,1.7380807548761368e-07,development
3,2022-11-01,xgboost,tree_shap,npl90_rolling_mean_6m,2.0582857372595265,0.027522290125489235,0.027522290125489235,,0.00343191041611135,0.40955787897109985,1.7380807548761368e-07,development
3,2022-11-01,xgboost,tree_shap,npl90_rolling_mean_12m,1.7089907452678974,0.011224957183003426,0.011224957183003426,,0.00343191041611135,0.40955787897109985,1.7380807548761368e-07,development
3,2022-11-01,xgboost,tree_shap,imacec_yoy_pct,-1.5401890978507082,0.0009986396180465817,0.0009986396180465817,,0.00343191041611135,0.40955787897109985,1.7380807548761368e-07,development
3,2022-11-01,xgboost,tree_shap,ipc_yoy,13.34145686,0.01171749085187912,0.01171749085187912,,0.00343191041611135,0.40955787897109985,1.7380807548761368e-07,development
3,2022-11-01,xgboost,tree_shap,unemployment_rate,7.9683805988207,0.04147987812757492,0.04147987812757492,,0.00343191041611135,0.40955787897109985,1.7380807548761368e-07,development
3,2022-11-01,xgboost,tree_shap,tpm_monthly_average,11.25,0.022891227155923843,0.022891227155923843,,0.00343191041611135,0.40955787897109985,1.7380807548761368e-07,development
3,2022-11-01,xgboost,tree_shap,tpm_change_3m_pp,1.5,0.0034622561652213335,0.0034622561652213335,,0.00343191041611135,0.40955787897109985,1.7380807548761368e-07,development
3,2022-11-01,xgboost,tree_shap,usdclp_yoy_pct,12.850715377331046,0.03271014988422394,0.03271014988422394,,0.00343191041611135,0.40955787897109985,1.7380807548761368e-07,development
3,2022-11-01,xgboost,tree_shap,consumer_lending_rate,27.69,-0.005583132617175579,0.005583132617175579,,0.00343191041611135,0.40955787897109985,1.7380807548761368e-07,development
3,2022-11-01,xgboost,tree_shap,consumer_lending_rate_change_3m_pp,0.860000000000003,0.0004697949916590005,0.0004697949916590005,,0.00343191041611135,0.40955787897109985,1.7380807548761368e-07,development
3,2022-11-01,xgboost,tree_shap,real_consumer_loans_yoy_pct,-2.182112023055771,-0.0030633355490863323,0.0030633355490863323,,0.00343191041611135,0.40955787897109985,1.7380807548761368e-07,development
3,2022-11-01,xgboost,tree_shap,real_m1_yoy_pct,-36.2166400942863,0.02896808832883835,0.02896808832883835,,0.00343191041611135,0.40955787897109985,1.7380807548761368e-07,development
3,2022-11-01,xgboost,tree_shap,month_sin,-0.8660254037844386,0.019683826714754105,0.019683826714754105,,0.00343191041611135,0.40955787897109985,1.7380807548761368e-07,development
3,2022-11-01,xgboost,tree_shap,month_cos,0.5000000000000001,0.0004787711368408054,0.0004787711368408054,,0.00343191041611135,0.40955787897109985,1.7380807548761368e-07,development
3,2022-12-01,elastic_net,standardized_linear_contribution,npl90_level_t,2.48448811978105,0.0,0.0,0.0,0.007665857417568301,0.04003006603106078,0.0,development
3,2022-12-01,elastic_net,standardized_linear_contribution,npl90_lag_1m,2.40141906856362,0.0,0.0,0.0,0.007665857417568301,0.04003006603106078,0.0,development
3,2022-12-01,elastic_net,standardized_linear_contribution,npl90_lag_3m,1.99441337560216,0.0,0.0,0.0,0.007665857417568301,0.04003006603106078,0.0,development
3,2022-12-01,elastic_net,standardized_linear_contribution,npl90_lag_6m,1.76656241321879,-0.0,0.0,0.0,0.007665857417568301,0.04003006603106078,0.0,development
3,2022-12-01,elastic_net,standardized_linear_contribution,npl90_lag_12m,1.13208442460048,-0.0,0.0,0.0,0.007665857417568301,0.04003006603106078,0.0,development
3,2022-12-01,elastic_net,standardized_linear_contribution,npl90_change_1m_pp,0.08306905121743036,0.0,0.0,0.0,0.007665857417568301,0.04003006603106078,0.0,development
3,2022-12-01,elastic_net,standardized_linear_contribution,npl90_change_3m_pp,0.4900747441788902,0.0,0.0,0.0,0.007665857417568301,0.04003006603106078,0.0,development
3,2022-12-01,elastic_net,standardized_linear_contribution,npl90_change_12m_pp,1.3524036951805702,0.0,0.0,0.0,0.007665857417568301,0.04003006603106078,0.0,development
3,2022-12-01,elastic_net,standardized_linear_contribution,npl90_rolling_mean_3m,2.394057039994337,0.0,0.0,0.0,0.007665857417568301,0.04003006603106078,0.0,development
3,2022-12-01,elastic_net,standardized_linear_contribution,npl90_rolling_mean_6m,2.17794002168657,0.0,0.0,0.0,0.007665857417568301,0.04003006603106078,0.0,development
3,2022-12-01,elastic_net,standardized_linear_contribution,npl90_rolling_mean_12m,1.8216910531996116,0.005083982312246726,0.005083982312246726,-0.008458315451493835,0.007665857417568301,0.04003006603106078,0.0,development
3,2022-12-01,elastic_net,standardized_linear_contribution,imacec_yoy_pct,-2.7993455172539927,-0.0,0.0,0.0,0.007665857417568301,0.04003006603106078,0.0,development
3,2022-12-01,elastic_net,standardized_linear_contribution,ipc_yoy,12.78165415,0.0,0.0,0.0,0.007665857417568301,0.04003006603106078,0.0,development
3,2022-12-01,elastic_net,standardized_linear_contribution,unemployment_rate,7.9488231355874,0.0,0.0,0.0,0.007665857417568301,0.04003006603106078,0.0,development
3,2022-12-01,elastic_net,standardized_linear_contribution,tpm_monthly_average,11.25,0.027280226301245762,0.027280226301245762,0.004788210091577967,0.007665857417568301,0.04003006603106078,0.0,development
3,2022-12-01,elastic_net,standardized_linear_contribution,tpm_change_3m_pp,0.6999999999999993,0.0,0.0,0.0,0.007665857417568301,0.04003006603106078,0.0,development
3,2022-12-01,elastic_net,standardized_linear_contribution,usdclp_yoy_pct,3.1255257532151193,-0.0,0.0,0.0,0.007665857417568301,0.04003006603106078,0.0,development
3,2022-12-01,elastic_net,standardized_linear_contribution,consumer_lending_rate,28.13,0.0,0.0,0.0,0.007665857417568301,0.04003006603106078,0.0,development
3,2022-12-01,elastic_net,standardized_linear_contribution,consumer_lending_rate_change_3m_pp,0.1999999999999993,0.0,0.0,0.0,0.007665857417568301,0.04003006603106078,0.0,development
3,2022-12-01,elastic_net,standardized_linear_contribution,real_consumer_loans_yoy_pct,-2.031243020003337,-0.0,0.0,0.0,0.007665857417568301,0.04003006603106078,0.0,development
3,2022-12-01,elastic_net,standardized_linear_contribution,real_m1_yoy_pct,-35.77713158858321,-0.0,0.0,0.0,0.007665857417568301,0.04003006603106078,0.0,development
3,2022-12-01,elastic_net,standardized_linear_contribution,month_sin,-0.5000000000000004,-0.0,0.0,0.0,0.007665857417568301,0.04003006603106078,0.0,development
3,2022-12-01,elastic_net,standardized_linear_contribution,month_cos,0.8660254037844384,0.0,0.0,0.0,0.007665857417568301,0.04003006603106078,0.0,development
3,2022-12-01,random_forest,mean_decrease_impurity,npl90_level_t,2.48448811978105,,0.018725980520015135,0.018725980520015135,,0.2645326941946257,0.0,development
3,2022-12-01,random_forest,mean_decrease_impurity,npl90_lag_1m,2.40141906856362,,0.03180989190129853,0.03180989190129853,,0.2645326941946257,0.0,development
3,2022-12-01,random_forest,mean_decrease_impurity,npl90_lag_3m,1.99441337560216,,0.136990815990163,0.136990815990163,,0.2645326941946257,0.0,development
3,2022-12-01,random_forest,mean_decrease_impurity,npl90_lag_6m,1.76656241321879,,0.039021318457457606,0.039021318457457606,,0.2645326941946257,0.0,development
3,2022-12-01,random_forest,mean_decrease_impurity,npl90_lag_12m,1.13208442460048,,0.06547282727296855,0.06547282727296855,,0.2645326941946257,0.0,development
3,2022-12-01,random_forest,mean_decrease_impurity,npl90_change_1m_pp,0.08306905121743036,,0.0007883492202977863,0.0007883492202977863,,0.2645326941946257,0.0,development
3,2022-12-01,random_forest,mean_decrease_impurity,npl90_change_3m_pp,0.4900747441788902,,0.0014371560083834625,0.0014371560083834625,,0.2645326941946257,0.0,development
3,2022-12-01,random_forest,mean_decrease_impurity,npl90_change_12m_pp,1.3524036951805702,,0.0001682393246451908,0.0001682393246451908,,0.2645326941946257,0.0,development
3,2022-12-01,random_forest,mean_decrease_impurity,npl90_rolling_mean_3m,2.394057039994337,,0.05839936210643508,0.05839936210643508,,0.2645326941946257,0.0,development
3,2022-12-01,random_forest,mean_decrease_impurity,npl90_rolling_mean_6m,2.17794002168657,,0.23366164378407983,0.23366164378407983,,0.2645326941946257,0.0,development
3,2022-12-01,random_forest,mean_decrease_impurity,npl90_rolling_mean_12m,1.8216910531996116,,0.1353782768397385,0.1353782768397385,,0.2645326941946257,0.0,development
3,2022-12-01,random_forest,mean_decrease_impurity,imacec_yoy_pct,-2.7993455172539927,,0.04000568629785501,0.04000568629785501,,0.2645326941946257,0.0,development
3,2022-12-01,random_forest,mean_decrease_impurity,ipc_yoy,12.78165415,,0.04885576936593211,0.04885576936593211,,0.2645326941946257,0.0,development
3,2022-12-01,random_forest,mean_decrease_impurity,unemployment_rate,7.9488231355874,,0.017002467395537225,0.017002467395537225,,0.2645326941946257,0.0,development
3,2022-12-01,random_forest,mean_decrease_impurity,tpm_monthly_average,11.25,,0.043987491314376355,0.043987491314376355,,0.2645326941946257,0.0,development
3,2022-12-01,random_forest,mean_decrease_impurity,tpm_change_3m_pp,0.6999999999999993,,0.06188024806824801,0.06188024806824801,,0.2645326941946257,0.0,development
3,2022-12-01,random_forest,mean_decrease_impurity,usdclp_yoy_pct,3.1255257532151193,,0.010049878967781123,0.010049878967781123,,0.2645326941946257,0.0,development
3,2022-12-01,random_forest,mean_decrease_impurity,consumer_lending_rate,28.13,,0.008306263297706775,0.008306263297706775,,0.2645326941946257,0.0,development
3,2022-12-01,random_forest,mean_decrease_impurity,consumer_lending_rate_change_3m_pp,0.1999999999999993,,0.013372572355943173,0.013372572355943173,,0.2645326941946257,0.0,development
3,2022-12-01,random_forest,mean_decrease_impurity,real_consumer_loans_yoy_pct,-2.031243020003337,,0.01722875228751279,0.01722875228751279,,0.2645326941946257,0.0,development
3,2022-12-01,random_forest,mean_decrease_impurity,real_m1_yoy_pct,-35.77713158858321,,0.0023408107026208886,0.0023408107026208886,,0.2645326941946257,0.0,development
3,2022-12-01,random_forest,mean_decrease_impurity,month_sin,-0.5000000000000004,,0.014045946318173361,0.014045946318173361,,0.2645326941946257,0.0,development
3,2022-12-01,random_forest,mean_decrease_impurity,month_cos,0.8660254037844384,,0.001070252202830603,0.001070252202830603,,0.2645326941946257,0.0,development
3,2022-12-01,xgboost,tree_shap,npl90_level_t,2.48448811978105,-0.028636692091822624,0.028636692091822624,,0.01205305103212595,0.40245863795280457,4.7322828322649e-08,development
3,2022-12-01,xgboost,tree_shap,npl90_lag_1m,2.40141906856362,0.009423579089343548,0.009423579089343548,,0.01205305103212595,0.40245863795280457,4.7322828322649e-08,development
3,2022-12-01,xgboost,tree_shap,npl90_lag_3m,1.99441337560216,-0.01015209499746561,0.01015209499746561,,0.01205305103212595,0.40245863795280457,4.7322828322649e-08,development
3,2022-12-01,xgboost,tree_shap,npl90_lag_6m,1.76656241321879,-0.013575682416558266,0.013575682416558266,,0.01205305103212595,0.40245863795280457,4.7322828322649e-08,development
3,2022-12-01,xgboost,tree_shap,npl90_lag_12m,1.13208442460048,0.15860885381698608,0.15860885381698608,,0.01205305103212595,0.40245863795280457,4.7322828322649e-08,development
3,2022-12-01,xgboost,tree_shap,npl90_change_1m_pp,0.08306905121743036,-0.0013894576113671064,0.0013894576113671064,,0.01205305103212595,0.40245863795280457,4.7322828322649e-08,development
3,2022-12-01,xgboost,tree_shap,npl90_change_3m_pp,0.4900747441788902,0.05010305717587471,0.05010305717587471,,0.01205305103212595,0.40245863795280457,4.7322828322649e-08,development
3,2022-12-01,xgboost,tree_shap,npl90_change_12m_pp,1.3524036951805702,0.008601756766438484,0.008601756766438484,,0.01205305103212595,0.40245863795280457,4.7322828322649e-08,development
3,2022-12-01,xgboost,tree_shap,npl90_rolling_mean_3m,2.394057039994337,0.026910819113254547,0.026910819113254547,,0.01205305103212595,0.40245863795280457,4.7322828322649e-08,development
3,2022-12-01,xgboost,tree_shap,npl90_rolling_mean_6m,2.17794002168657,0.07755830883979797,0.07755830883979797,,0.01205305103212595,0.40245863795280457,4.7322828322649e-08,development
3,2022-12-01,xgboost,tree_shap,npl90_rolling_mean_12m,1.8216910531996116,0.005534007214009762,0.005534007214009762,,0.01205305103212595,0.40245863795280457,4.7322828322649e-08,development
3,2022-12-01,xgboost,tree_shap,imacec_yoy_pct,-2.7993455172539927,0.0009647528058849275,0.0009647528058849275,,0.01205305103212595,0.40245863795280457,4.7322828322649e-08,development
3,2022-12-01,xgboost,tree_shap,ipc_yoy,12.78165415,0.009588386863470078,0.009588386863470078,,0.01205305103212595,0.40245863795280457,4.7322828322649e-08,development
3,2022-12-01,xgboost,tree_shap,unemployment_rate,7.9488231355874,0.032756492495536804,0.032756492495536804,,0.01205305103212595,0.40245863795280457,4.7322828322649e-08,development
3,2022-12-01,xgboost,tree_shap,tpm_monthly_average,11.25,0.021308233961462975,0.021308233961462975,,0.01205305103212595,0.40245863795280457,4.7322828322649e-08,development
3,2022-12-01,xgboost,tree_shap,tpm_change_3m_pp,0.6999999999999993,0.003678996581584215,0.003678996581584215,,0.01205305103212595,0.40245863795280457,4.7322828322649e-08,development
3,2022-12-01,xgboost,tree_shap,usdclp_yoy_pct,3.1255257532151193,0.009795085527002811,0.009795085527002811,,0.01205305103212595,0.40245863795280457,4.7322828322649e-08,development
3,2022-12-01,xgboost,tree_shap,consumer_lending_rate,28.13,-0.004831759259104729,0.004831759259104729,,0.01205305103212595,0.40245863795280457,4.7322828322649e-08,development
3,2022-12-01,xgboost,tree_shap,consumer_lending_rate_change_3m_pp,0.1999999999999993,0.00045812258031219244,0.00045812258031219244,,0.01205305103212595,0.40245863795280457,4.7322828322649e-08,development
3,2022-12-01,xgboost,tree_shap,real_consumer_loans_yoy_pct,-2.031243020003337,-0.001517570111900568,0.001517570111900568,,0.01205305103212595,0.40245863795280457,4.7322828322649e-08,development
3,2022-12-01,xgboost,tree_shap,real_m1_yoy_pct,-35.77713158858321,0.017205480486154556,0.017205480486154556,,0.01205305103212595,0.40245863795280457,4.7322828322649e-08,development
3,2022-12-01,xgboost,tree_shap,month_sin,-0.5000000000000004,0.018576549366116524,0.018576549366116524,,0.01205305103212595,0.40245863795280457,4.7322828322649e-08,development
3,2022-12-01,xgboost,tree_shap,month_cos,0.8660254037844384,-0.000563686597160995,0.000563686597160995,,0.01205305103212595,0.40245863795280457,4.7322828322649e-08,development
3,2023-01-01,elastic_net,standardized_linear_contribution,npl90_level_t,2.70441860379833,0.0,0.0,0.0,0.016767480906107975,0.0693467791975463,0.0,development
3,2023-01-01,elastic_net,standardized_linear_contribution,npl90_lag_1m,2.48448811978105,0.0,0.0,0.0,0.016767480906107975,0.0693467791975463,0.0,development
3,2023-01-01,elastic_net,standardized_linear_contribution,npl90_lag_3m,2.29626393163834,-0.0,0.0,-0.0,0.016767480906107975,0.0693467791975463,0.0,development
3,2023-01-01,elastic_net,standardized_linear_contribution,npl90_lag_6m,1.88670825590073,0.0,0.0,-0.0,0.016767480906107975,0.0693467791975463,0.0,development
3,2023-01-01,elastic_net,standardized_linear_contribution,npl90_lag_12m,1.23712087911503,0.0,0.0,-0.0,0.016767480906107975,0.0693467791975463,0.0,development
3,2023-01-01,elastic_net,standardized_linear_contribution,npl90_change_1m_pp,0.21993048401727977,0.0,0.0,0.0,0.016767480906107975,0.0693467791975463,0.0,development
3,2023-01-01,elastic_net,standardized_linear_contribution,npl90_change_3m_pp,0.40815467215999,0.0,0.0,0.0,0.016767480906107975,0.0693467791975463,0.0,development
3,2023-01-01,elastic_net,standardized_linear_contribution,npl90_change_12m_pp,1.4672977246832999,0.0,0.0,0.0,0.016767480906107975,0.0693467791975463,0.0,development
3,2023-01-01,elastic_net,standardized_linear_contribution,npl90_rolling_mean_3m,2.530108597381,0.0,0.0,0.0,0.016767480906107975,0.0693467791975463,0.0,development
3,2023-01-01,elastic_net,standardized_linear_contribution,npl90_rolling_mean_6m,2.3142250796695034,-0.0,0.0,-0.0,0.016767480906107975,0.0693467791975463,0.0,development
3,2023-01-01,elastic_net,standardized_linear_contribution,npl90_rolling_mean_12m,1.9439658635898869,0.002629004384800864,0.002629004384800864,-0.014737417790483369,0.016767480906107975,0.0693467791975463,0.0,development
3,2023-01-01,elastic_net,standardized_linear_contribution,imacec_yoy_pct,-1.780833557746364,-0.0,0.0,0.0,0.016767480906107975,0.0693467791975463,0.0,development
3,2023-01-01,elastic_net,standardized_linear_contribution,ipc_yoy,12.34033586,0.0,0.0,0.0,0.016767480906107975,0.0693467791975463,0.0,development
3,2023-01-01,elastic_net,standardized_linear_contribution,unemployment_rate,7.8627488308129,0.0,0.0,0.0,0.016767480906107975,0.0693467791975463,0.0,development
3,2023-01-01,elastic_net,standardized_linear_contribution,tpm_monthly_average,11.25,0.04995029390663746,0.04995029390663746,0.009744607496273486,0.016767480906107975,0.0693467791975463,0.0,development
3,2023-01-01,elastic_net,standardized_linear_contribution,tpm_change_3m_pp,0.17999999999999972,-0.0,0.0,0.0,0.016767480906107975,0.0693467791975463,0.0,development
3,2023-01-01,elastic_net,standardized_linear_contribution,usdclp_yoy_pct,0.5213447218191058,-0.0,0.0,0.0,0.016767480906107975,0.0693467791975463,0.0,development
3,2023-01-01,elastic_net,standardized_linear_contribution,consumer_lending_rate,28.69,0.0,0.0,0.0,0.016767480906107975,0.0693467791975463,0.0,development
3,2023-01-01,elastic_net,standardized_linear_contribution,consumer_lending_rate_change_3m_pp,1.2300000000000004,0.0,0.0,0.0,0.016767480906107975,0.0693467791975463,0.0,development
3,2023-01-01,elastic_net,standardized_linear_contribution,real_consumer_loans_yoy_pct,-1.6832200421020294,-0.0,0.0,0.0,0.016767480906107975,0.0693467791975463,0.0,development
3,2023-01-01,elastic_net,standardized_linear_contribution,real_m1_yoy_pct,-34.12898330781976,0.0,0.0,-0.0,0.016767480906107975,0.0693467791975463,0.0,development
3,2023-01-01,elastic_net,standardized_linear_contribution,month_sin,0.0,-0.0,0.0,0.0,0.016767480906107975,0.0693467791975463,0.0,development
3,2023-01-01,elastic_net,standardized_linear_contribution,month_cos,1.0,0.0,0.0,0.0,0.016767480906107975,0.0693467791975463,0.0,development
3,2023-01-01,random_forest,mean_decrease_impurity,npl90_level_t,2.70441860379833,,0.01768544919522941,0.01768544919522941,,0.16707318032744783,0.0,development
3,2023-01-01,random_forest,mean_decrease_impurity,npl90_lag_1m,2.48448811978105,,0.02823331463256247,0.02823331463256247,,0.16707318032744783,0.0,development
3,2023-01-01,random_forest,mean_decrease_impurity,npl90_lag_3m,2.29626393163834,,0.11433988185841171,0.11433988185841171,,0.16707318032744783,0.0,development
3,2023-01-01,random_forest,mean_decrease_impurity,npl90_lag_6m,1.88670825590073,,0.03833802772222401,0.03833802772222401,,0.16707318032744783,0.0,development
3,2023-01-01,random_forest,mean_decrease_impurity,npl90_lag_12m,1.23712087911503,,0.08526613905159662,0.08526613905159662,,0.16707318032744783,0.0,development
3,2023-01-01,random_forest,mean_decrease_impurity,npl90_change_1m_pp,0.21993048401727977,,0.0007334697165455879,0.0007334697165455879,,0.16707318032744783,0.0,development
3,2023-01-01,random_forest,mean_decrease_impurity,npl90_change_3m_pp,0.40815467215999,,0.0008174145511050642,0.0008174145511050642,,0.16707318032744783,0.0,development
3,2023-01-01,random_forest,mean_decrease_impurity,npl90_change_12m_pp,1.4672977246832999,,0.001180078566148521,0.001180078566148521,,0.16707318032744783,0.0,development
3,2023-01-01,random_forest,mean_decrease_impurity,npl90_rolling_mean_3m,2.530108597381,,0.05157796660393568,0.05157796660393568,,0.16707318032744783,0.0,development
3,2023-01-01,random_forest,mean_decrease_impurity,npl90_rolling_mean_6m,2.3142250796695034,,0.22084873027618926,0.22084873027618926,,0.16707318032744783,0.0,development
3,2023-01-01,random_forest,mean_decrease_impurity,npl90_rolling_mean_12m,1.9439658635898869,,0.1410883202085055,0.1410883202085055,,0.16707318032744783,0.0,development
3,2023-01-01,random_forest,mean_decrease_impurity,imacec_yoy_pct,-1.780833557746364,,0.042441392410702584,0.042441392410702584,,0.16707318032744783,0.0,development
3,2023-01-01,random_forest,mean_decrease_impurity,ipc_yoy,12.34033586,,0.07248342461140682,0.07248342461140682,,0.16707318032744783,0.0,development
3,2023-01-01,random_forest,mean_decrease_impurity,unemployment_rate,7.8627488308129,,0.016588429466918554,0.016588429466918554,,0.16707318032744783,0.0,development
3,2023-01-01,random_forest,mean_decrease_impurity,tpm_monthly_average,11.25,,0.04303252469547354,0.04303252469547354,,0.16707318032744783,0.0,development
3,2023-01-01,random_forest,mean_decrease_impurity,tpm_change_3m_pp,0.17999999999999972,,0.057825558657932354,0.057825558657932354,,0.16707318032744783,0.0,development
3,2023-01-01,random_forest,mean_decrease_impurity,usdclp_yoy_pct,0.5213447218191058,,0.009633944796237512,0.009633944796237512,,0.16707318032744783,0.0,development
3,2023-01-01,random_forest,mean_decrease_impurity,consumer_lending_rate,28.69,,0.007298079934256768,0.007298079934256768,,0.16707318032744783,0.0,development
3,2023-01-01,random_forest,mean_decrease_impurity,consumer_lending_rate_change_3m_pp,1.2300000000000004,,0.01724576038140444,0.01724576038140444,,0.16707318032744783,0.0,development
3,2023-01-01,random_forest,mean_decrease_impurity,real_consumer_loans_yoy_pct,-1.6832200421020294,,0.017286608377828656,0.017286608377828656,,0.16707318032744783,0.0,development
3,2023-01-01,random_forest,mean_decrease_impurity,real_m1_yoy_pct,-34.12898330781976,,0.002307119890215078,0.002307119890215078,,0.16707318032744783,0.0,development
3,2023-01-01,random_forest,mean_decrease_impurity,month_sin,0.0,,0.012911927134333624,0.012911927134333624,,0.16707318032744783,0.0,development
3,2023-01-01,random_forest,mean_decrease_impurity,month_cos,1.0,,0.0008364372608362274,0.0008364372608362274,,0.16707318032744783,0.0,development
3,2023-01-01,xgboost,tree_shap,npl90_level_t,2.70441860379833,-0.06724418699741364,0.06724418699741364,,0.021008674055337906,0.38914042711257935,4.922912921756506e-08,development
3,2023-01-01,xgboost,tree_shap,npl90_lag_1m,2.48448811978105,-0.01661069691181183,0.01661069691181183,,0.021008674055337906,0.38914042711257935,4.922912921756506e-08,development
3,2023-01-01,xgboost,tree_shap,npl90_lag_3m,2.29626393163834,0.008600061759352684,0.008600061759352684,,0.021008674055337906,0.38914042711257935,4.922912921756506e-08,development
3,2023-01-01,xgboost,tree_shap,npl90_lag_6m,1.88670825590073,-0.012986727990210056,0.012986727990210056,,0.021008674055337906,0.38914042711257935,4.922912921756506e-08,development
3,2023-01-01,xgboost,tree_shap,npl90_lag_12m,1.23712087911503,0.227383092045784,0.227383092045784,,0.021008674055337906,0.38914042711257935,4.922912921756506e-08,development
3,2023-01-01,xgboost,tree_shap,npl90_change_1m_pp,0.21993048401727977,0.00020088687597308308,0.00020088687597308308,,0.021008674055337906,0.38914042711257935,4.922912921756506e-08,development
3,2023-01-01,xgboost,tree_shap,npl90_change_3m_pp,0.40815467215999,0.05276644229888916,0.05276644229888916,,0.021008674055337906,0.38914042711257935,4.922912921756506e-08,development
3,2023-01-01,xgboost,tree_shap,npl90_change_12m_pp,1.4672977246832999,0.03530231490731239,0.03530231490731239,,0.021008674055337906,0.38914042711257935,4.922912921756506e-08,development
3,2023-01-01,xgboost,tree_shap,npl90_rolling_mean_3m,2.530108597381,-0.032341502606868744,0.032341502606868744,,0.021008674055337906,0.38914042711257935,4.922912921756506e-08,development
3,2023-01-01,xgboost,tree_shap,npl90_rolling_mean_6m,2.3142250796695034,0.0712440237402916,0.0712440237402916,,0.021008674055337906,0.38914042711257935,4.922912921756506e-08,development
3,2023-01-01,xgboost,tree_shap,npl90_rolling_mean_12m,1.9439658635898869,0.003369265468791127,0.003369265468791127,,0.021008674055337906,0.38914042711257935,4.922912921756506e-08,development
3,2023-01-01,xgboost,tree_shap,imacec_yoy_pct,-1.780833557746364,-0.00012004122254438698,0.00012004122254438698,,0.021008674055337906,0.38914042711257935,4.922912921756506e-08,development
3,2023-01-01,xgboost,tree_shap,ipc_yoy,12.34033586,0.01575038582086563,0.01575038582086563,,0.021008674055337906,0.38914042711257935,4.922912921756506e-08,development
3,2023-01-01,xgboost,tree_shap,unemployment_rate,7.8627488308129,0.03894049674272537,0.03894049674272537,,0.021008674055337906,0.38914042711257935,4.922912921756506e-08,development
3,2023-01-01,xgboost,tree_shap,tpm_monthly_average,11.25,0.020418711006641388,0.020418711006641388,,0.021008674055337906,0.38914042711257935,4.922912921756506e-08,development
3,2023-01-01,xgboost,tree_shap,tpm_change_3m_pp,0.17999999999999972,0.0028857546858489513,0.0028857546858489513,,0.021008674055337906,0.38914042711257935,4.922912921756506e-08,development
3,2023-01-01,xgboost,tree_shap,usdclp_yoy_pct,0.5213447218191058,0.002406251849606633,0.002406251849606633,,0.021008674055337906,0.38914042711257935,4.922912921756506e-08,development
3,2023-01-01,xgboost,tree_shap,consumer_lending_rate,28.69,-0.0031728497706353664,0.0031728497706353664,,0.021008674055337906,0.38914042711257935,4.922912921756506e-08,development
3,2023-01-01,xgboost,tree_shap,consumer_lending_rate_change_3m_pp,1.2300000000000004,0.00018735905177891254,0.00018735905177891254,,0.021008674055337906,0.38914042711257935,4.922912921756506e-08,development
3,2023-01-01,xgboost,tree_shap,real_consumer_loans_yoy_pct,-1.6832200421020294,-0.00633618887513876,0.00633618887513876,,0.021008674055337906,0.38914042711257935,4.922912921756506e-08,development
3,2023-01-01,xgboost,tree_shap,real_m1_yoy_pct,-34.12898330781976,0.014493430964648724,0.014493430964648724,,0.021008674055337906,0.38914042711257935,4.922912921756506e-08,development
3,2023-01-01,xgboost,tree_shap,month_sin,0.0,0.013982090167701244,0.013982090167701244,,0.021008674055337906,0.38914042711257935,4.922912921756506e-08,development
3,2023-01-01,xgboost,tree_shap,month_cos,1.0,-0.0009865707252174616,0.0009865707252174616,,0.021008674055337906,0.38914042711257935,4.922912921756506e-08,development
3,2023-02-01,elastic_net,standardized_linear_contribution,npl90_level_t,2.78419431411724,0.0,0.0,0.0,0.02524614151252589,0.08282945599169443,0.0,development
3,2023-02-01,elastic_net,standardized_linear_contribution,npl90_lag_1m,2.70441860379833,0.0,0.0,0.0,0.02524614151252589,0.08282945599169443,0.0,development
3,2023-02-01,elastic_net,standardized_linear_contribution,npl90_lag_3m,2.40141906856362,-0.0,0.0,-0.0,0.02524614151252589,0.08282945599169443,0.0,development
3,2023-02-01,elastic_net,standardized_linear_contribution,npl90_lag_6m,2.00434737863352,-0.0,0.0,-0.0,0.02524614151252589,0.08282945599169443,0.0,development
3,2023-02-01,elastic_net,standardized_linear_contribution,npl90_lag_12m,1.32144104209642,0.0,0.0,-0.0,0.02524614151252589,0.08282945599169443,0.0,development
3,2023-02-01,elastic_net,standardized_linear_contribution,npl90_change_1m_pp,0.07977571031891006,0.0,0.0,0.0,0.02524614151252589,0.08282945599169443,0.0,development
3,2023-02-01,elastic_net,standardized_linear_contribution,npl90_change_3m_pp,0.3827752455536202,0.0,0.0,0.0,0.02524614151252589,0.08282945599169443,0.0,development
3,2023-02-01,elastic_net,standardized_linear_contribution,npl90_change_12m_pp,1.46275327202082,0.0,0.0,0.0,0.02524614151252589,0.08282945599169443,0.0,development
3,2023-02-01,elastic_net,standardized_linear_contribution,npl90_rolling_mean_3m,2.6577003458988737,0.0,0.0,0.0,0.02524614151252589,0.08282945599169443,0.0,development
3,2023-02-01,elastic_net,standardized_linear_contribution,npl90_rolling_mean_6m,2.44419956891679,-0.0,0.0,-0.0,0.02524614151252589,0.08282945599169443,0.0,development
3,2023-02-01,elastic_net,standardized_linear_contribution,npl90_rolling_mean_12m,2.0658619695916216,-0.004488200959705075,0.004488200959705075,-0.019850172283123108,0.02524614151252589,0.08282945599169443,0.0,development
3,2023-02-01,elastic_net,standardized_linear_contribution,imacec_yoy_pct,0.6140534608792603,-0.0,0.0,0.0,0.02524614151252589,0.08282945599169443,0.0,development
3,2023-02-01,elastic_net,standardized_linear_contribution,ipc_yoy,12.31319042,0.0,0.0,0.0,0.02524614151252589,0.08282945599169443,0.0,development
3,2023-02-01,elastic_net,standardized_linear_contribution,unemployment_rate,8.0372443026616,0.0,0.0,0.0,0.02524614151252589,0.08282945599169443,0.0,development
3,2023-02-01,elastic_net,standardized_linear_contribution,tpm_monthly_average,11.25,0.06207151543887362,0.06207151543887362,0.013305986316173472,0.02524614151252589,0.08282945599169443,0.0,development
3,2023-02-01,elastic_net,standardized_linear_contribution,tpm_change_3m_pp,0.0,-0.0,0.0,0.0,0.02524614151252589,0.08282945599169443,0.0,development
3,2023-02-01,elastic_net,standardized_linear_contribution,usdclp_yoy_pct,-1.0916676166072614,-0.0,0.0,0.0,0.02524614151252589,0.08282945599169443,0.0,development
3,2023-02-01,elastic_net,standardized_linear_contribution,consumer_lending_rate,29.37,0.0,0.0,0.0,0.02524614151252589,0.08282945599169443,0.0,development
3,2023-02-01,elastic_net,standardized_linear_contribution,consumer_lending_rate_change_3m_pp,1.6799999999999997,0.0,0.0,0.0,0.02524614151252589,0.08282945599169443,0.0,development
3,2023-02-01,elastic_net,standardized_linear_contribution,real_consumer_loans_yoy_pct,-1.7561394018793308,-0.0,0.0,0.0,0.02524614151252589,0.08282945599169443,0.0,development
3,2023-02-01,elastic_net,standardized_linear_contribution,real_m1_yoy_pct,-32.1332603508607,0.0,0.0,-0.0,0.02524614151252589,0.08282945599169443,0.0,development
3,2023-02-01,elastic_net,standardized_linear_contribution,month_sin,0.49999999999999994,0.0,0.0,0.0,0.02524614151252589,0.08282945599169443,0.0,development
3,2023-02-01,elastic_net,standardized_linear_contribution,month_cos,0.8660254037844387,0.0,0.0,0.0,0.02524614151252589,0.08282945599169443,0.0,development
3,2023-02-01,random_forest,mean_decrease_impurity,npl90_level_t,2.78419431411724,,0.016858634286610396,0.016858634286610396,,-0.198844935418819,0.0,development
3,2023-02-01,random_forest,mean_decrease_impurity,npl90_lag_1m,2.70441860379833,,0.0251766381018495,0.0251766381018495,,-0.198844935418819,0.0,development
3,2023-02-01,random_forest,mean_decrease_impurity,npl90_lag_3m,2.40141906856362,,0.10924231800631808,0.10924231800631808,,-0.198844935418819,0.0,development
3,2023-02-01,random_forest,mean_decrease_impurity,npl90_lag_6m,2.00434737863352,,0.033962525833363226,0.033962525833363226,,-0.198844935418819,0.0,development
3,2023-02-01,random_forest,mean_decrease_impurity,npl90_lag_12m,1.32144104209642,,0.09922051568147151,0.09922051568147151,,-0.198844935418819,0.0,development
3,2023-02-01,random_forest,mean_decrease_impurity,npl90_change_1m_pp,0.07977571031891006,,0.0006449874384033961,0.0006449874384033961,,-0.198844935418819,0.0,development
3,2023-02-01,random_forest,mean_decrease_impurity,npl90_change_3m_pp,0.3827752455536202,,0.001616014047195045,0.001616014047195045,,-0.198844935418819,0.0,development
3,2023-02-01,random_forest,mean_decrease_impurity,npl90_change_12m_pp,1.46275327202082,,0.0010701321171606507,0.0010701321171606507,,-0.198844935418819,0.0,development
3,2023-02-01,random_forest,mean_decrease_impurity,npl90_rolling_mean_3m,2.6577003458988737,,0.058165253581126564,0.058165253581126564,,-0.198844935418819,0.0,development
3,2023-02-01,random_forest,mean_decrease_impurity,npl90_rolling_mean_6m,2.44419956891679,,0.2109107950810761,0.2109107950810761,,-0.198844935418819,0.0,development
3,2023-02-01,random_forest,mean_decrease_impurity,npl90_rolling_mean_12m,2.0658619695916216,,0.12895656254806123,0.12895656254806123,,-0.198844935418819,0.0,development
3,2023-02-01,random_forest,mean_decrease_impurity,imacec_yoy_pct,0.6140534608792603,,0.0383384357106175,0.0383384357106175,,-0.198844935418819,0.0,development
3,2023-02-01,random_forest,mean_decrease_impurity,ipc_yoy,12.31319042,,0.07622850617605335,0.07622850617605335,,-0.198844935418819,0.0,development
3,2023-02-01,random_forest,mean_decrease_impurity,unemployment_rate,8.0372443026616,,0.013925111354647876,0.013925111354647876,,-0.198844935418819,0.0,development
3,2023-02-01,random_forest,mean_decrease_impurity,tpm_monthly_average,11.25,,0.039146016720452606,0.039146016720452606,,-0.198844935418819,0.0,development
3,2023-02-01,random_forest,mean_decrease_impurity,tpm_change_3m_pp,0.0,,0.07715574593487681,0.07715574593487681,,-0.198844935418819,0.0,development
3,2023-02-01,random_forest,mean_decrease_impurity,usdclp_yoy_pct,-1.0916676166072614,,0.009324500476024122,0.009324500476024122,,-0.198844935418819,0.0,development
3,2023-02-01,random_forest,mean_decrease_impurity,consumer_lending_rate,29.37,,0.006626305321315834,0.006626305321315834,,-0.198844935418819,0.0,development
3,2023-02-01,random_forest,mean_decrease_impurity,consumer_lending_rate_change_3m_pp,1.6799999999999997,,0.01782465319718197,0.01782465319718197,,-0.198844935418819,0.0,development
3,2023-02-01,random_forest,mean_decrease_impurity,real_consumer_loans_yoy_pct,-1.7561394018793308,,0.017296882199753706,0.017296882199753706,,-0.198844935418819,0.0,development
3,2023-02-01,random_forest,mean_decrease_impurity,real_m1_yoy_pct,-32.1332603508607,,0.004993559146587831,0.004993559146587831,,-0.198844935418819,0.0,development
3,2023-02-01,random_forest,mean_decrease_impurity,month_sin,0.49999999999999994,,0.012511908417526885,0.012511908417526885,,-0.198844935418819,0.0,development
3,2023-02-01,random_forest,mean_decrease_impurity,month_cos,0.8660254037844387,,0.0008039986223258007,0.0008039986223258007,,-0.198844935418819,0.0,development
3,2023-02-01,xgboost,tree_shap,npl90_level_t,2.78419431411724,-0.06678000837564468,0.06678000837564468,,0.028781399130821228,-0.13493239879608154,2.08965502679348e-08,development
3,2023-02-01,xgboost,tree_shap,npl90_lag_1m,2.70441860379833,-0.11918387562036514,0.11918387562036514,,0.028781399130821228,-0.13493239879608154,2.08965502679348e-08,development
3,2023-02-01,xgboost,tree_shap,npl90_lag_3m,2.40141906856362,0.009502938017249107,0.009502938017249107,,0.028781399130821228,-0.13493239879608154,2.08965502679348e-08,development
3,2023-02-01,xgboost,tree_shap,npl90_lag_6m,2.00434737863352,-0.011003241874277592,0.011003241874277592,,0.028781399130821228,-0.13493239879608154,2.08965502679348e-08,development
3,2023-02-01,xgboost,tree_shap,npl90_lag_12m,1.32144104209642,0.19797560572624207,0.19797560572624207,,0.028781399130821228,-0.13493239879608154,2.08965502679348e-08,development
3,2023-02-01,xgboost,tree_shap,npl90_change_1m_pp,0.07977571031891006,-0.0018649855628609657,0.0018649855628609657,,0.028781399130821228,-0.13493239879608154,2.08965502679348e-08,development
3,2023-02-01,xgboost,tree_shap,npl90_change_3m_pp,0.3827752455536202,0.03759988769888878,0.03759988769888878,,0.028781399130821228,-0.13493239879608154,2.08965502679348e-08,development
3,2023-02-01,xgboost,tree_shap,npl90_change_12m_pp,1.46275327202082,0.02325679175555706,0.02325679175555706,,0.028781399130821228,-0.13493239879608154,2.08965502679348e-08,development
3,2023-02-01,xgboost,tree_shap,npl90_rolling_mean_3m,2.6577003458988737,-0.29882878065109253,0.29882878065109253,,0.028781399130821228,-0.13493239879608154,2.08965502679348e-08,development
3,2023-02-01,xgboost,tree_shap,npl90_rolling_mean_6m,2.44419956891679,-0.025838136672973633,0.025838136672973633,,0.028781399130821228,-0.13493239879608154,2.08965502679348e-08,development
3,2023-02-01,xgboost,tree_shap,npl90_rolling_mean_12m,2.0658619695916216,-0.0013570650480687618,0.0013570650480687618,,0.028781399130821228,-0.13493239879608154,2.08965502679348e-08,development
3,2023-02-01,xgboost,tree_shap,imacec_yoy_pct,0.6140534608792603,-0.0022144003305584192,0.0022144003305584192,,0.028781399130821228,-0.13493239879608154,2.08965502679348e-08,development
3,2023-02-01,xgboost,tree_shap,ipc_yoy,12.31319042,0.06468196958303452,0.06468196958303452,,0.028781399130821228,-0.13493239879608154,2.08965502679348e-08,development
3,2023-02-01,xgboost,tree_shap,unemployment_rate,8.0372443026616,0.030875766649842262,0.030875766649842262,,0.028781399130821228,-0.13493239879608154,2.08965502679348e-08,development
3,2023-02-01,xgboost,tree_shap,tpm_monthly_average,11.25,0.022229842841625214,0.022229842841625214,,0.028781399130821228,-0.13493239879608154,2.08965502679348e-08,development
3,2023-02-01,xgboost,tree_shap,tpm_change_3m_pp,0.0,0.004128997679799795,0.004128997679799795,,0.028781399130821228,-0.13493239879608154,2.08965502679348e-08,development
3,2023-02-01,xgboost,tree_shap,usdclp_yoy_pct,-1.0916676166072614,-0.016078738495707512,0.016078738495707512,,0.028781399130821228,-0.13493239879608154,2.08965502679348e-08,development
3,2023-02-01,xgboost,tree_shap,consumer_lending_rate,29.37,-0.004258429165929556,0.004258429165929556,,0.028781399130821228,-0.13493239879608154,2.08965502679348e-08,development
3,2023-02-01,xgboost,tree_shap,consumer_lending_rate_change_3m_pp,1.6799999999999997,0.0003908392391167581,0.0003908392391167581,,0.028781399130821228,-0.13493239879608154,2.08965502679348e-08,development
3,2023-02-01,xgboost,tree_shap,real_consumer_loans_yoy_pct,-1.7561394018793308,-0.00295440130867064,0.00295440130867064,,0.028781399130821228,-0.13493239879608154,2.08965502679348e-08,development
3,2023-02-01,xgboost,tree_shap,real_m1_yoy_pct,-32.1332603508607,0.01448990497738123,0.01448990497738123,,0.028781399130821228,-0.13493239879608154,2.08965502679348e-08,development
3,2023-02-01,xgboost,tree_shap,month_sin,0.49999999999999994,-0.01822573132812977,0.01822573132812977,,0.028781399130821228,-0.13493239879608154,2.08965502679348e-08,development
3,2023-02-01,xgboost,tree_shap,month_cos,0.8660254037844387,-0.00025856855791062117,0.00025856855791062117,,0.028781399130821228,-0.13493239879608154,2.08965502679348e-08,development
4,2023-03-01,elastic_net,standardized_linear_contribution,npl90_level_t,2.70345252212643,-0.0,0.0,-0.0,0.03276035035880877,0.4574982380320851,5.551115123125783e-17,development
4,2023-03-01,elastic_net,standardized_linear_contribution,npl90_lag_1m,2.78419431411724,-0.09240584992478036,0.09240584992478036,-0.04364400996272715,0.03276035035880877,0.4574982380320851,5.551115123125783e-17,development
4,2023-03-01,elastic_net,standardized_linear_contribution,npl90_lag_3m,2.48448811978105,-0.0,0.0,-0.0,0.03276035035880877,0.4574982380320851,5.551115123125783e-17,development
4,2023-03-01,elastic_net,standardized_linear_contribution,npl90_lag_6m,1.99441337560216,-0.0,0.0,-0.0,0.03276035035880877,0.4574982380320851,5.551115123125783e-17,development
4,2023-03-01,elastic_net,standardized_linear_contribution,npl90_lag_12m,1.34795674611292,0.08124185955442685,0.08124185955442685,-0.03748973510066261,0.03276035035880877,0.4574982380320851,5.551115123125783e-17,development
4,2023-03-01,elastic_net,standardized_linear_contribution,npl90_change_1m_pp,-0.08074179199081,-0.0,0.0,0.0,0.03276035035880877,0.4574982380320851,5.551115123125783e-17,development
4,2023-03-01,elastic_net,standardized_linear_contribution,npl90_change_3m_pp,0.21896440234537984,-0.0,0.0,-0.0,0.03276035035880877,0.4574982380320851,5.551115123125783e-17,development
4,2023-03-01,elastic_net,standardized_linear_contribution,npl90_change_12m_pp,1.35549577601351,-0.0,0.0,-0.0,0.03276035035880877,0.4574982380320851,5.551115123125783e-17,development
4,2023-03-01,elastic_net,standardized_linear_contribution,npl90_rolling_mean_3m,2.7306884800140003,-0.0,0.0,-0.0,0.03276035035880877,0.4574982380320851,5.551115123125783e-17,development
4,2023-03-01,elastic_net,standardized_linear_contribution,npl90_rolling_mean_6m,2.5623727600041684,-0.0,0.0,-0.0,0.03276035035880877,0.4574982380320851,5.551115123125783e-17,development
4,2023-03-01,elastic_net,standardized_linear_contribution,npl90_rolling_mean_12m,2.178819950926081,-0.01899641812952809,0.01899641812952809,-0.03203987929156449,0.03276035035880877,0.4574982380320851,5.551115123125783e-17,development
4,2023-03-01,elastic_net,standardized_linear_contribution,imacec_yoy_pct,-0.11415119197422108,-0.022176436130906953,0.022176436130906953,0.05410783875320043,0.03276035035880877,0.4574982380320851,5.551115123125783e-17,development
4,2023-03-01,elastic_net,standardized_linear_contribution,ipc_yoy,11.06821175,0.0,0.0,0.0,0.03276035035880877,0.4574982380320851,5.551115123125783e-17,development
4,2023-03-01,elastic_net,standardized_linear_contribution,unemployment_rate,8.3676406179058,-0.0,0.0,-0.0,0.03276035035880877,0.4574982380320851,5.551115123125783e-17,development
4,2023-03-01,elastic_net,standardized_linear_contribution,tpm_monthly_average,11.25,0.3914185484885264,0.3914185484885264,0.09239125820393627,0.03276035035880877,0.4574982380320851,5.551115123125783e-17,development
4,2023-03-01,elastic_net,standardized_linear_contribution,tpm_change_3m_pp,0.0,-0.0,0.0,0.0,0.03276035035880877,0.4574982380320851,5.551115123125783e-17,development
4,2023-03-01,elastic_net,standardized_linear_contribution,usdclp_yoy_pct,1.2908764391655891,0.0,0.0,-0.0,0.03276035035880877,0.4574982380320851,5.551115123125783e-17,development
4,2023-03-01,elastic_net,standardized_linear_contribution,consumer_lending_rate,27.66,0.0,0.0,0.0,0.03276035035880877,0.4574982380320851,5.551115123125783e-17,development
4,2023-03-01,elastic_net,standardized_linear_contribution,consumer_lending_rate_change_3m_pp,-0.46999999999999886,-0.0,0.0,0.0,0.03276035035880877,0.4574982380320851,5.551115123125783e-17,development
4,2023-03-01,elastic_net,standardized_linear_contribution,real_consumer_loans_yoy_pct,-1.9944947568327764,-0.0,0.0,0.0,0.03276035035880877,0.4574982380320851,5.551115123125783e-17,development
4,2023-03-01,elastic_net,standardized_linear_contribution,real_m1_yoy_pct,-29.827919547887326,0.08889610385782099,0.08889610385782099,-0.03975629282739117,0.03276035035880877,0.4574982380320851,5.551115123125783e-17,development
4,2023-03-01,elastic_net,standardized_linear_contribution,month_sin,0.8660254037844386,-0.003239920042282546,0.003239920042282546,-0.0027158373540871715,0.03276035035880877,0.4574982380320851,5.551115123125783e-17,development
4,2023-03-01,elastic_net,standardized_linear_contribution,month_cos,0.5000000000000001,0.0,0.0,0.0,0.03276035035880877,0.4574982380320851,5.551115123125783e-17,development
4,2023-03-01,random_forest,mean_decrease_impurity,npl90_level_t,2.70345252212643,,0.035062847445693816,0.035062847445693816,,-0.8220772986006308,0.0,development
4,2023-03-01,random_forest,mean_decrease_impurity,npl90_lag_1m,2.78419431411724,,0.027061272594438964,0.027061272594438964,,-0.8220772986006308,0.0,development
4,2023-03-01,random_forest,mean_decrease_impurity,npl90_lag_3m,2.48448811978105,,0.015463055907696139,0.015463055907696139,,-0.8220772986006308,0.0,development
4,2023-03-01,random_forest,mean_decrease_impurity,npl90_lag_6m,1.99441337560216,,0.022180880597991996,0.022180880597991996,,-0.8220772986006308,0.0,development
4,2023-03-01,random_forest,mean_decrease_impurity,npl90_lag_12m,1.34795674611292,,0.08894811422065983,0.08894811422065983,,-0.8220772986006308,0.0,development
4,2023-03-01,random_forest,mean_decrease_impurity,npl90_change_1m_pp,-0.08074179199081,,0.0022814144828390633,0.0022814144828390633,,-0.8220772986006308,0.0,development
4,2023-03-01,random_forest,mean_decrease_impurity,npl90_change_3m_pp,0.21896440234537984,,0.007286606760620487,0.007286606760620487,,-0.8220772986006308,0.0,development
4,2023-03-01,random_forest,mean_decrease_impurity,npl90_change_12m_pp,1.35549577601351,,0.006524505414287157,0.006524505414287157,,-0.8220772986006308,0.0,development
4,2023-03-01,random_forest,mean_decrease_impurity,npl90_rolling_mean_3m,2.7306884800140003,,0.06701302124458476,0.06701302124458476,,-0.8220772986006308,0.0,development
4,2023-03-01,random_forest,mean_decrease_impurity,npl90_rolling_mean_6m,2.5623727600041684,,0.37151317820975943,0.37151317820975943,,-0.8220772986006308,0.0,development
4,2023-03-01,random_forest,mean_decrease_impurity,npl90_rolling_mean_12m,2.178819950926081,,0.056823070524182104,0.056823070524182104,,-0.8220772986006308,0.0,development
4,2023-03-01,random_forest,mean_decrease_impurity,imacec_yoy_pct,-0.11415119197422108,,0.015106027627896146,0.015106027627896146,,-0.8220772986006308,0.0,development
4,2023-03-01,random_forest,mean_decrease_impurity,ipc_yoy,11.06821175,,0.11102531453566566,0.11102531453566566,,-0.8220772986006308,0.0,development
4,2023-03-01,random_forest,mean_decrease_impurity,unemployment_rate,8.3676406179058,,0.008070413110621259,0.008070413110621259,,-0.8220772986006308,0.0,development
4,2023-03-01,random_forest,mean_decrease_impurity,tpm_monthly_average,11.25,,0.002792621017270306,0.002792621017270306,,-0.8220772986006308,0.0,development
4,2023-03-01,random_forest,mean_decrease_impurity,tpm_change_3m_pp,0.0,,0.09068079429480881,0.09068079429480881,,-0.8220772986006308,0.0,development
4,2023-03-01,random_forest,mean_decrease_impurity,usdclp_yoy_pct,1.2908764391655891,,0.0100545389193776,0.0100545389193776,,-0.8220772986006308,0.0,development
4,2023-03-01,random_forest,mean_decrease_impurity,consumer_lending_rate,27.66,,0.011064042938474392,0.011064042938474392,,-0.8220772986006308,0.0,development
4,2023-03-01,random_forest,mean_decrease_impurity,consumer_lending_rate_change_3m_pp,-0.46999999999999886,,0.022491117917188694,0.022491117917188694,,-0.8220772986006308,0.0,development
4,2023-03-01,random_forest,mean_decrease_impurity,real_consumer_loans_yoy_pct,-1.9944947568327764,,0.011546492580520297,0.011546492580520297,,-0.8220772986006308,0.0,development
4,2023-03-01,random_forest,mean_decrease_impurity,real_m1_yoy_pct,-29.827919547887326,,0.0021123279807767495,0.0021123279807767495,,-0.8220772986006308,0.0,development
4,2023-03-01,random_forest,mean_decrease_impurity,month_sin,0.8660254037844386,,0.013274694472682978,0.013274694472682978,,-0.8220772986006308,0.0,development
4,2023-03-01,random_forest,mean_decrease_impurity,month_cos,0.5000000000000001,,0.001623647201963329,0.001623647201963329,,-0.8220772986006308,0.0,development
4,2023-03-01,xgboost,tree_shap,npl90_level_t,2.70345252212643,-0.06059238314628601,0.06059238314628601,,0.0393090695142746,-0.21297003328800201,3.317836672067642e-08,development
4,2023-03-01,xgboost,tree_shap,npl90_lag_1m,2.78419431411724,-0.09359001368284225,0.09359001368284225,,0.0393090695142746,-0.21297003328800201,3.317836672067642e-08,development
4,2023-03-01,xgboost,tree_shap,npl90_lag_3m,2.48448811978105,0.013685321435332298,0.013685321435332298,,0.0393090695142746,-0.21297003328800201,3.317836672067642e-08,development
4,2023-03-01,xgboost,tree_shap,npl90_lag_6m,1.99441337560216,-0.003011774504557252,0.003011774504557252,,0.0393090695142746,-0.21297003328800201,3.317836672067642e-08,development
4,2023-03-01,xgboost,tree_shap,npl90_lag_12m,1.34795674611292,0.233829528093338,0.233829528093338,,0.0393090695142746,-0.21297003328800201,3.317836672067642e-08,development
4,2023-03-01,xgboost,tree_shap,npl90_change_1m_pp,-0.08074179199081,0.023373065516352654,0.023373065516352654,,0.0393090695142746,-0.21297003328800201,3.317836672067642e-08,development
4,2023-03-01,xgboost,tree_shap,npl90_change_3m_pp,0.21896440234537984,-0.005425901152193546,0.005425901152193546,,0.0393090695142746,-0.21297003328800201,3.317836672067642e-08,development
4,2023-03-01,xgboost,tree_shap,npl90_change_12m_pp,1.35549577601351,0.020953534170985222,0.020953534170985222,,0.0393090695142746,-0.21297003328800201,3.317836672067642e-08,development
4,2023-03-01,xgboost,tree_shap,npl90_rolling_mean_3m,2.7306884800140003,-0.30049559473991394,0.30049559473991394,,0.0393090695142746,-0.21297003328800201,3.317836672067642e-08,development
4,2023-03-01,xgboost,tree_shap,npl90_rolling_mean_6m,2.5623727600041684,-0.25905752182006836,0.25905752182006836,,0.0393090695142746,-0.21297003328800201,3.317836672067642e-08,development
4,2023-03-01,xgboost,tree_shap,npl90_rolling_mean_12m,2.178819950926081,0.016205523163080215,0.016205523163080215,,0.0393090695142746,-0.21297003328800201,3.317836672067642e-08,development
4,2023-03-01,xgboost,tree_shap,imacec_yoy_pct,-0.11415119197422108,-0.003996695391833782,0.003996695391833782,,0.0393090695142746,-0.21297003328800201,3.317836672067642e-08,development
4,2023-03-01,xgboost,tree_shap,ipc_yoy,11.06821175,0.10179723054170609,0.10179723054170609,,0.0393090695142746,-0.21297003328800201,3.317836672067642e-08,development
4,2023-03-01,xgboost,tree_shap,unemployment_rate,8.3676406179058,0.03026408702135086,0.03026408702135086,,0.0393090695142746,-0.21297003328800201,3.317836672067642e-08,development
4,2023-03-01,xgboost,tree_shap,tpm_monthly_average,11.25,0.03369265794754028,0.03369265794754028,,0.0393090695142746,-0.21297003328800201,3.317836672067642e-08,development
4,2023-03-01,xgboost,tree_shap,tpm_change_3m_pp,0.0,0.00321637443266809,0.00321637443266809,,0.0393090695142746,-0.21297003328800201,3.317836672067642e-08,development
4,2023-03-01,xgboost,tree_shap,usdclp_yoy_pct,1.2908764391655891,-0.00167117640376091,0.00167117640376091,,0.0393090695142746,-0.21297003328800201,3.317836672067642e-08,development
4,2023-03-01,xgboost,tree_shap,consumer_lending_rate,27.66,-0.01204136572778225,0.01204136572778225,,0.0393090695142746,-0.21297003328800201,3.317836672067642e-08,development
4,2023-03-01,xgboost,tree_shap,consumer_lending_rate_change_3m_pp,-0.46999999999999886,-0.0022213514894247055,0.0022213514894247055,,0.0393090695142746,-0.21297003328800201,3.317836672067642e-08,development
4,2023-03-01,xgboost,tree_shap,real_consumer_loans_yoy_pct,-1.9944947568327764,-0.0011367632541805506,0.0011367632541805506,,0.0393090695142746,-0.21297003328800201,3.317836672067642e-08,development
4,2023-03-01,xgboost,tree_shap,real_m1_yoy_pct,-29.827919547887326,0.03813362866640091,0.03813362866640091,,0.0393090695142746,-0.21297003328800201,3.317836672067642e-08,development
4,2023-03-01,xgboost,tree_shap,month_sin,0.8660254037844386,-0.025409240275621414,0.025409240275621414,,0.0393090695142746,-0.21297003328800201,3.317836672067642e-08,development
4,2023-03-01,xgboost,tree_shap,month_cos,0.5000000000000001,0.0012197609758004546,0.0012197609758004546,,0.0393090695142746,-0.21297003328800201,3.317836672067642e-08,development
4,2023-04-01,elastic_net,standardized_linear_contribution,npl90_level_t,2.77054178295034,-0.0,0.0,-0.0,0.03755945363003912,0.15680850356552262,2.7755575615628914e-17,development
4,2023-04-01,elastic_net,standardized_linear_contribution,npl90_lag_1m,2.70345252212643,-0.07311636569540192,0.07311636569540192,-0.0381187966756681,0.03755945363003912,0.15680850356552262,2.7755575615628914e-17,development
4,2023-04-01,elastic_net,standardized_linear_contribution,npl90_lag_3m,2.70441860379833,-0.0,0.0,-0.0,0.03755945363003912,0.15680850356552262,2.7755575615628914e-17,development
4,2023-04-01,elastic_net,standardized_linear_contribution,npl90_lag_6m,2.29626393163834,-0.0,0.0,-0.0,0.03755945363003912,0.15680850356552262,2.7755575615628914e-17,development
4,2023-04-01,elastic_net,standardized_linear_contribution,npl90_lag_12m,1.475612628031,0.009987526686987283,0.009987526686987283,-0.00599869766455128,0.03755945363003912,0.15680850356552262,2.7755575615628914e-17,development
4,2023-04-01,elastic_net,standardized_linear_contribution,npl90_change_1m_pp,0.06708926082390976,0.0,0.0,0.0,0.03755945363003912,0.15680850356552262,2.7755575615628914e-17,development
4,2023-04-01,elastic_net,standardized_linear_contribution,npl90_change_3m_pp,0.06612317915200983,-0.0,0.0,-0.0,0.03755945363003912,0.15680850356552262,2.7755575615628914e-17,development
4,2023-04-01,elastic_net,standardized_linear_contribution,npl90_change_12m_pp,1.2949291549193398,-0.0,0.0,-0.0,0.03755945363003912,0.15680850356552262,2.7755575615628914e-17,development
4,2023-04-01,elastic_net,standardized_linear_contribution,npl90_rolling_mean_3m,2.752729539731337,-0.0,0.0,-0.0,0.03755945363003912,0.15680850356552262,2.7755575615628914e-17,development
4,2023-04-01,elastic_net,standardized_linear_contribution,npl90_rolling_mean_6m,2.6414190685561683,-0.0,0.0,-0.0,0.03755945363003912,0.15680850356552262,2.7755575615628914e-17,development
4,2023-04-01,elastic_net,standardized_linear_contribution,npl90_rolling_mean_12m,2.2867307138360258,-0.06814282360770132,0.06814282360770132,-0.07251749265257251,0.03755945363003912,0.15680850356552262,2.7755575615628914e-17,development
4,2023-04-01,elastic_net,standardized_linear_contribution,imacec_yoy_pct,-1.3676408146382713,-0.013478747778774383,0.013478747778774383,0.021903789744466592,0.03755945363003912,0.15680850356552262,2.7755575615628914e-17,development
4,2023-04-01,elastic_net,standardized_linear_contribution,ipc_yoy,9.82433626,0.0,0.0,0.0,0.03755945363003912,0.15680850356552262,2.7755575615628914e-17,development
4,2023-04-01,elastic_net,standardized_linear_contribution,unemployment_rate,8.808478760936,-0.0,0.0,-0.0,0.03755945363003912,0.15680850356552262,2.7755575615628914e-17,development
4,2023-04-01,elastic_net,standardized_linear_contribution,tpm_monthly_average,11.25,0.07761353122114578,0.07761353122114578,0.020062782581148866,0.03755945363003912,0.15680850356552262,2.7755575615628914e-17,development
4,2023-04-01,elastic_net,standardized_linear_contribution,tpm_change_3m_pp,0.0,-0.008914039569751519,0.008914039569751519,0.03183195018833884,0.03755945363003912,0.15680850356552262,2.7755575615628914e-17,development
4,2023-04-01,elastic_net,standardized_linear_contribution,usdclp_yoy_pct,-1.3845956861402553,0.0,0.0,-0.0,0.03755945363003912,0.15680850356552262,2.7755575615628914e-17,development
4,2023-04-01,elastic_net,standardized_linear_contribution,consumer_lending_rate,28.84,0.0,0.0,0.0,0.03755945363003912,0.15680850356552262,2.7755575615628914e-17,development
4,2023-04-01,elastic_net,standardized_linear_contribution,consumer_lending_rate_change_3m_pp,0.14999999999999858,0.0,0.0,0.0,0.03755945363003912,0.15680850356552262,2.7755575615628914e-17,development
4,2023-04-01,elastic_net,standardized_linear_contribution,real_consumer_loans_yoy_pct,-2.0350390475870173,-0.0,0.0,0.0,0.03755945363003912,0.15680850356552262,2.7755575615628914e-17,development
4,2023-04-01,elastic_net,standardized_linear_contribution,real_m1_yoy_pct,-27.97536767821812,0.20338109179183628,0.20338109179183628,-0.09901480102134688,0.03755945363003912,0.15680850356552262,2.7755575615628914e-17,development
4,2023-04-01,elastic_net,standardized_linear_contribution,month_sin,1.0,-0.00808112311285672,0.00808112311285672,-0.0058148466235485256,0.03755945363003912,0.15680850356552262,2.7755575615628914e-17,development
4,2023-04-01,elastic_net,standardized_linear_contribution,month_cos,6.123233995736766e-17,0.0,0.0,0.0,0.03755945363003912,0.15680850356552262,2.7755575615628914e-17,development
4,2023-04-01,random_forest,mean_decrease_impurity,npl90_level_t,2.77054178295034,,0.03508147536710673,0.03508147536710673,,-0.8284327743678034,0.0,development
4,2023-04-01,random_forest,mean_decrease_impurity,npl90_lag_1m,2.70345252212643,,0.01709390835190208,0.01709390835190208,,-0.8284327743678034,0.0,development
4,2023-04-01,random_forest,mean_decrease_impurity,npl90_lag_3m,2.70441860379833,,0.016912765289095022,0.016912765289095022,,-0.8284327743678034,0.0,development
4,2023-04-01,random_forest,mean_decrease_impurity,npl90_lag_6m,2.29626393163834,,0.012140098364612288,0.012140098364612288,,-0.8284327743678034,0.0,development
4,2023-04-01,random_forest,mean_decrease_impurity,npl90_lag_12m,1.475612628031,,0.11163325407696972,0.11163325407696972,,-0.8284327743678034,0.0,development
4,2023-04-01,random_forest,mean_decrease_impurity,npl90_change_1m_pp,0.06708926082390976,,0.0027425229444642536,0.0027425229444642536,,-0.8284327743678034,0.0,development
4,2023-04-01,random_forest,mean_decrease_impurity,npl90_change_3m_pp,0.06612317915200983,,0.006020510238361929,0.006020510238361929,,-0.8284327743678034,0.0,development
4,2023-04-01,random_forest,mean_decrease_impurity,npl90_change_12m_pp,1.2949291549193398,,0.006712148309710539,0.006712148309710539,,-0.8284327743678034,0.0,development
4,2023-04-01,random_forest,mean_decrease_impurity,npl90_rolling_mean_3m,2.752729539731337,,0.06966366584821011,0.06966366584821011,,-0.8284327743678034,0.0,development
4,2023-04-01,random_forest,mean_decrease_impurity,npl90_rolling_mean_6m,2.6414190685561683,,0.3623973864093702,0.3623973864093702,,-0.8284327743678034,0.0,development
4,2023-04-01,random_forest,mean_decrease_impurity,npl90_rolling_mean_12m,2.2867307138360258,,0.04917839055391303,0.04917839055391303,,-0.8284327743678034,0.0,development
4,2023-04-01,random_forest,mean_decrease_impurity,imacec_yoy_pct,-1.3676408146382713,,0.018484324145545124,0.018484324145545124,,-0.8284327743678034,0.0,development
4,2023-04-01,random_forest,mean_decrease_impurity,ipc_yoy,9.82433626,,0.11929485570776296,0.11929485570776296,,-0.8284327743678034,0.0,development
4,2023-04-01,random_forest,mean_decrease_impurity,unemployment_rate,8.808478760936,,0.010216561590718992,0.010216561590718992,,-0.8284327743678034,0.0,development
4,2023-04-01,random_forest,mean_decrease_impurity,tpm_monthly_average,11.25,,0.002598990492485009,0.002598990492485009,,-0.8284327743678034,0.0,development
4,2023-04-01,random_forest,mean_decrease_impurity,tpm_change_3m_pp,0.0,,0.09913242988826695,0.09913242988826695,,-0.8284327743678034,0.0,development
4,2023-04-01,random_forest,mean_decrease_impurity,usdclp_yoy_pct,-1.3845956861402553,,0.0094054967628473,0.0094054967628473,,-0.8284327743678034,0.0,development
4,2023-04-01,random_forest,mean_decrease_impurity,consumer_lending_rate,28.84,,0.009906387922616977,0.009906387922616977,,-0.8284327743678034,0.0,development
4,2023-04-01,random_forest,mean_decrease_impurity,consumer_lending_rate_change_3m_pp,0.14999999999999858,,0.012895955929846159,0.012895955929846159,,-0.8284327743678034,0.0,development
4,2023-04-01,random_forest,mean_decrease_impurity,real_consumer_loans_yoy_pct,-2.0350390475870173,,0.011877652306459643,0.011877652306459643,,-0.8284327743678034,0.0,development
4,2023-04-01,random_forest,mean_decrease_impurity,real_m1_yoy_pct,-27.97536767821812,,0.0012507239073145855,0.0012507239073145855,,-0.8284327743678034,0.0,development
4,2023-04-01,random_forest,mean_decrease_impurity,month_sin,1.0,,0.013636472047637556,0.013636472047637556,,-0.8284327743678034,0.0,development
4,2023-04-01,random_forest,mean_decrease_impurity,month_cos,6.123233995736766e-17,,0.0017240235447828142,0.0017240235447828142,,-0.8284327743678034,0.0,development
4,2023-04-01,xgboost,tree_shap,npl90_level_t,2.77054178295034,-0.06565003842115402,0.06565003842115402,,0.04040272533893585,-0.4499746859073639,6.2515027821064e-08,development
4,2023-04-01,xgboost,tree_shap,npl90_lag_1m,2.70345252212643,-0.05118013918399811,0.05118013918399811,,0.04040272533893585,-0.4499746859073639,6.2515027821064e-08,development
4,2023-04-01,xgboost,tree_shap,npl90_lag_3m,2.70441860379833,-0.0045359209179878235,0.0045359209179878235,,0.04040272533893585,-0.4499746859073639,6.2515027821064e-08,development
4,2023-04-01,xgboost,tree_shap,npl90_lag_6m,2.29626393163834,-0.00410637678578496,0.00410637678578496,,0.04040272533893585,-0.4499746859073639,6.2515027821064e-08,development
4,2023-04-01,xgboost,tree_shap,npl90_lag_12m,1.475612628031,0.18741805851459503,0.18741805851459503,,0.04040272533893585,-0.4499746859073639,6.2515027821064e-08,development
4,2023-04-01,xgboost,tree_shap,npl90_change_1m_pp,0.06708926082390976,-0.01265693735331297,0.01265693735331297,,0.04040272533893585,-0.4499746859073639,6.2515027821064e-08,development
4,2023-04-01,xgboost,tree_shap,npl90_change_3m_pp,0.06612317915200983,-0.001248164102435112,0.001248164102435112,,0.04040272533893585,-0.4499746859073639,6.2515027821064e-08,development
4,2023-04-01,xgboost,tree_shap,npl90_change_12m_pp,1.2949291549193398,0.0040020570158958435,0.0040020570158958435,,0.04040272533893585,-0.4499746859073639,6.2515027821064e-08,development
4,2023-04-01,xgboost,tree_shap,npl90_rolling_mean_3m,2.752729539731337,-0.39127424359321594,0.39127424359321594,,0.04040272533893585,-0.4499746859073639,6.2515027821064e-08,development
4,2023-04-01,xgboost,tree_shap,npl90_rolling_mean_6m,2.6414190685561683,-0.25662919878959656,0.25662919878959656,,0.04040272533893585,-0.4499746859073639,6.2515027821064e-08,development
4,2023-04-01,xgboost,tree_shap,npl90_rolling_mean_12m,2.2867307138360258,0.0033847761806100607,0.0033847761806100607,,0.04040272533893585,-0.4499746859073639,6.2515027821064e-08,development
4,2023-04-01,xgboost,tree_shap,imacec_yoy_pct,-1.3676408146382713,0.016179963946342468,0.016179963946342468,,0.04040272533893585,-0.4499746859073639,6.2515027821064e-08,development
4,2023-04-01,xgboost,tree_shap,ipc_yoy,9.82433626,0.09370691329240799,0.09370691329240799,,0.04040272533893585,-0.4499746859073639,6.2515027821064e-08,development
4,2023-04-01,xgboost,tree_shap,unemployment_rate,8.808478760936,0.005949022248387337,0.005949022248387337,,0.04040272533893585,-0.4499746859073639,6.2515027821064e-08,development
4,2023-04-01,xgboost,tree_shap,tpm_monthly_average,11.25,0.03178756311535835,0.03178756311535835,,0.04040272533893585,-0.4499746859073639,6.2515027821064e-08,development
4,2023-04-01,xgboost,tree_shap,tpm_change_3m_pp,0.0,0.0008424266707152128,0.0008424266707152128,,0.04040272533893585,-0.4499746859073639,6.2515027821064e-08,development
4,2023-04-01,xgboost,tree_shap,usdclp_yoy_pct,-1.3845956861402553,-0.010896633379161358,0.010896633379161358,,0.04040272533893585,-0.4499746859073639,6.2515027821064e-08,development
4,2023-04-01,xgboost,tree_shap,consumer_lending_rate,28.84,-0.02241804264485836,0.02241804264485836,,0.04040272533893585,-0.4499746859073639,6.2515027821064e-08,development
4,2023-04-01,xgboost,tree_shap,consumer_lending_rate_change_3m_pp,0.14999999999999858,0.0022093469742685556,0.0022093469742685556,,0.04040272533893585,-0.4499746859073639,6.2515027821064e-08,development
4,2023-04-01,xgboost,tree_shap,real_consumer_loans_yoy_pct,-2.0350390475870173,-0.00811125710606575,0.00811125710606575,,0.04040272533893585,-0.4499746859073639,6.2515027821064e-08,development
4,2023-04-01,xgboost,tree_shap,real_m1_yoy_pct,-27.97536767821812,0.01731937564909458,0.01731937564909458,,0.04040272533893585,-0.4499746859073639,6.2515027821064e-08,development
4,2023-04-01,xgboost,tree_shap,month_sin,1.0,-0.023807745426893234,0.023807745426893234,,0.04040272533893585,-0.4499746859073639,6.2515027821064e-08,development
4,2023-04-01,xgboost,tree_shap,month_cos,6.123233995736766e-17,-0.0006621546344831586,0.0006621546344831586,,0.04040272533893585,-0.4499746859073639,6.2515027821064e-08,development
4,2023-05-01,elastic_net,standardized_linear_contribution,npl90_level_t,2.78316245663576,-0.0,0.0,-0.0,0.041260356150921926,0.03843230190930529,0.0,development
4,2023-05-01,elastic_net,standardized_linear_contribution,npl90_lag_1m,2.77054178295034,-0.06453866232836765,0.06453866232836765,-0.03093513423507016,0.041260356150921926,0.03843230190930529,0.0,development
4,2023-05-01,elastic_net,standardized_linear_contribution,npl90_lag_3m,2.78419431411724,-0.0,0.0,-0.0,0.041260356150921926,0.03843230190930529,0.0,development
4,2023-05-01,elastic_net,standardized_linear_contribution,npl90_lag_6m,2.40141906856362,-0.0,0.0,-0.0,0.041260356150921926,0.03843230190930529,0.0,development
4,2023-05-01,elastic_net,standardized_linear_contribution,npl90_lag_12m,1.64395879970176,0.0,0.0,-0.0,0.041260356150921926,0.03843230190930529,0.0,development
4,2023-05-01,elastic_net,standardized_linear_contribution,npl90_change_1m_pp,0.01262067368541997,0.0,0.0,0.0,0.041260356150921926,0.03843230190930529,0.0,development
4,2023-05-01,elastic_net,standardized_linear_contribution,npl90_change_3m_pp,-0.0010318574814802695,0.0,0.0,-0.0,0.041260356150921926,0.03843230190930529,0.0,development
4,2023-05-01,elastic_net,standardized_linear_contribution,npl90_change_12m_pp,1.1392036569339998,-0.0,0.0,-0.0,0.041260356150921926,0.03843230190930529,0.0,development
4,2023-05-01,elastic_net,standardized_linear_contribution,npl90_rolling_mean_3m,2.75238558723751,-0.0,0.0,-0.0,0.041260356150921926,0.03843230190930529,0.0,development
4,2023-05-01,elastic_net,standardized_linear_contribution,npl90_rolling_mean_6m,2.7050429665681914,-0.0,0.0,-0.0,0.041260356150921926,0.03843230190930529,0.0,development
4,2023-05-01,elastic_net,standardized_linear_contribution,npl90_rolling_mean_12m,2.381664351913859,-0.11063788532624187,0.11063788532624187,-0.0888268704317519,0.041260356150921926,0.03843230190930529,0.0,development
4,2023-05-01,elastic_net,standardized_linear_contribution,imacec_yoy_pct,0.0018844594691369565,-0.005431298764646836,0.005431298764646836,0.014172800549460015,0.041260356150921926,0.03843230190930529,0.0,development
4,2023-05-01,elastic_net,standardized_linear_contribution,ipc_yoy,8.872233088,0.0,0.0,0.0,0.041260356150921926,0.03843230190930529,0.0,development
4,2023-05-01,elastic_net,standardized_linear_contribution,unemployment_rate,8.6597088797411,-0.0,0.0,-0.0,0.041260356150921926,0.03843230190930529,0.0,development
4,2023-05-01,elastic_net,standardized_linear_contribution,tpm_monthly_average,11.25,0.0,0.0,0.0,0.041260356150921926,0.03843230190930529,0.0,development
4,2023-05-01,elastic_net,standardized_linear_contribution,tpm_change_3m_pp,0.0,-0.011369583250020281,0.011369583250020281,0.0386840782358153,0.041260356150921926,0.03843230190930529,0.0,development
4,2023-05-01,elastic_net,standardized_linear_contribution,usdclp_yoy_pct,-5.975411230947502,0.0,0.0,-0.0,0.041260356150921926,0.03843230190930529,0.0,development
4,2023-05-01,elastic_net,standardized_linear_contribution,consumer_lending_rate,28.16,0.0,0.0,0.0,0.041260356150921926,0.03843230190930529,0.0,development
4,2023-05-01,elastic_net,standardized_linear_contribution,consumer_lending_rate_change_3m_pp,-1.2100000000000009,-0.0,0.0,0.0,0.041260356150921926,0.03843230190930529,0.0,development
4,2023-05-01,elastic_net,standardized_linear_contribution,real_consumer_loans_yoy_pct,-1.5513270662737,-0.0,0.0,0.0,0.041260356150921926,0.03843230190930529,0.0,development
4,2023-05-01,elastic_net,standardized_linear_contribution,real_m1_yoy_pct,-24.207457396312105,0.19680564330838707,0.19680564330838707,-0.11014721097222221,0.041260356150921926,0.03843230190930529,0.0,development
4,2023-05-01,elastic_net,standardized_linear_contribution,month_sin,0.8660254037844387,-0.007656267880727065,0.007656267880727065,-0.006318177449674648,0.041260356150921926,0.03843230190930529,0.0,development
4,2023-05-01,elastic_net,standardized_linear_contribution,month_cos,-0.4999999999999998,-0.0,0.0,0.0,0.041260356150921926,0.03843230190930529,0.0,development
4,2023-05-01,random_forest,mean_decrease_impurity,npl90_level_t,2.78316245663576,,0.03140811299641201,0.03140811299641201,,-0.8989349944845137,0.0,development
4,2023-05-01,random_forest,mean_decrease_impurity,npl90_lag_1m,2.77054178295034,,0.01491355856230947,0.01491355856230947,,-0.8989349944845137,0.0,development
4,2023-05-01,random_forest,mean_decrease_impurity,npl90_lag_3m,2.78419431411724,,0.022041879773784353,0.022041879773784353,,-0.8989349944845137,0.0,development
4,2023-05-01,random_forest,mean_decrease_impurity,npl90_lag_6m,2.40141906856362,,0.018357619851272006,0.018357619851272006,,-0.8989349944845137,0.0,development
4,2023-05-01,random_forest,mean_decrease_impurity,npl90_lag_12m,1.64395879970176,,0.10495658045656002,0.10495658045656002,,-0.8989349944845137,0.0,development
4,2023-05-01,random_forest,mean_decrease_impurity,npl90_change_1m_pp,0.01262067368541997,,0.00296002081944807,0.00296002081944807,,-0.8989349944845137,0.0,development
4,2023-05-01,random_forest,mean_decrease_impurity,npl90_change_3m_pp,-0.0010318574814802695,,0.004783697946118583,0.004783697946118583,,-0.8989349944845137,0.0,development
4,2023-05-01,random_forest,mean_decrease_impurity,npl90_change_12m_pp,1.1392036569339998,,0.00786616696485941,0.00786616696485941,,-0.8989349944845137,0.0,development
4,2023-05-01,random_forest,mean_decrease_impurity,npl90_rolling_mean_3m,2.75238558723751,,0.06073089000569527,0.06073089000569527,,-0.8989349944845137,0.0,development
4,2023-05-01,random_forest,mean_decrease_impurity,npl90_rolling_mean_6m,2.7050429665681914,,0.3681183853354224,0.3681183853354224,,-0.8989349944845137,0.0,development
4,2023-05-01,random_forest,mean_decrease_impurity,npl90_rolling_mean_12m,2.381664351913859,,0.041075241833808854,0.041075241833808854,,-0.8989349944845137,0.0,development
4,2023-05-01,random_forest,mean_decrease_impurity,imacec_yoy_pct,0.0018844594691369565,,0.020278769465208023,0.020278769465208023,,-0.8989349944845137,0.0,development
4,2023-05-01,random_forest,mean_decrease_impurity,ipc_yoy,8.872233088,,0.1328732687523553,0.1328732687523553,,-0.8989349944845137,0.0,development
4,2023-05-01,random_forest,mean_decrease_impurity,unemployment_rate,8.6597088797411,,0.010921065346501651,0.010921065346501651,,-0.8989349944845137,0.0,development
4,2023-05-01,random_forest,mean_decrease_impurity,tpm_monthly_average,11.25,,0.0012193525978523043,0.0012193525978523043,,-0.8989349944845137,0.0,development
4,2023-05-01,random_forest,mean_decrease_impurity,tpm_change_3m_pp,0.0,,0.10426870449631435,0.10426870449631435,,-0.8989349944845137,0.0,development
4,2023-05-01,random_forest,mean_decrease_impurity,usdclp_yoy_pct,-5.975411230947502,,0.00968079830680474,0.00968079830680474,,-0.8989349944845137,0.0,development
4,2023-05-01,random_forest,mean_decrease_impurity,consumer_lending_rate,28.16,,0.009601582877990737,0.009601582877990737,,-0.8989349944845137,0.0,development
4,2023-05-01,random_forest,mean_decrease_impurity,consumer_lending_rate_change_3m_pp,-1.2100000000000009,,0.004074913926425563,0.004074913926425563,,-0.8989349944845137,0.0,development
4,2023-05-01,random_forest,mean_decrease_impurity,real_consumer_loans_yoy_pct,-1.5513270662737,,0.012374529368371164,0.012374529368371164,,-0.8989349944845137,0.0,development
4,2023-05-01,random_forest,mean_decrease_impurity,real_m1_yoy_pct,-24.207457396312105,,0.0010193750866357063,0.0010193750866357063,,-0.8989349944845137,0.0,development
4,2023-05-01,random_forest,mean_decrease_impurity,month_sin,0.8660254037844387,,0.01468759498160357,0.01468759498160357,,-0.8989349944845137,0.0,development
4,2023-05-01,random_forest,mean_decrease_impurity,month_cos,-0.4999999999999998,,0.0017878902482463554,0.0017878902482463554,,-0.8989349944845137,0.0,development
4,2023-05-01,xgboost,tree_shap,npl90_level_t,2.78316245663576,-0.07529423385858536,0.07529423385858536,,0.04488531872630119,-0.6092257499694824,2.0956213120371103e-07,development
4,2023-05-01,xgboost,tree_shap,npl90_lag_1m,2.77054178295034,-0.0632612556219101,0.0632612556219101,,0.04488531872630119,-0.6092257499694824,2.0956213120371103e-07,development
4,2023-05-01,xgboost,tree_shap,npl90_lag_3m,2.78419431411724,-0.01599491946399212,0.01599491946399212,,0.04488531872630119,-0.6092257499694824,2.0956213120371103e-07,development
4,2023-05-01,xgboost,tree_shap,npl90_lag_6m,2.40141906856362,-0.0034699595998972654,0.0034699595998972654,,0.04488531872630119,-0.6092257499694824,2.0956213120371103e-07,development
4,2023-05-01,xgboost,tree_shap,npl90_lag_12m,1.64395879970176,0.10684051364660263,0.10684051364660263,,0.04488531872630119,-0.6092257499694824,2.0956213120371103e-07,development
4,2023-05-01,xgboost,tree_shap,npl90_change_1m_pp,0.01262067368541997,-0.0007219670806080103,0.0007219670806080103,,0.04488531872630119,-0.6092257499694824,2.0956213120371103e-07,development
4,2023-05-01,xgboost,tree_shap,npl90_change_3m_pp,-0.0010318574814802695,-0.015486487187445164,0.015486487187445164,,0.04488531872630119,-0.6092257499694824,2.0956213120371103e-07,development
4,2023-05-01,xgboost,tree_shap,npl90_change_12m_pp,1.1392036569339998,0.0058201998472213745,0.0058201998472213745,,0.04488531872630119,-0.6092257499694824,2.0956213120371103e-07,development
4,2023-05-01,xgboost,tree_shap,npl90_rolling_mean_3m,2.75238558723751,-0.35724931955337524,0.35724931955337524,,0.04488531872630119,-0.6092257499694824,2.0956213120371103e-07,development
4,2023-05-01,xgboost,tree_shap,npl90_rolling_mean_6m,2.7050429665681914,-0.2013392448425293,0.2013392448425293,,0.04488531872630119,-0.6092257499694824,2.0956213120371103e-07,development
4,2023-05-01,xgboost,tree_shap,npl90_rolling_mean_12m,2.381664351913859,-0.10106303542852402,0.10106303542852402,,0.04488531872630119,-0.6092257499694824,2.0956213120371103e-07,development
4,2023-05-01,xgboost,tree_shap,imacec_yoy_pct,0.0018844594691369565,9.548095113132149e-05,9.548095113132149e-05,,0.04488531872630119,-0.6092257499694824,2.0956213120371103e-07,development
4,2023-05-01,xgboost,tree_shap,ipc_yoy,8.872233088,0.1083914190530777,0.1083914190530777,,0.04488531872630119,-0.6092257499694824,2.0956213120371103e-07,development
4,2023-05-01,xgboost,tree_shap,unemployment_rate,8.6597088797411,-0.0008268322562798858,0.0008268322562798858,,0.04488531872630119,-0.6092257499694824,2.0956213120371103e-07,development
4,2023-05-01,xgboost,tree_shap,tpm_monthly_average,11.25,0.03190008923411369,0.03190008923411369,,0.04488531872630119,-0.6092257499694824,2.0956213120371103e-07,development
4,2023-05-01,xgboost,tree_shap,tpm_change_3m_pp,0.0,-0.0061765871942043304,0.0061765871942043304,,0.04488531872630119,-0.6092257499694824,2.0956213120371103e-07,development
4,2023-05-01,xgboost,tree_shap,usdclp_yoy_pct,-5.975411230947502,-0.023208294063806534,0.023208294063806534,,0.04488531872630119,-0.6092257499694824,2.0956213120371103e-07,development
4,2023-05-01,xgboost,tree_shap,consumer_lending_rate,28.16,-0.01876859739422798,0.01876859739422798,,0.04488531872630119,-0.6092257499694824,2.0956213120371103e-07,development
4,2023-05-01,xgboost,tree_shap,consumer_lending_rate_change_3m_pp,-1.2100000000000009,-0.007903208956122398,0.007903208956122398,,0.04488531872630119,-0.6092257499694824,2.0956213120371103e-07,development
4,2023-05-01,xgboost,tree_shap,real_consumer_loans_yoy_pct,-1.5513270662737,-0.00434786407276988,0.00434786407276988,,0.04488531872630119,-0.6092257499694824,2.0956213120371103e-07,development
4,2023-05-01,xgboost,tree_shap,real_m1_yoy_pct,-24.207457396312105,0.024856068193912506,0.024856068193912506,,0.04488531872630119,-0.6092257499694824,2.0956213120371103e-07,development
4,2023-05-01,xgboost,tree_shap,month_sin,0.8660254037844387,-0.033662501722574234,0.033662501722574234,,0.04488531872630119,-0.6092257499694824,2.0956213120371103e-07,development
4,2023-05-01,xgboost,tree_shap,month_cos,-0.4999999999999998,-0.0032403217628598213,0.0032403217628598213,,0.04488531872630119,-0.6092257499694824,2.0956213120371103e-07,development
4,2023-06-01,elastic_net,standardized_linear_contribution,npl90_level_t,2.68865763682322,-0.0,0.0,-0.0,0.04299343233061609,-0.003865904155872478,6.938893903907228e-18,development
4,2023-06-01,elastic_net,standardized_linear_contribution,npl90_lag_1m,2.78316245663576,-0.04551071660839237,0.04551071660839237,-0.02162747759028961,0.04299343233061609,-0.003865904155872478,6.938893903907228e-18,development
4,2023-06-01,elastic_net,standardized_linear_contribution,npl90_lag_3m,2.70345252212643,-0.0,0.0,-0.0,0.04299343233061609,-0.003865904155872478,6.938893903907228e-18,development
4,2023-06-01,elastic_net,standardized_linear_contribution,npl90_lag_6m,2.48448811978105,-0.0,0.0,-0.0,0.04299343233061609,-0.003865904155872478,6.938893903907228e-18,development
4,2023-06-01,elastic_net,standardized_linear_contribution,npl90_lag_12m,1.76656241321879,0.0,0.0,-0.0,0.04299343233061609,-0.003865904155872478,6.938893903907228e-18,development
4,2023-06-01,elastic_net,standardized_linear_contribution,npl90_change_1m_pp,-0.09450481981253978,-0.0,0.0,0.0,0.04299343233061609,-0.003865904155872478,6.938893903907228e-18,development
4,2023-06-01,elastic_net,standardized_linear_contribution,npl90_change_3m_pp,-0.014794885303210048,0.0,0.0,-0.0,0.04299343233061609,-0.003865904155872478,6.938893903907228e-18,development
4,2023-06-01,elastic_net,standardized_linear_contribution,npl90_change_12m_pp,0.92209522360443,-0.0,0.0,-0.0,0.04299343233061609,-0.003865904155872478,6.938893903907228e-18,development
4,2023-06-01,elastic_net,standardized_linear_contribution,npl90_rolling_mean_3m,2.7474539588031064,-0.0,0.0,-0.0,0.04299343233061609,-0.003865904155872478,6.938893903907228e-18,development
4,2023-06-01,elastic_net,standardized_linear_contribution,npl90_rolling_mean_6m,2.739071219408553,-0.0,0.0,-0.0,0.04299343233061609,-0.003865904155872478,6.938893903907228e-18,development
4,2023-06-01,elastic_net,standardized_linear_contribution,npl90_rolling_mean_12m,2.458505620547562,-0.14003010080463713,0.14003010080463713,-0.09361263041759584,0.04299343233061609,-0.003865904155872478,6.938893903907228e-18,development
4,2023-06-01,elastic_net,standardized_linear_contribution,imacec_yoy_pct,-0.6499102313281102,-0.008111507041028698,0.008111507041028698,0.016792167455938766,0.04299343233061609,-0.003865904155872478,6.938893903907228e-18,development
4,2023-06-01,elastic_net,standardized_linear_contribution,ipc_yoy,7.400533369,0.0,0.0,0.0,0.04299343233061609,-0.003865904155872478,6.938893903907228e-18,development
4,2023-06-01,elastic_net,standardized_linear_contribution,unemployment_rate,8.5247377029714,-0.0,0.0,-0.0,0.04299343233061609,-0.003865904155872478,6.938893903907228e-18,development
4,2023-06-01,elastic_net,standardized_linear_contribution,tpm_monthly_average,11.25,0.0,0.0,0.0,0.04299343233061609,-0.003865904155872478,6.938893903907228e-18,development
4,2023-06-01,elastic_net,standardized_linear_contribution,tpm_change_3m_pp,0.0,-0.01281960922431525,0.01281960922431525,0.042660578951222786,0.04299343233061609,-0.003865904155872478,6.938893903907228e-18,development
4,2023-06-01,elastic_net,standardized_linear_contribution,usdclp_yoy_pct,-6.749715395569567,0.0,0.0,-0.0,0.04299343233061609,-0.003865904155872478,6.938893903907228e-18,development
4,2023-06-01,elastic_net,standardized_linear_contribution,consumer_lending_rate,28.91,0.0,0.0,0.0,0.04299343233061609,-0.003865904155872478,6.938893903907228e-18,development
4,2023-06-01,elastic_net,standardized_linear_contribution,consumer_lending_rate_change_3m_pp,1.25,0.0,0.0,0.0,0.04299343233061609,-0.003865904155872478,6.938893903907228e-18,development
4,2023-06-01,elastic_net,standardized_linear_contribution,real_consumer_loans_yoy_pct,-1.4352658950939845,-0.0,0.0,0.0,0.04299343233061609,-0.003865904155872478,6.938893903907228e-18,development
4,2023-06-01,elastic_net,standardized_linear_contribution,real_m1_yoy_pct,-21.947462431965626,0.16355468850797122,0.16355468850797122,-0.10153935736821035,0.04299343233061609,-0.003865904155872478,6.938893903907228e-18,development
4,2023-06-01,elastic_net,standardized_linear_contribution,month_sin,0.49999999999999994,-0.003942091316086354,0.003942091316086354,-0.00555995901709877,0.04299343233061609,-0.003865904155872478,6.938893903907228e-18,development
4,2023-06-01,elastic_net,standardized_linear_contribution,month_cos,-0.8660254037844387,-0.0,0.0,0.0,0.04299343233061609,-0.003865904155872478,6.938893903907228e-18,development
4,2023-06-01,random_forest,mean_decrease_impurity,npl90_level_t,2.68865763682322,,0.03747160631415696,0.03747160631415696,,-1.0383678623945527,0.0,development
4,2023-06-01,random_forest,mean_decrease_impurity,npl90_lag_1m,2.78316245663576,,0.018653986527386764,0.018653986527386764,,-1.0383678623945527,0.0,development
4,2023-06-01,random_forest,mean_decrease_impurity,npl90_lag_3m,2.70345252212643,,0.018485537156398585,0.018485537156398585,,-1.0383678623945527,0.0,development
4,2023-06-01,random_forest,mean_decrease_impurity,npl90_lag_6m,2.48448811978105,,0.019951597992405014,0.019951597992405014,,-1.0383678623945527,0.0,development
4,2023-06-01,random_forest,mean_decrease_impurity,npl90_lag_12m,1.76656241321879,,0.040329560408577526,0.040329560408577526,,-1.0383678623945527,0.0,development
4,2023-06-01,random_forest,mean_decrease_impurity,npl90_change_1m_pp,-0.09450481981253978,,0.002758546447048718,0.002758546447048718,,-1.0383678623945527,0.0,development
4,2023-06-01,random_forest,mean_decrease_impurity,npl90_change_3m_pp,-0.014794885303210048,,0.004588944022468142,0.004588944022468142,,-1.0383678623945527,0.0,development
4,2023-06-01,random_forest,mean_decrease_impurity,npl90_change_12m_pp,0.92209522360443,,0.008163476695366077,0.008163476695366077,,-1.0383678623945527,0.0,development
4,2023-06-01,random_forest,mean_decrease_impurity,npl90_rolling_mean_3m,2.7474539588031064,,0.04176890990436285,0.04176890990436285,,-1.0383678623945527,0.0,development
4,2023-06-01,random_forest,mean_decrease_impurity,npl90_rolling_mean_6m,2.739071219408553,,0.38882221071547607,0.38882221071547607,,-1.0383678623945527,0.0,development
4,2023-06-01,random_forest,mean_decrease_impurity,npl90_rolling_mean_12m,2.458505620547562,,0.04015264519783485,0.04015264519783485,,-1.0383678623945527,0.0,development
4,2023-06-01,random_forest,mean_decrease_impurity,imacec_yoy_pct,-0.6499102313281102,,0.018786986380304224,0.018786986380304224,,-1.0383678623945527,0.0,development
4,2023-06-01,random_forest,mean_decrease_impurity,ipc_yoy,7.400533369,,0.05369082905083008,0.05369082905083008,,-1.0383678623945527,0.0,development
4,2023-06-01,random_forest,mean_decrease_impurity,unemployment_rate,8.5247377029714,,0.013114597097079076,0.013114597097079076,,-1.0383678623945527,0.0,development
4,2023-06-01,random_forest,mean_decrease_impurity,tpm_monthly_average,11.25,,0.0012316378586857601,0.0012316378586857601,,-1.0383678623945527,0.0,development
4,2023-06-01,random_forest,mean_decrease_impurity,tpm_change_3m_pp,0.0,,0.23905705479898956,0.23905705479898956,,-1.0383678623945527,0.0,development
4,2023-06-01,random_forest,mean_decrease_impurity,usdclp_yoy_pct,-6.749715395569567,,0.009727402888648455,0.009727402888648455,,-1.0383678623945527,0.0,development
4,2023-06-01,random_forest,mean_decrease_impurity,consumer_lending_rate,28.91,,0.0074719856495107945,0.0074719856495107945,,-1.0383678623945527,0.0,development
4,2023-06-01,random_forest,mean_decrease_impurity,consumer_lending_rate_change_3m_pp,1.25,,0.008081864858140792,0.008081864858140792,,-1.0383678623945527,0.0,development
4,2023-06-01,random_forest,mean_decrease_impurity,real_consumer_loans_yoy_pct,-1.4352658950939845,,0.009290725524295187,0.009290725524295187,,-1.0383678623945527,0.0,development
4,2023-06-01,random_forest,mean_decrease_impurity,real_m1_yoy_pct,-21.947462431965626,,0.0009266220359101125,0.0009266220359101125,,-1.0383678623945527,0.0,development
4,2023-06-01,random_forest,mean_decrease_impurity,month_sin,0.49999999999999994,,0.01601584045085097,0.01601584045085097,,-1.0383678623945527,0.0,development
4,2023-06-01,random_forest,mean_decrease_impurity,month_cos,-0.8660254037844387,,0.001457432025273359,0.001457432025273359,,-1.0383678623945527,0.0,development
4,2023-06-01,xgboost,tree_shap,npl90_level_t,2.68865763682322,-0.05554801598191261,0.05554801598191261,,0.04545263946056366,-0.7448340058326721,2.1071173250675201e-07,development
4,2023-06-01,xgboost,tree_shap,npl90_lag_1m,2.78316245663576,-0.08384689688682556,0.08384689688682556,,0.04545263946056366,-0.7448340058326721,2.1071173250675201e-07,development
4,2023-06-01,xgboost,tree_shap,npl90_lag_3m,2.70345252212643,-0.005407523363828659,0.005407523363828659,,0.04545263946056366,-0.7448340058326721,2.1071173250675201e-07,development
4,2023-06-01,xgboost,tree_shap,npl90_lag_6m,2.48448811978105,-0.0005006282590329647,0.0005006282590329647,,0.04545263946056366,-0.7448340058326721,2.1071173250675201e-07,development
4,2023-06-01,xgboost,tree_shap,npl90_lag_12m,1.76656241321879,0.06179116666316986,0.06179116666316986,,0.04545263946056366,-0.7448340058326721,2.1071173250675201e-07,development
4,2023-06-01,xgboost,tree_shap,npl90_change_1m_pp,-0.09450481981253978,0.020575450733304024,0.020575450733304024,,0.04545263946056366,-0.7448340058326721,2.1071173250675201e-07,development
4,2023-06-01,xgboost,tree_shap,npl90_change_3m_pp,-0.014794885303210048,-0.013435455970466137,0.013435455970466137,,0.04545263946056366,-0.7448340058326721,2.1071173250675201e-07,development
4,2023-06-01,xgboost,tree_shap,npl90_change_12m_pp,0.92209522360443,-0.004796524997800589,0.004796524997800589,,0.04545263946056366,-0.7448340058326721,2.1071173250675201e-07,development
4,2023-06-01,xgboost,tree_shap,npl90_rolling_mean_3m,2.7474539588031064,-0.3192289471626282,0.3192289471626282,,0.04545263946056366,-0.7448340058326721,2.1071173250675201e-07,development
4,2023-06-01,xgboost,tree_shap,npl90_rolling_mean_6m,2.739071219408553,-0.2424657642841339,0.2424657642841339,,0.04545263946056366,-0.7448340058326721,2.1071173250675201e-07,development
4,2023-06-01,xgboost,tree_shap,npl90_rolling_mean_12m,2.458505620547562,-0.12012184411287308,0.12012184411287308,,0.04545263946056366,-0.7448340058326721,2.1071173250675201e-07,development
4,2023-06-01,xgboost,tree_shap,imacec_yoy_pct,-0.6499102313281102,-0.0026228870265185833,0.0026228870265185833,,0.04545263946056366,-0.7448340058326721,2.1071173250675201e-07,development
4,2023-06-01,xgboost,tree_shap,ipc_yoy,7.400533369,0.019742732867598534,0.019742732867598534,,0.04545263946056366,-0.7448340058326721,2.1071173250675201e-07,development
4,2023-06-01,xgboost,tree_shap,unemployment_rate,8.5247377029714,0.0062250737100839615,0.0062250737100839615,,0.04545263946056366,-0.7448340058326721,2.1071173250675201e-07,development
4,2023-06-01,xgboost,tree_shap,tpm_monthly_average,11.25,0.02817697823047638,0.02817697823047638,,0.04545263946056366,-0.7448340058326721,2.1071173250675201e-07,development
4,2023-06-01,xgboost,tree_shap,tpm_change_3m_pp,0.0,-0.040726788341999054,0.040726788341999054,,0.04545263946056366,-0.7448340058326721,2.1071173250675201e-07,development
4,2023-06-01,xgboost,tree_shap,usdclp_yoy_pct,-6.749715395569567,-0.02406628243625164,0.02406628243625164,,0.04545263946056366,-0.7448340058326721,2.1071173250675201e-07,development
4,2023-06-01,xgboost,tree_shap,consumer_lending_rate,28.91,-0.012900222092866898,0.012900222092866898,,0.04545263946056366,-0.7448340058326721,2.1071173250675201e-07,development
4,2023-06-01,xgboost,tree_shap,consumer_lending_rate_change_3m_pp,1.25,-0.0024050085339695215,0.0024050085339695215,,0.04545263946056366,-0.7448340058326721,2.1071173250675201e-07,development
4,2023-06-01,xgboost,tree_shap,real_consumer_loans_yoy_pct,-1.4352658950939845,-0.007963189855217934,0.007963189855217934,,0.04545263946056366,-0.7448340058326721,2.1071173250675201e-07,development
4,2023-06-01,xgboost,tree_shap,real_m1_yoy_pct,-21.947462431965626,0.027295749634504318,0.027295749634504318,,0.04545263946056366,-0.7448340058326721,2.1071173250675201e-07,development
4,2023-06-01,xgboost,tree_shap,month_sin,0.49999999999999994,-0.023272201418876648,0.023272201418876648,,0.04545263946056366,-0.7448340058326721,2.1071173250675201e-07,development
4,2023-06-01,xgboost,tree_shap,month_cos,-0.8660254037844387,0.005214594304561615,0.005214594304561615,,0.04545263946056366,-0.7448340058326721,2.1071173250675201e-07,development
4,2023-07-01,elastic_net,standardized_linear_contribution,npl90_level_t,2.746290349242,-0.0,0.0,-0.0,0.0429816251002272,-0.0460434085000027,1.3877787807814457e-17,development
4,2023-07-01,elastic_net,standardized_linear_contribution,npl90_lag_1m,2.68865763682322,-0.018666205440379724,0.018666205440379724,-0.01015856637362361,0.0429816251002272,-0.0460434085000027,1.3877787807814457e-17,development
4,2023-07-01,elastic_net,standardized_linear_contribution,npl90_lag_3m,2.77054178295034,-0.0,0.0,-0.0,0.0429816251002272,-0.0460434085000027,1.3877787807814457e-17,development
4,2023-07-01,elastic_net,standardized_linear_contribution,npl90_lag_6m,2.70441860379833,-0.0,0.0,-0.0,0.0429816251002272,-0.0460434085000027,1.3877787807814457e-17,development
4,2023-07-01,elastic_net,standardized_linear_contribution,npl90_lag_12m,1.88670825590073,0.0,0.0,-0.0,0.0429816251002272,-0.0460434085000027,1.3877787807814457e-17,development
4,2023-07-01,elastic_net,standardized_linear_contribution,npl90_change_1m_pp,0.057632712418779874,0.0,0.0,0.0,0.0429816251002272,-0.0460434085000027,1.3877787807814457e-17,development
4,2023-07-01,elastic_net,standardized_linear_contribution,npl90_change_3m_pp,-0.02425143370833993,0.0,0.0,-0.0,0.0429816251002272,-0.0460434085000027,1.3877787807814457e-17,development
4,2023-07-01,elastic_net,standardized_linear_contribution,npl90_change_12m_pp,0.8595820933412699,-0.0,0.0,-0.0,0.0429816251002272,-0.0460434085000027,1.3877787807814457e-17,development
4,2023-07-01,elastic_net,standardized_linear_contribution,npl90_rolling_mean_3m,2.739370147566993,-0.0,0.0,-0.0,0.0429816251002272,-0.0460434085000027,1.3877787807814457e-17,development
4,2023-07-01,elastic_net,standardized_linear_contribution,npl90_rolling_mean_6m,2.7460498436491654,-0.0,0.0,-0.0,0.0429816251002272,-0.0460434085000027,1.3877787807814457e-17,development
4,2023-07-01,elastic_net,standardized_linear_contribution,npl90_rolling_mean_12m,2.530137461659334,-0.1716476648645434,0.1716476648645434,-0.09923423939937712,0.0429816251002272,-0.0460434085000027,1.3877787807814457e-17,development
4,2023-07-01,elastic_net,standardized_linear_contribution,imacec_yoy_pct,0.16457330123369474,-0.006660362850619,0.006660362850619,0.01949259172513224,0.0429816251002272,-0.0460434085000027,1.3877787807814457e-17,development
4,2023-07-01,elastic_net,standardized_linear_contribution,ipc_yoy,6.070659613,0.0,0.0,0.0,0.0429816251002272,-0.0460434085000027,1.3877787807814457e-17,development
4,2023-07-01,elastic_net,standardized_linear_contribution,unemployment_rate,8.5275846527762,-0.0004506104539254186,0.0004506104539254186,-0.0009239915089383289,0.0429816251002272,-0.0460434085000027,1.3877787807814457e-17,development
4,2023-07-01,elastic_net,standardized_linear_contribution,tpm_monthly_average,11.2,0.0,0.0,0.0,0.0429816251002272,-0.0460434085000027,1.3877787807814457e-17,development
4,2023-07-01,elastic_net,standardized_linear_contribution,tpm_change_3m_pp,-0.05000000000000071,-0.017693395021481116,0.017693395021481116,0.049301956796894586,0.0429816251002272,-0.0460434085000027,1.3877787807814457e-17,development
4,2023-07-01,elastic_net,standardized_linear_contribution,usdclp_yoy_pct,-14.711978282220317,0.0,0.0,-0.0,0.0429816251002272,-0.0460434085000027,1.3877787807814457e-17,development
4,2023-07-01,elastic_net,standardized_linear_contribution,consumer_lending_rate,29.1,0.0,0.0,0.0,0.0429816251002272,-0.0460434085000027,1.3877787807814457e-17,development
4,2023-07-01,elastic_net,standardized_linear_contribution,consumer_lending_rate_change_3m_pp,0.26000000000000156,0.0,0.0,0.0,0.0429816251002272,-0.0460434085000027,1.3877787807814457e-17,development
4,2023-07-01,elastic_net,standardized_linear_contribution,real_consumer_loans_yoy_pct,-0.5316563499988991,0.0,0.0,0.0,0.0429816251002272,-0.0460434085000027,1.3877787807814457e-17,development
4,2023-07-01,elastic_net,standardized_linear_contribution,real_m1_yoy_pct,-19.168024762902782,0.12613851878045793,0.12613851878045793,-0.0885729548541632,0.0429816251002272,-0.0460434085000027,1.3877787807814457e-17,development
4,2023-07-01,elastic_net,standardized_linear_contribution,month_sin,1.2246467991473532e-16,-4.531374973918517e-05,4.531374973918517e-05,-0.006103746951625626,0.0429816251002272,-0.0460434085000027,1.3877787807814457e-17,development
4,2023-07-01,elastic_net,standardized_linear_contribution,month_cos,-1.0,-0.0,0.0,0.0,0.0429816251002272,-0.0460434085000027,1.3877787807814457e-17,development
4,2023-07-01,random_forest,mean_decrease_impurity,npl90_level_t,2.746290349242,,0.018090470859670513,0.018090470859670513,,-1.067600211889817,0.0,development
4,2023-07-01,random_forest,mean_decrease_impurity,npl90_lag_1m,2.68865763682322,,0.015724913017502076,0.015724913017502076,,-1.067600211889817,0.0,development
4,2023-07-01,random_forest,mean_decrease_impurity,npl90_lag_3m,2.77054178295034,,0.017185049870473233,0.017185049870473233,,-1.067600211889817,0.0,development
4,2023-07-01,random_forest,mean_decrease_impurity,npl90_lag_6m,2.70441860379833,,0.020074910375073755,0.020074910375073755,,-1.067600211889817,0.0,development
4,2023-07-01,random_forest,mean_decrease_impurity,npl90_lag_12m,1.88670825590073,,0.03596290501699316,0.03596290501699316,,-1.067600211889817,0.0,development
4,2023-07-01,random_forest,mean_decrease_impurity,npl90_change_1m_pp,0.057632712418779874,,0.0029622189714545977,0.0029622189714545977,,-1.067600211889817,0.0,development
4,2023-07-01,random_forest,mean_decrease_impurity,npl90_change_3m_pp,-0.02425143370833993,,0.004643967849283678,0.004643967849283678,,-1.067600211889817,0.0,development
4,2023-07-01,random_forest,mean_decrease_impurity,npl90_change_12m_pp,0.8595820933412699,,0.008721033175247053,0.008721033175247053,,-1.067600211889817,0.0,development
4,2023-07-01,random_forest,mean_decrease_impurity,npl90_rolling_mean_3m,2.739370147566993,,0.047021949902602285,0.047021949902602285,,-1.067600211889817,0.0,development
4,2023-07-01,random_forest,mean_decrease_impurity,npl90_rolling_mean_6m,2.7460498436491654,,0.39833987048635766,0.39833987048635766,,-1.067600211889817,0.0,development
4,2023-07-01,random_forest,mean_decrease_impurity,npl90_rolling_mean_12m,2.530137461659334,,0.04573898617831069,0.04573898617831069,,-1.067600211889817,0.0,development
4,2023-07-01,random_forest,mean_decrease_impurity,imacec_yoy_pct,0.16457330123369474,,0.01801136974341014,0.01801136974341014,,-1.067600211889817,0.0,development
4,2023-07-01,random_forest,mean_decrease_impurity,ipc_yoy,6.070659613,,0.017511715244031813,0.017511715244031813,,-1.067600211889817,0.0,development
4,2023-07-01,random_forest,mean_decrease_impurity,unemployment_rate,8.5275846527762,,0.013194850500017077,0.013194850500017077,,-1.067600211889817,0.0,development
4,2023-07-01,random_forest,mean_decrease_impurity,tpm_monthly_average,11.2,,0.0014510253469896192,0.0014510253469896192,,-1.067600211889817,0.0,development
4,2023-07-01,random_forest,mean_decrease_impurity,tpm_change_3m_pp,-0.05000000000000071,,0.2800352543660345,0.2800352543660345,,-1.067600211889817,0.0,development
4,2023-07-01,random_forest,mean_decrease_impurity,usdclp_yoy_pct,-14.711978282220317,,0.009914641014805605,0.009914641014805605,,-1.067600211889817,0.0,development
4,2023-07-01,random_forest,mean_decrease_impurity,consumer_lending_rate,29.1,,0.008958661282418283,0.008958661282418283,,-1.067600211889817,0.0,development
4,2023-07-01,random_forest,mean_decrease_impurity,consumer_lending_rate_change_3m_pp,0.26000000000000156,,0.009338210236193295,0.009338210236193295,,-1.067600211889817,0.0,development
4,2023-07-01,random_forest,mean_decrease_impurity,real_consumer_loans_yoy_pct,-0.5316563499988991,,0.009230279020981514,0.009230279020981514,,-1.067600211889817,0.0,development
4,2023-07-01,random_forest,mean_decrease_impurity,real_m1_yoy_pct,-19.168024762902782,,0.00081534595300827,0.00081534595300827,,-1.067600211889817,0.0,development
4,2023-07-01,random_forest,mean_decrease_impurity,month_sin,1.2246467991473532e-16,,0.015638248382332534,0.015638248382332534,,-1.067600211889817,0.0,development
4,2023-07-01,random_forest,mean_decrease_impurity,month_cos,-1.0,,0.0014341232068087906,0.0014341232068087906,,-1.067600211889817,0.0,development
4,2023-07-01,xgboost,tree_shap,npl90_level_t,2.746290349242,-0.06782563030719757,0.06782563030719757,,0.04741441085934639,-0.8348253965377808,3.6263372749090195e-08,development
4,2023-07-01,xgboost,tree_shap,npl90_lag_1m,2.68865763682322,-0.09432019293308258,0.09432019293308258,,0.04741441085934639,-0.8348253965377808,3.6263372749090195e-08,development
4,2023-07-01,xgboost,tree_shap,npl90_lag_3m,2.77054178295034,-0.038042325526475906,0.038042325526475906,,0.04741441085934639,-0.8348253965377808,3.6263372749090195e-08,development
4,2023-07-01,xgboost,tree_shap,npl90_lag_6m,2.70441860379833,-0.004604157991707325,0.004604157991707325,,0.04741441085934639,-0.8348253965377808,3.6263372749090195e-08,development
4,2023-07-01,xgboost,tree_shap,npl90_lag_12m,1.88670825590073,0.043879542499780655,0.043879542499780655,,0.04741441085934639,-0.8348253965377808,3.6263372749090195e-08,development
4,2023-07-01,xgboost,tree_shap,npl90_change_1m_pp,0.057632712418779874,-0.006470946129411459,0.006470946129411459,,0.04741441085934639,-0.8348253965377808,3.6263372749090195e-08,development
4,2023-07-01,xgboost,tree_shap,npl90_change_3m_pp,-0.02425143370833993,-0.0057388790883123875,0.0057388790883123875,,0.04741441085934639,-0.8348253965377808,3.6263372749090195e-08,development
4,2023-07-01,xgboost,tree_shap,npl90_change_12m_pp,0.8595820933412699,0.004833947867155075,0.004833947867155075,,0.04741441085934639,-0.8348253965377808,3.6263372749090195e-08,development
4,2023-07-01,xgboost,tree_shap,npl90_rolling_mean_3m,2.739370147566993,-0.2917301058769226,0.2917301058769226,,0.04741441085934639,-0.8348253965377808,3.6263372749090195e-08,development
4,2023-07-01,xgboost,tree_shap,npl90_rolling_mean_6m,2.7460498436491654,-0.24131019413471222,0.24131019413471222,,0.04741441085934639,-0.8348253965377808,3.6263372749090195e-08,development
4,2023-07-01,xgboost,tree_shap,npl90_rolling_mean_12m,2.530137461659334,-0.12922745943069458,0.12922745943069458,,0.04741441085934639,-0.8348253965377808,3.6263372749090195e-08,development
4,2023-07-01,xgboost,tree_shap,imacec_yoy_pct,0.16457330123369474,0.0015878906706348062,0.0015878906706348062,,0.04741441085934639,-0.8348253965377808,3.6263372749090195e-08,development
4,2023-07-01,xgboost,tree_shap,ipc_yoy,6.070659613,-0.00457806047052145,0.00457806047052145,,0.04741441085934639,-0.8348253965377808,3.6263372749090195e-08,development
4,2023-07-01,xgboost,tree_shap,unemployment_rate,8.5275846527762,0.006874779239296913,0.006874779239296913,,0.04741441085934639,-0.8348253965377808,3.6263372749090195e-08,development
4,2023-07-01,xgboost,tree_shap,tpm_monthly_average,11.2,0.02137751504778862,0.02137751504778862,,0.04741441085934639,-0.8348253965377808,3.6263372749090195e-08,development
4,2023-07-01,xgboost,tree_shap,tpm_change_3m_pp,-0.05000000000000071,-0.039220456033945084,0.039220456033945084,,0.04741441085934639,-0.8348253965377808,3.6263372749090195e-08,development
4,2023-07-01,xgboost,tree_shap,usdclp_yoy_pct,-14.711978282220317,-0.02030881680548191,0.02030881680548191,,0.04741441085934639,-0.8348253965377808,3.6263372749090195e-08,development
4,2023-07-01,xgboost,tree_shap,consumer_lending_rate,29.1,-0.013166803866624832,0.013166803866624832,,0.04741441085934639,-0.8348253965377808,3.6263372749090195e-08,development
4,2023-07-01,xgboost,tree_shap,consumer_lending_rate_change_3m_pp,0.26000000000000156,-0.0014017561916261911,0.0014017561916261911,,0.04741441085934639,-0.8348253965377808,3.6263372749090195e-08,development
4,2023-07-01,xgboost,tree_shap,real_consumer_loans_yoy_pct,-0.5316563499988991,-0.015187801793217659,0.015187801793217659,,0.04741441085934639,-0.8348253965377808,3.6263372749090195e-08,development
4,2023-07-01,xgboost,tree_shap,real_m1_yoy_pct,-19.168024762902782,0.020377352833747864,0.020377352833747864,,0.04741441085934639,-0.8348253965377808,3.6263372749090195e-08,development
4,2023-07-01,xgboost,tree_shap,month_sin,1.2246467991473532e-16,-0.008940722793340683,0.008940722793340683,,0.04741441085934639,-0.8348253965377808,3.6263372749090195e-08,development
4,2023-07-01,xgboost,tree_shap,month_cos,-1.0,0.0009034375543706119,0.0009034375543706119,,0.04741441085934639,-0.8348253965377808,3.6263372749090195e-08,development
4,2023-08-01,elastic_net,standardized_linear_contribution,npl90_level_t,2.69908619365837,-0.0,0.0,-0.0,0.04164735691731995,-0.19653362209561814,0.0,development
4,2023-08-01,elastic_net,standardized_linear_contribution,npl90_lag_1m,2.746290349242,-0.0,0.0,-0.0,0.04164735691731995,-0.19653362209561814,0.0,development
4,2023-08-01,elastic_net,standardized_linear_contribution,npl90_lag_3m,2.78316245663576,-0.0,0.0,-0.0,0.04164735691731995,-0.19653362209561814,0.0,development
4,2023-08-01,elastic_net,standardized_linear_contribution,npl90_lag_6m,2.78419431411724,-0.0,0.0,-0.0,0.04164735691731995,-0.19653362209561814,0.0,development
4,2023-08-01,elastic_net,standardized_linear_contribution,npl90_lag_12m,2.00434737863352,-0.0,0.0,-0.0,0.04164735691731995,-0.19653362209561814,0.0,development
4,2023-08-01,elastic_net,standardized_linear_contribution,npl90_change_1m_pp,-0.04720415558362978,-0.0,0.0,0.0,0.04164735691731995,-0.19653362209561814,0.0,development
4,2023-08-01,elastic_net,standardized_linear_contribution,npl90_change_3m_pp,-0.08407626297738968,0.0,0.0,-0.0,0.04164735691731995,-0.19653362209561814,0.0,development
4,2023-08-01,elastic_net,standardized_linear_contribution,npl90_change_12m_pp,0.6947388150248499,-0.0,0.0,-0.0,0.04164735691731995,-0.19653362209561814,0.0,development
4,2023-08-01,elastic_net,standardized_linear_contribution,npl90_rolling_mean_3m,2.7113447265745303,-0.0,0.0,-0.0,0.04164735691731995,-0.19653362209561814,0.0,development
4,2023-08-01,elastic_net,standardized_linear_contribution,npl90_rolling_mean_6m,2.7318651569060197,-0.0,0.0,-0.0,0.04164735691731995,-0.19653362209561814,0.0,development
4,2023-08-01,elastic_net,standardized_linear_contribution,npl90_rolling_mean_12m,2.588032362911405,-0.22292048970123768,0.22292048970123768,-0.11623119942562242,0.04164735691731995,-0.19653362209561814,0.0,development
4,2023-08-01,elastic_net,standardized_linear_contribution,imacec_yoy_pct,2.998068885372107,0.0011925369476826085,0.0011925369476826085,0.008911222478509711,0.04164735691731995,-0.19653362209561814,0.0,development
4,2023-08-01,elastic_net,standardized_linear_contribution,ipc_yoy,4.925131055,0.0,0.0,0.0,0.04164735691731995,-0.19653362209561814,0.0,development
4,2023-08-01,elastic_net,standardized_linear_contribution,unemployment_rate,8.7722140467169,-0.012426967375689933,0.012426967375689933,-0.019233111544300352,0.04164735691731995,-0.19653362209561814,0.0,development
4,2023-08-01,elastic_net,standardized_linear_contribution,tpm_monthly_average,10.25,0.0,0.0,0.0,0.04164735691731995,-0.19653362209561814,0.0,development
4,2023-08-01,elastic_net,standardized_linear_contribution,tpm_change_3m_pp,-1.0,-0.08265816501688306,0.08265816501688306,0.05659165538858463,0.04164735691731995,-0.19653362209561814,0.0,development
4,2023-08-01,elastic_net,standardized_linear_contribution,usdclp_yoy_pct,-5.384265483834572,0.0,0.0,-0.0,0.04164735691731995,-0.19653362209561814,0.0,development
4,2023-08-01,elastic_net,standardized_linear_contribution,consumer_lending_rate,28.48,0.0,0.0,0.0,0.04164735691731995,-0.19653362209561814,0.0,development
4,2023-08-01,elastic_net,standardized_linear_contribution,consumer_lending_rate_change_3m_pp,0.3200000000000003,0.0,0.0,0.0,0.04164735691731995,-0.19653362209561814,0.0,development
4,2023-08-01,elastic_net,standardized_linear_contribution,real_consumer_loans_yoy_pct,0.21768382966416144,0.0,0.0,0.0,0.04164735691731995,-0.19653362209561814,0.0,development
4,2023-08-01,elastic_net,standardized_linear_contribution,real_m1_yoy_pct,-15.375027740566605,0.07157162995982981,0.07157162995982981,-0.05952013920689925,0.04164735691731995,-0.19653362209561814,0.0,development
4,2023-08-01,elastic_net,standardized_linear_contribution,month_sin,-0.4999999999999997,0.007060476173360146,0.007060476173360146,-0.009985021161178016,0.04164735691731995,-0.19653362209561814,0.0,development
4,2023-08-01,elastic_net,standardized_linear_contribution,month_cos,-0.8660254037844388,-0.0,0.0,0.0,0.04164735691731995,-0.19653362209561814,0.0,development
4,2023-08-01,random_forest,mean_decrease_impurity,npl90_level_t,2.69908619365837,,0.009791479323855988,0.009791479323855988,,-1.0525810612710513,0.0,development
4,2023-08-01,random_forest,mean_decrease_impurity,npl90_lag_1m,2.746290349242,,0.004049138688610678,0.004049138688610678,,-1.0525810612710513,0.0,development
4,2023-08-01,random_forest,mean_decrease_impurity,npl90_lag_3m,2.78316245663576,,0.0223834206534616,0.0223834206534616,,-1.0525810612710513,0.0,development
4,2023-08-01,random_forest,mean_decrease_impurity,npl90_lag_6m,2.78419431411724,,0.022722546901327342,0.022722546901327342,,-1.0525810612710513,0.0,development
4,2023-08-01,random_forest,mean_decrease_impurity,npl90_lag_12m,2.00434737863352,,0.03208878755478424,0.03208878755478424,,-1.0525810612710513,0.0,development
4,2023-08-01,random_forest,mean_decrease_impurity,npl90_change_1m_pp,-0.04720415558362978,,0.0023634574586983256,0.0023634574586983256,,-1.0525810612710513,0.0,development
4,2023-08-01,random_forest,mean_decrease_impurity,npl90_change_3m_pp,-0.08407626297738968,,0.004755820820624647,0.004755820820624647,,-1.0525810612710513,0.0,development
4,2023-08-01,random_forest,mean_decrease_impurity,npl90_change_12m_pp,0.6947388150248499,,0.008751807466537672,0.008751807466537672,,-1.0525810612710513,0.0,development
4,2023-08-01,random_forest,mean_decrease_impurity,npl90_rolling_mean_3m,2.7113447265745303,,0.02375303667374429,0.02375303667374429,,-1.0525810612710513,0.0,development
4,2023-08-01,random_forest,mean_decrease_impurity,npl90_rolling_mean_6m,2.7318651569060197,,0.419647090746158,0.419647090746158,,-1.0525810612710513,0.0,development
4,2023-08-01,random_forest,mean_decrease_impurity,npl90_rolling_mean_12m,2.588032362911405,,0.06105855216772119,0.06105855216772119,,-1.0525810612710513,0.0,development
4,2023-08-01,random_forest,mean_decrease_impurity,imacec_yoy_pct,2.998068885372107,,0.018276848692350547,0.018276848692350547,,-1.0525810612710513,0.0,development
4,2023-08-01,random_forest,mean_decrease_impurity,ipc_yoy,4.925131055,,0.006376171259466992,0.006376171259466992,,-1.0525810612710513,0.0,development
4,2023-08-01,random_forest,mean_decrease_impurity,unemployment_rate,8.7722140467169,,0.01108264872119046,0.01108264872119046,,-1.0525810612710513,0.0,development
4,2023-08-01,random_forest,mean_decrease_impurity,tpm_monthly_average,10.25,,0.0011962551711402754,0.0011962551711402754,,-1.0525810612710513,0.0,development
4,2023-08-01,random_forest,mean_decrease_impurity,tpm_change_3m_pp,-1.0,,0.29643493969949264,0.29643493969949264,,-1.0525810612710513,0.0,development
4,2023-08-01,random_forest,mean_decrease_impurity,usdclp_yoy_pct,-5.384265483834572,,0.009493766695715953,0.009493766695715953,,-1.0525810612710513,0.0,development
4,2023-08-01,random_forest,mean_decrease_impurity,consumer_lending_rate,28.48,,0.010640092916762324,0.010640092916762324,,-1.0525810612710513,0.0,development
4,2023-08-01,random_forest,mean_decrease_impurity,consumer_lending_rate_change_3m_pp,0.3200000000000003,,0.003585748230010165,0.003585748230010165,,-1.0525810612710513,0.0,development
4,2023-08-01,random_forest,mean_decrease_impurity,real_consumer_loans_yoy_pct,0.21768382966416144,,0.01110000096907055,0.01110000096907055,,-1.0525810612710513,0.0,development
4,2023-08-01,random_forest,mean_decrease_impurity,real_m1_yoy_pct,-15.375027740566605,,0.00137461467422291,0.00137461467422291,,-1.0525810612710513,0.0,development
4,2023-08-01,random_forest,mean_decrease_impurity,month_sin,-0.4999999999999997,,0.017499601878485628,0.017499601878485628,,-1.0525810612710513,0.0,development
4,2023-08-01,random_forest,mean_decrease_impurity,month_cos,-0.8660254037844388,,0.0015741726365674363,0.0015741726365674363,,-1.0525810612710513,0.0,development
4,2023-08-01,xgboost,tree_shap,npl90_level_t,2.69908619365837,-0.07689694315195084,0.07689694315195084,,0.041735630482435226,-0.7117350697517395,2.7706846594810486e-08,development
4,2023-08-01,xgboost,tree_shap,npl90_lag_1m,2.746290349242,-0.04879811778664589,0.04879811778664589,,0.041735630482435226,-0.7117350697517395,2.7706846594810486e-08,development
4,2023-08-01,xgboost,tree_shap,npl90_lag_3m,2.78316245663576,-0.07538706064224243,0.07538706064224243,,0.041735630482435226,-0.7117350697517395,2.7706846594810486e-08,development
4,2023-08-01,xgboost,tree_shap,npl90_lag_6m,2.78419431411724,0.0006984742358326912,0.0006984742358326912,,0.041735630482435226,-0.7117350697517395,2.7706846594810486e-08,development
4,2023-08-01,xgboost,tree_shap,npl90_lag_12m,2.00434737863352,0.05104638263583183,0.05104638263583183,,0.041735630482435226,-0.7117350697517395,2.7706846594810486e-08,development
4,2023-08-01,xgboost,tree_shap,npl90_change_1m_pp,-0.04720415558362978,0.004345135763287544,0.004345135763287544,,0.041735630482435226,-0.7117350697517395,2.7706846594810486e-08,development
4,2023-08-01,xgboost,tree_shap,npl90_change_3m_pp,-0.08407626297738968,-0.01269100233912468,0.01269100233912468,,0.041735630482435226,-0.7117350697517395,2.7706846594810486e-08,development
4,2023-08-01,xgboost,tree_shap,npl90_change_12m_pp,0.6947388150248499,0.004946326836943626,0.004946326836943626,,0.041735630482435226,-0.7117350697517395,2.7706846594810486e-08,development
4,2023-08-01,xgboost,tree_shap,npl90_rolling_mean_3m,2.7113447265745303,-0.04453622177243233,0.04453622177243233,,0.041735630482435226,-0.7117350697517395,2.7706846594810486e-08,development
4,2023-08-01,xgboost,tree_shap,npl90_rolling_mean_6m,2.7318651569060197,-0.513521671295166,0.513521671295166,,0.041735630482435226,-0.7117350697517395,2.7706846594810486e-08,development
4,2023-08-01,xgboost,tree_shap,npl90_rolling_mean_12m,2.588032362911405,-0.0597027949988842,0.0597027949988842,,0.041735630482435226,-0.7117350697517395,2.7706846594810486e-08,development
4,2023-08-01,xgboost,tree_shap,imacec_yoy_pct,2.998068885372107,0.004094336647540331,0.004094336647540331,,0.041735630482435226,-0.7117350697517395,2.7706846594810486e-08,development
4,2023-08-01,xgboost,tree_shap,ipc_yoy,4.925131055,-0.0020098956301808357,0.0020098956301808357,,0.041735630482435226,-0.7117350697517395,2.7706846594810486e-08,development
4,2023-08-01,xgboost,tree_shap,unemployment_rate,8.7722140467169,0.020128292962908745,0.020128292962908745,,0.041735630482435226,-0.7117350697517395,2.7706846594810486e-08,development
4,2023-08-01,xgboost,tree_shap,tpm_monthly_average,10.25,0.03335648775100708,0.03335648775100708,,0.041735630482435226,-0.7117350697517395,2.7706846594810486e-08,development
4,2023-08-01,xgboost,tree_shap,tpm_change_3m_pp,-1.0,-0.06783556938171387,0.06783556938171387,,0.041735630482435226,-0.7117350697517395,2.7706846594810486e-08,development
4,2023-08-01,xgboost,tree_shap,usdclp_yoy_pct,-5.384265483834572,-0.01462609600275755,0.01462609600275755,,0.041735630482435226,-0.7117350697517395,2.7706846594810486e-08,development
4,2023-08-01,xgboost,tree_shap,consumer_lending_rate,28.48,-0.012007770128548145,0.012007770128548145,,0.041735630482435226,-0.7117350697517395,2.7706846594810486e-08,development
4,2023-08-01,xgboost,tree_shap,consumer_lending_rate_change_3m_pp,0.3200000000000003,0.0007330297958105803,0.0007330297958105803,,0.041735630482435226,-0.7117350697517395,2.7706846594810486e-08,development
4,2023-08-01,xgboost,tree_shap,real_consumer_loans_yoy_pct,0.21768382966416144,-0.014969659969210625,0.014969659969210625,,0.041735630482435226,-0.7117350697517395,2.7706846594810486e-08,development
4,2023-08-01,xgboost,tree_shap,real_m1_yoy_pct,-15.375027740566605,0.022994667291641235,0.022994667291641235,,0.041735630482435226,-0.7117350697517395,2.7706846594810486e-08,development
4,2023-08-01,xgboost,tree_shap,month_sin,-0.4999999999999997,0.03940575569868088,0.03940575569868088,,0.041735630482435226,-0.7117350697517395,2.7706846594810486e-08,development
4,2023-08-01,xgboost,tree_shap,month_cos,-0.8660254037844388,0.007763185538351536,0.007763185538351536,,0.041735630482435226,-0.7117350697517395,2.7706846594810486e-08,development
4,2023-09-01,elastic_net,standardized_linear_contribution,npl90_level_t,2.75993743746563,-0.0,0.0,-0.0,0.04180032143713318,-0.27732790530214346,5.551115123125783e-17,development
4,2023-09-01,elastic_net,standardized_linear_contribution,npl90_lag_1m,2.69908619365837,-0.0,0.0,-0.0,0.04180032143713318,-0.27732790530214346,5.551115123125783e-17,development
4,2023-09-01,elastic_net,standardized_linear_contribution,npl90_lag_3m,2.68865763682322,-0.0,0.0,-0.0,0.04180032143713318,-0.27732790530214346,5.551115123125783e-17,development
4,2023-09-01,elastic_net,standardized_linear_contribution,npl90_lag_6m,2.70345252212643,-0.0,0.0,-0.0,0.04180032143713318,-0.27732790530214346,5.551115123125783e-17,development
4,2023-09-01,elastic_net,standardized_linear_contribution,npl90_lag_12m,1.99441337560216,-0.0,0.0,-0.0,0.04180032143713318,-0.27732790530214346,5.551115123125783e-17,development
4,2023-09-01,elastic_net,standardized_linear_contribution,npl90_change_1m_pp,0.0608512438072597,0.0,0.0,0.0,0.04180032143713318,-0.27732790530214346,5.551115123125783e-17,development
4,2023-09-01,elastic_net,standardized_linear_contribution,npl90_change_3m_pp,0.0712798006424098,-0.0,0.0,-0.0,0.04180032143713318,-0.27732790530214346,5.551115123125783e-17,development
4,2023-09-01,elastic_net,standardized_linear_contribution,npl90_change_12m_pp,0.7655240618634698,-0.0,0.0,-0.0,0.04180032143713318,-0.27732790530214346,5.551115123125783e-17,development
4,2023-09-01,elastic_net,standardized_linear_contribution,npl90_rolling_mean_3m,2.735104660122,-0.0,0.0,-0.0,0.04180032143713318,-0.27732790530214346,5.551115123125783e-17,development
4,2023-09-01,elastic_net,standardized_linear_contribution,npl90_rolling_mean_6m,2.7412793094625534,-0.0,0.0,-0.0,0.04180032143713318,-0.27732790530214346,5.551115123125783e-17,development
4,2023-09-01,elastic_net,standardized_linear_contribution,npl90_rolling_mean_12m,2.651826034733361,-0.24613383272899425,0.24613383272899425,-0.11613611134925073,0.04180032143713318,-0.27732790530214346,5.551115123125783e-17,development
4,2023-09-01,elastic_net,standardized_linear_contribution,imacec_yoy_pct,0.5200481506699717,-0.002039718104072413,0.002039718104072413,0.007329757430331695,0.04180032143713318,-0.27732790530214346,5.551115123125783e-17,development
4,2023-09-01,elastic_net,standardized_linear_contribution,ipc_yoy,4.686963759,0.0,0.0,0.0,0.04180032143713318,-0.27732790530214346,5.551115123125783e-17,development
4,2023-09-01,elastic_net,standardized_linear_contribution,unemployment_rate,8.9956512830772,-0.016398178997889524,0.016398178997889524,-0.020764051030179073,0.04180032143713318,-0.27732790530214346,5.551115123125783e-17,development
4,2023-09-01,elastic_net,standardized_linear_contribution,tpm_monthly_average,9.62,0.0,0.0,0.0,0.04180032143713318,-0.27732790530214346,5.551115123125783e-17,development
4,2023-09-01,elastic_net,standardized_linear_contribution,tpm_change_3m_pp,-1.6300000000000008,-0.12652521127779212,0.12652521127779212,0.05752583547006423,0.04180032143713318,-0.27732790530214346,5.551115123125783e-17,development
4,2023-09-01,elastic_net,standardized_linear_contribution,usdclp_yoy_pct,-3.9743233132709666,0.0,0.0,-0.0,0.04180032143713318,-0.27732790530214346,5.551115123125783e-17,development
4,2023-09-01,elastic_net,standardized_linear_contribution,consumer_lending_rate,28.98,0.0,0.0,0.0,0.04180032143713318,-0.27732790530214346,5.551115123125783e-17,development
4,2023-09-01,elastic_net,standardized_linear_contribution,consumer_lending_rate_change_3m_pp,0.07000000000000028,-0.0,0.0,0.0,0.04180032143713318,-0.27732790530214346,5.551115123125783e-17,development
4,2023-09-01,elastic_net,standardized_linear_contribution,real_consumer_loans_yoy_pct,0.2846641737051625,0.0,0.0,0.0,0.04180032143713318,-0.27732790530214346,5.551115123125783e-17,development
4,2023-09-01,elastic_net,standardized_linear_contribution,real_m1_yoy_pct,-13.327644250360782,0.06115320251084162,0.06115320251084162,-0.05698059324802193,0.04180032143713318,-0.27732790530214346,5.551115123125783e-17,development
4,2023-09-01,elastic_net,standardized_linear_contribution,month_sin,-0.8660254037844385,0.010815511858630077,0.010815511858630077,-0.008762521657475158,0.04180032143713318,-0.27732790530214346,5.551115123125783e-17,development
4,2023-09-01,elastic_net,standardized_linear_contribution,month_cos,-0.5000000000000004,-0.0,0.0,0.0,0.04180032143713318,-0.27732790530214346,5.551115123125783e-17,development
4,2023-09-01,random_forest,mean_decrease_impurity,npl90_level_t,2.75993743746563,,0.005960059024293641,0.005960059024293641,,-0.807767214372212,0.0,development
4,2023-09-01,random_forest,mean_decrease_impurity,npl90_lag_1m,2.69908619365837,,0.004258646379719584,0.004258646379719584,,-0.807767214372212,0.0,development
4,2023-09-01,random_forest,mean_decrease_impurity,npl90_lag_3m,2.68865763682322,,0.01372781549537409,0.01372781549537409,,-0.807767214372212,0.0,development
4,2023-09-01,random_forest,mean_decrease_impurity,npl90_lag_6m,2.70345252212643,,0.02428561319590093,0.02428561319590093,,-0.807767214372212,0.0,development
4,2023-09-01,random_forest,mean_decrease_impurity,npl90_lag_12m,1.99441337560216,,0.030828205038144995,0.030828205038144995,,-0.807767214372212,0.0,development
4,2023-09-01,random_forest,mean_decrease_impurity,npl90_change_1m_pp,0.0608512438072597,,0.0028511247444347127,0.0028511247444347127,,-0.807767214372212,0.0,development
4,2023-09-01,random_forest,mean_decrease_impurity,npl90_change_3m_pp,0.0712798006424098,,0.0038389486856149064,0.0038389486856149064,,-0.807767214372212,0.0,development
4,2023-09-01,random_forest,mean_decrease_impurity,npl90_change_12m_pp,0.7655240618634698,,0.00830495540454066,0.00830495540454066,,-0.807767214372212,0.0,development
4,2023-09-01,random_forest,mean_decrease_impurity,npl90_rolling_mean_3m,2.735104660122,,0.010441506346283404,0.010441506346283404,,-0.807767214372212,0.0,development
4,2023-09-01,random_forest,mean_decrease_impurity,npl90_rolling_mean_6m,2.7412793094625534,,0.1869672685619921,0.1869672685619921,,-0.807767214372212,0.0,development
4,2023-09-01,random_forest,mean_decrease_impurity,npl90_rolling_mean_12m,2.651826034733361,,0.17676094120076172,0.17676094120076172,,-0.807767214372212,0.0,development
4,2023-09-01,random_forest,mean_decrease_impurity,imacec_yoy_pct,0.5200481506699717,,0.11827224884538826,0.11827224884538826,,-0.807767214372212,0.0,development
4,2023-09-01,random_forest,mean_decrease_impurity,ipc_yoy,4.686963759,,0.0032591646098026937,0.0032591646098026937,,-0.807767214372212,0.0,development
4,2023-09-01,random_forest,mean_decrease_impurity,unemployment_rate,8.9956512830772,,0.011335487825034041,0.011335487825034041,,-0.807767214372212,0.0,development
4,2023-09-01,random_forest,mean_decrease_impurity,tpm_monthly_average,9.62,,0.005269530819209619,0.005269530819209619,,-0.807767214372212,0.0,development
4,2023-09-01,random_forest,mean_decrease_impurity,tpm_change_3m_pp,-1.6300000000000008,,0.3320146364379168,0.3320146364379168,,-0.807767214372212,0.0,development
4,2023-09-01,random_forest,mean_decrease_impurity,usdclp_yoy_pct,-3.9743233132709666,,0.014585705695930054,0.014585705695930054,,-0.807767214372212,0.0,development
4,2023-09-01,random_forest,mean_decrease_impurity,consumer_lending_rate,28.98,,0.012452975140609975,0.012452975140609975,,-0.807767214372212,0.0,development
4,2023-09-01,random_forest,mean_decrease_impurity,consumer_lending_rate_change_3m_pp,0.07000000000000028,,0.001864753372828522,0.001864753372828522,,-0.807767214372212,0.0,development
4,2023-09-01,random_forest,mean_decrease_impurity,real_consumer_loans_yoy_pct,0.2846641737051625,,0.009403003853101392,0.009403003853101392,,-0.807767214372212,0.0,development
4,2023-09-01,random_forest,mean_decrease_impurity,real_m1_yoy_pct,-13.327644250360782,,0.0031002906777383983,0.0031002906777383983,,-0.807767214372212,0.0,development
4,2023-09-01,random_forest,mean_decrease_impurity,month_sin,-0.8660254037844385,,0.01864357110970158,0.01864357110970158,,-0.807767214372212,0.0,development
4,2023-09-01,random_forest,mean_decrease_impurity,month_cos,-0.5000000000000004,,0.0015735475356777732,0.0015735475356777732,,-0.807767214372212,0.0,development
4,2023-09-01,xgboost,tree_shap,npl90_level_t,2.75993743746563,-0.08201232552528381,0.08201232552528381,,0.0457608699798584,-0.479245126247406,1.0128132998943329e-08,development
4,2023-09-01,xgboost,tree_shap,npl90_lag_1m,2.69908619365837,-0.037641771137714386,0.037641771137714386,,0.0457608699798584,-0.479245126247406,1.0128132998943329e-08,development
4,2023-09-01,xgboost,tree_shap,npl90_lag_3m,2.68865763682322,-0.013970959931612015,0.013970959931612015,,0.0457608699798584,-0.479245126247406,1.0128132998943329e-08,development
4,2023-09-01,xgboost,tree_shap,npl90_lag_6m,2.70345252212643,-0.017965564504265785,0.017965564504265785,,0.0457608699798584,-0.479245126247406,1.0128132998943329e-08,development
4,2023-09-01,xgboost,tree_shap,npl90_lag_12m,1.99441337560216,0.062173448503017426,0.062173448503017426,,0.0457608699798584,-0.479245126247406,1.0128132998943329e-08,development
4,2023-09-01,xgboost,tree_shap,npl90_change_1m_pp,0.0608512438072597,-0.023183120414614677,0.023183120414614677,,0.0457608699798584,-0.479245126247406,1.0128132998943329e-08,development
4,2023-09-01,xgboost,tree_shap,npl90_change_3m_pp,0.0712798006424098,0.002440249314531684,0.002440249314531684,,0.0457608699798584,-0.479245126247406,1.0128132998943329e-08,development
4,2023-09-01,xgboost,tree_shap,npl90_change_12m_pp,0.7655240618634698,0.0017924171406775713,0.0017924171406775713,,0.0457608699798584,-0.479245126247406,1.0128132998943329e-08,development
4,2023-09-01,xgboost,tree_shap,npl90_rolling_mean_3m,2.735104660122,-0.043613284826278687,0.043613284826278687,,0.0457608699798584,-0.479245126247406,1.0128132998943329e-08,development
4,2023-09-01,xgboost,tree_shap,npl90_rolling_mean_6m,2.7412793094625534,-0.26010119915008545,0.26010119915008545,,0.0457608699798584,-0.479245126247406,1.0128132998943329e-08,development
4,2023-09-01,xgboost,tree_shap,npl90_rolling_mean_12m,2.651826034733361,-0.13690604269504547,0.13690604269504547,,0.0457608699798584,-0.479245126247406,1.0128132998943329e-08,development
4,2023-09-01,xgboost,tree_shap,imacec_yoy_pct,0.5200481506699717,0.016375159844756126,0.016375159844756126,,0.0457608699798584,-0.479245126247406,1.0128132998943329e-08,development
4,2023-09-01,xgboost,tree_shap,ipc_yoy,4.686963759,-0.0009296216303482652,0.0009296216303482652,,0.0457608699798584,-0.479245126247406,1.0128132998943329e-08,development
4,2023-09-01,xgboost,tree_shap,unemployment_rate,8.9956512830772,0.026255851611495018,0.026255851611495018,,0.0457608699798584,-0.479245126247406,1.0128132998943329e-08,development
4,2023-09-01,xgboost,tree_shap,tpm_monthly_average,9.62,0.04810434579849243,0.04810434579849243,,0.0457608699798584,-0.479245126247406,1.0128132998943329e-08,development
4,2023-09-01,xgboost,tree_shap,tpm_change_3m_pp,-1.6300000000000008,-0.09032280743122101,0.09032280743122101,,0.0457608699798584,-0.479245126247406,1.0128132998943329e-08,development
4,2023-09-01,xgboost,tree_shap,usdclp_yoy_pct,-3.9743233132709666,-0.025589967146515846,0.025589967146515846,,0.0457608699798584,-0.479245126247406,1.0128132998943329e-08,development
4,2023-09-01,xgboost,tree_shap,consumer_lending_rate,28.98,-0.0025550187565386295,0.0025550187565386295,,0.0457608699798584,-0.479245126247406,1.0128132998943329e-08,development
4,2023-09-01,xgboost,tree_shap,consumer_lending_rate_change_3m_pp,0.07000000000000028,-0.002022435190156102,0.002022435190156102,,0.0457608699798584,-0.479245126247406,1.0128132998943329e-08,development
4,2023-09-01,xgboost,tree_shap,real_consumer_loans_yoy_pct,0.2846641737051625,-0.023088835179805756,0.023088835179805756,,0.0457608699798584,-0.479245126247406,1.0128132998943329e-08,development
4,2023-09-01,xgboost,tree_shap,real_m1_yoy_pct,-13.327644250360782,0.0439271479845047,0.0439271479845047,,0.0457608699798584,-0.479245126247406,1.0128132998943329e-08,development
4,2023-09-01,xgboost,tree_shap,month_sin,-0.8660254037844385,0.031626518815755844,0.031626518815755844,,0.0457608699798584,-0.479245126247406,1.0128132998943329e-08,development
4,2023-09-01,xgboost,tree_shap,month_cos,-0.5000000000000004,0.002201828407123685,0.002201828407123685,,0.0457608699798584,-0.479245126247406,1.0128132998943329e-08,development
4,2023-10-01,elastic_net,standardized_linear_contribution,npl90_level_t,2.81991810184542,-0.0,0.0,-0.0,0.041877627533642825,-0.2998386733674141,5.551115123125783e-17,development
4,2023-10-01,elastic_net,standardized_linear_contribution,npl90_lag_1m,2.75993743746563,-0.0,0.0,-0.0,0.041877627533642825,-0.2998386733674141,5.551115123125783e-17,development
4,2023-10-01,elastic_net,standardized_linear_contribution,npl90_lag_3m,2.746290349242,-0.0,0.0,-0.0,0.041877627533642825,-0.2998386733674141,5.551115123125783e-17,development
4,2023-10-01,elastic_net,standardized_linear_contribution,npl90_lag_6m,2.77054178295034,-0.0,0.0,-0.0,0.041877627533642825,-0.2998386733674141,5.551115123125783e-17,development
4,2023-10-01,elastic_net,standardized_linear_contribution,npl90_lag_12m,2.29626393163834,-0.0,0.0,-0.0,0.041877627533642825,-0.2998386733674141,5.551115123125783e-17,development
4,2023-10-01,elastic_net,standardized_linear_contribution,npl90_change_1m_pp,0.059980664379790216,0.0,0.0,0.0,0.041877627533642825,-0.2998386733674141,5.551115123125783e-17,development
4,2023-10-01,elastic_net,standardized_linear_contribution,npl90_change_3m_pp,0.07362775260342014,-0.0,0.0,-0.0,0.041877627533642825,-0.2998386733674141,5.551115123125783e-17,development
4,2023-10-01,elastic_net,standardized_linear_contribution,npl90_change_12m_pp,0.52365417020708,-0.0,0.0,-0.0,0.041877627533642825,-0.2998386733674141,5.551115123125783e-17,development
4,2023-10-01,elastic_net,standardized_linear_contribution,npl90_rolling_mean_3m,2.75964724432314,-0.0,0.0,-0.0,0.041877627533642825,-0.2998386733674141,5.551115123125783e-17,development
4,2023-10-01,elastic_net,standardized_linear_contribution,npl90_rolling_mean_6m,2.749508695945067,-0.0,0.0,-0.0,0.041877627533642825,-0.2998386733674141,5.551115123125783e-17,development
4,2023-10-01,elastic_net,standardized_linear_contribution,npl90_rolling_mean_12m,2.6954638822506176,-0.2500957470157889,0.2500957470157889,-0.11122653584063431,0.041877627533642825,-0.2998386733674141,5.551115123125783e-17,development
4,2023-10-01,elastic_net,standardized_linear_contribution,imacec_yoy_pct,1.266900673330018,-0.0013139508249805172,0.0013139508249805172,0.008932531041331068,0.041877627533642825,-0.2998386733674141,5.551115123125783e-17,development
4,2023-10-01,elastic_net,standardized_linear_contribution,ipc_yoy,4.453530541,-0.0,0.0,0.0,0.041877627533642825,-0.2998386733674141,5.551115123125783e-17,development
4,2023-10-01,elastic_net,standardized_linear_contribution,unemployment_rate,8.913008571937,-0.014013916501127207,0.014013916501127207,-0.01915868351339723,0.041877627533642825,-0.2998386733674141,5.551115123125783e-17,development
4,2023-10-01,elastic_net,standardized_linear_contribution,tpm_monthly_average,9.45,0.0,0.0,0.0,0.041877627533642825,-0.2998386733674141,5.551115123125783e-17,development
4,2023-10-01,elastic_net,standardized_linear_contribution,tpm_change_3m_pp,-1.75,-0.140822112970983,0.140822112970983,0.05999143072659594,0.041877627533642825,-0.2998386733674141,5.551115123125783e-17,development
4,2023-10-01,elastic_net,standardized_linear_contribution,usdclp_yoy_pct,-3.091107807510163,0.0,0.0,-0.0,0.041877627533642825,-0.2998386733674141,5.551115123125783e-17,development
4,2023-10-01,elastic_net,standardized_linear_contribution,consumer_lending_rate,27.86,0.0,0.0,0.0,0.041877627533642825,-0.2998386733674141,5.551115123125783e-17,development
4,2023-10-01,elastic_net,standardized_linear_contribution,consumer_lending_rate_change_3m_pp,-1.240000000000002,-0.0,0.0,0.0,0.041877627533642825,-0.2998386733674141,5.551115123125783e-17,development
4,2023-10-01,elastic_net,standardized_linear_contribution,real_consumer_loans_yoy_pct,-0.3646736139884865,0.0,0.0,0.0,0.041877627533642825,-0.2998386733674141,5.551115123125783e-17,development
4,2023-10-01,elastic_net,standardized_linear_contribution,real_m1_yoy_pct,-11.287407481733325,0.05545024772382071,0.05545024772382071,-0.058310446268850576,0.041877627533642825,-0.2998386733674141,5.551115123125783e-17,development
4,2023-10-01,elastic_net,standardized_linear_contribution,month_sin,-1.0,0.009079178688001937,0.009079178688001937,-0.0063457540814115,0.041877627533642825,-0.2998386733674141,5.551115123125783e-17,development
4,2023-10-01,elastic_net,standardized_linear_contribution,month_cos,-1.8369701987210297e-16,-0.0,0.0,0.0,0.041877627533642825,-0.2998386733674141,5.551115123125783e-17,development
4,2023-10-01,random_forest,mean_decrease_impurity,npl90_level_t,2.81991810184542,,0.005993220800608802,0.005993220800608802,,-0.7697364586209814,0.0,development
4,2023-10-01,random_forest,mean_decrease_impurity,npl90_lag_1m,2.75993743746563,,0.005656964940557098,0.005656964940557098,,-0.7697364586209814,0.0,development
4,2023-10-01,random_forest,mean_decrease_impurity,npl90_lag_3m,2.746290349242,,0.006459617083251291,0.006459617083251291,,-0.7697364586209814,0.0,development
4,2023-10-01,random_forest,mean_decrease_impurity,npl90_lag_6m,2.77054178295034,,0.019237314393000127,0.019237314393000127,,-0.7697364586209814,0.0,development
4,2023-10-01,random_forest,mean_decrease_impurity,npl90_lag_12m,2.29626393163834,,0.029828226193525254,0.029828226193525254,,-0.7697364586209814,0.0,development
4,2023-10-01,random_forest,mean_decrease_impurity,npl90_change_1m_pp,0.059980664379790216,,0.002291442030295428,0.002291442030295428,,-0.7697364586209814,0.0,development
4,2023-10-01,random_forest,mean_decrease_impurity,npl90_change_3m_pp,0.07362775260342014,,0.0032939128869581206,0.0032939128869581206,,-0.7697364586209814,0.0,development
4,2023-10-01,random_forest,mean_decrease_impurity,npl90_change_12m_pp,0.52365417020708,,0.009379354119880173,0.009379354119880173,,-0.7697364586209814,0.0,development
4,2023-10-01,random_forest,mean_decrease_impurity,npl90_rolling_mean_3m,2.75964724432314,,0.005048426859317531,0.005048426859317531,,-0.7697364586209814,0.0,development
4,2023-10-01,random_forest,mean_decrease_impurity,npl90_rolling_mean_6m,2.749508695945067,,0.08473176129202038,0.08473176129202038,,-0.7697364586209814,0.0,development
4,2023-10-01,random_forest,mean_decrease_impurity,npl90_rolling_mean_12m,2.6954638822506176,,0.24271619098418593,0.24271619098418593,,-0.7697364586209814,0.0,development
4,2023-10-01,random_forest,mean_decrease_impurity,imacec_yoy_pct,1.266900673330018,,0.1547635547968126,0.1547635547968126,,-0.7697364586209814,0.0,development
4,2023-10-01,random_forest,mean_decrease_impurity,ipc_yoy,4.453530541,,0.003597203746859276,0.003597203746859276,,-0.7697364586209814,0.0,development
4,2023-10-01,random_forest,mean_decrease_impurity,unemployment_rate,8.913008571937,,0.01205483198961533,0.01205483198961533,,-0.7697364586209814,0.0,development
4,2023-10-01,random_forest,mean_decrease_impurity,tpm_monthly_average,9.45,,0.009586190574830485,0.009586190574830485,,-0.7697364586209814,0.0,development
4,2023-10-01,random_forest,mean_decrease_impurity,tpm_change_3m_pp,-1.75,,0.33712890990390404,0.33712890990390404,,-0.7697364586209814,0.0,development
4,2023-10-01,random_forest,mean_decrease_impurity,usdclp_yoy_pct,-3.091107807510163,,0.013689723663428147,0.013689723663428147,,-0.7697364586209814,0.0,development
4,2023-10-01,random_forest,mean_decrease_impurity,consumer_lending_rate,27.86,,0.01350234970254579,0.01350234970254579,,-0.7697364586209814,0.0,development
4,2023-10-01,random_forest,mean_decrease_impurity,consumer_lending_rate_change_3m_pp,-1.240000000000002,,0.003784694435323539,0.003784694435323539,,-0.7697364586209814,0.0,development
4,2023-10-01,random_forest,mean_decrease_impurity,real_consumer_loans_yoy_pct,-0.3646736139884865,,0.009071392213840745,0.009071392213840745,,-0.7697364586209814,0.0,development
4,2023-10-01,random_forest,mean_decrease_impurity,real_m1_yoy_pct,-11.287407481733325,,0.005966746266947024,0.005966746266947024,,-0.7697364586209814,0.0,development
4,2023-10-01,random_forest,mean_decrease_impurity,month_sin,-1.0,,0.020509698337526153,0.020509698337526153,,-0.7697364586209814,0.0,development
4,2023-10-01,random_forest,mean_decrease_impurity,month_cos,-1.8369701987210297e-16,,0.0017082727847666861,0.0017082727847666861,,-0.7697364586209814,0.0,development
4,2023-10-01,xgboost,tree_shap,npl90_level_t,2.81991810184542,-0.12112440168857574,0.12112440168857574,,0.04726136848330498,-0.6115302443504333,1.10274413600564e-07,development
4,2023-10-01,xgboost,tree_shap,npl90_lag_1m,2.75993743746563,-0.04363332688808441,0.04363332688808441,,0.04726136848330498,-0.6115302443504333,1.10274413600564e-07,development
4,2023-10-01,xgboost,tree_shap,npl90_lag_3m,2.746290349242,0.01079239696264267,0.01079239696264267,,0.04726136848330498,-0.6115302443504333,1.10274413600564e-07,development
4,2023-10-01,xgboost,tree_shap,npl90_lag_6m,2.77054178295034,-0.011914119124412537,0.011914119124412537,,0.04726136848330498,-0.6115302443504333,1.10274413600564e-07,development
4,2023-10-01,xgboost,tree_shap,npl90_lag_12m,2.29626393163834,-0.14300879836082458,0.14300879836082458,,0.04726136848330498,-0.6115302443504333,1.10274413600564e-07,development
4,2023-10-01,xgboost,tree_shap,npl90_change_1m_pp,0.059980664379790216,-0.014248428866267204,0.014248428866267204,,0.04726136848330498,-0.6115302443504333,1.10274413600564e-07,development
4,2023-10-01,xgboost,tree_shap,npl90_change_3m_pp,0.07362775260342014,-0.0007746301125735044,0.0007746301125735044,,0.04726136848330498,-0.6115302443504333,1.10274413600564e-07,development
4,2023-10-01,xgboost,tree_shap,npl90_change_12m_pp,0.52365417020708,-0.003938693553209305,0.003938693553209305,,0.04726136848330498,-0.6115302443504333,1.10274413600564e-07,development
4,2023-10-01,xgboost,tree_shap,npl90_rolling_mean_3m,2.75964724432314,-0.10287255793809891,0.10287255793809891,,0.04726136848330498,-0.6115302443504333,1.10274413600564e-07,development
4,2023-10-01,xgboost,tree_shap,npl90_rolling_mean_6m,2.749508695945067,-0.10773227363824844,0.10773227363824844,,0.04726136848330498,-0.6115302443504333,1.10274413600564e-07,development
4,2023-10-01,xgboost,tree_shap,npl90_rolling_mean_12m,2.6954638822506176,-0.16321545839309692,0.16321545839309692,,0.04726136848330498,-0.6115302443504333,1.10274413600564e-07,development
4,2023-10-01,xgboost,tree_shap,imacec_yoy_pct,1.266900673330018,0.01976669207215309,0.01976669207215309,,0.04726136848330498,-0.6115302443504333,1.10274413600564e-07,development
4,2023-10-01,xgboost,tree_shap,ipc_yoy,4.453530541,0.00043303766869939864,0.00043303766869939864,,0.04726136848330498,-0.6115302443504333,1.10274413600564e-07,development
4,2023-10-01,xgboost,tree_shap,unemployment_rate,8.913008571937,0.03065071627497673,0.03065071627497673,,0.04726136848330498,-0.6115302443504333,1.10274413600564e-07,development
4,2023-10-01,xgboost,tree_shap,tpm_monthly_average,9.45,0.027189740911126137,0.027189740911126137,,0.04726136848330498,-0.6115302443504333,1.10274413600564e-07,development
4,2023-10-01,xgboost,tree_shap,tpm_change_3m_pp,-1.75,-0.12316373735666275,0.12316373735666275,,0.04726136848330498,-0.6115302443504333,1.10274413600564e-07,development
4,2023-10-01,xgboost,tree_shap,usdclp_yoy_pct,-3.091107807510163,-0.007519751787185669,0.007519751787185669,,0.04726136848330498,-0.6115302443504333,1.10274413600564e-07,development
4,2023-10-01,xgboost,tree_shap,consumer_lending_rate,27.86,0.0014586613979190588,0.0014586613979190588,,0.04726136848330498,-0.6115302443504333,1.10274413600564e-07,development
4,2023-10-01,xgboost,tree_shap,consumer_lending_rate_change_3m_pp,-1.240000000000002,-0.0038475829642266035,0.0038475829642266035,,0.04726136848330498,-0.6115302443504333,1.10274413600564e-07,development
4,2023-10-01,xgboost,tree_shap,real_consumer_loans_yoy_pct,-0.3646736139884865,-0.01551362220197916,0.01551362220197916,,0.04726136848330498,-0.6115302443504333,1.10274413600564e-07,development
4,2023-10-01,xgboost,tree_shap,real_m1_yoy_pct,-11.287407481733325,0.078789122402668,0.078789122402668,,0.04726136848330498,-0.6115302443504333,1.10274413600564e-07,development
4,2023-10-01,xgboost,tree_shap,month_sin,-1.0,0.02955295890569687,0.02955295890569687,,0.04726136848330498,-0.6115302443504333,1.10274413600564e-07,development
4,2023-10-01,xgboost,tree_shap,month_cos,-1.8369701987210297e-16,0.005082553718239069,0.005082553718239069,,0.04726136848330498,-0.6115302443504333,1.10274413600564e-07,development
4,2023-11-01,elastic_net,standardized_linear_contribution,npl90_level_t,2.87024766784452,-0.0,0.0,-0.0,0.04233426979298744,-0.2612054966522925,0.0,development
4,2023-11-01,elastic_net,standardized_linear_contribution,npl90_lag_1m,2.81991810184542,-0.0,0.0,-0.0,0.04233426979298744,-0.2612054966522925,0.0,development
4,2023-11-01,elastic_net,standardized_linear_contribution,npl90_lag_3m,2.69908619365837,-0.0,0.0,-0.0,0.04233426979298744,-0.2612054966522925,0.0,development
4,2023-11-01,elastic_net,standardized_linear_contribution,npl90_lag_6m,2.78316245663576,-0.0,0.0,-0.0,0.04233426979298744,-0.2612054966522925,0.0,development
4,2023-11-01,elastic_net,standardized_linear_contribution,npl90_lag_12m,2.40141906856362,-0.0,0.0,-0.0,0.04233426979298744,-0.2612054966522925,0.0,development
4,2023-11-01,elastic_net,standardized_linear_contribution,npl90_change_1m_pp,0.0503295659991001,0.0,0.0,0.0,0.04233426979298744,-0.2612054966522925,0.0,development
4,2023-11-01,elastic_net,standardized_linear_contribution,npl90_change_3m_pp,0.17116147418615002,-0.0,0.0,-0.0,0.04233426979298744,-0.2612054966522925,0.0,development
4,2023-11-01,elastic_net,standardized_linear_contribution,npl90_change_12m_pp,0.46882859928090026,-0.0,0.0,-0.0,0.04233426979298744,-0.2612054966522925,0.0,development
4,2023-11-01,elastic_net,standardized_linear_contribution,npl90_rolling_mean_3m,2.8167010690518564,-0.0,0.0,-0.0,0.04233426979298744,-0.2612054966522925,0.0,development
4,2023-11-01,elastic_net,standardized_linear_contribution,npl90_rolling_mean_6m,2.7640228978131933,-0.0,0.0,-0.0,0.04233426979298744,-0.2612054966522925,0.0,development
4,2023-11-01,elastic_net,standardized_linear_contribution,npl90_rolling_mean_12m,2.7345329321906924,-0.23221757746376154,0.23221757746376154,-0.09869462978395424,0.04233426979298744,-0.2612054966522925,0.0,development
4,2023-11-01,elastic_net,standardized_linear_contribution,imacec_yoy_pct,2.0254048992658147,-0.00023475545005912163,0.00023475545005912163,0.015097127470677289,0.04233426979298744,-0.2612054966522925,0.0,development
4,2023-11-01,elastic_net,standardized_linear_contribution,ipc_yoy,4.215618051,-0.0,0.0,0.0,0.04233426979298744,-0.2612054966522925,0.0,development
4,2023-11-01,elastic_net,standardized_linear_contribution,unemployment_rate,8.8864690786627,-0.010915574236983281,0.010915574236983281,-0.01535350011332827,0.04233426979298744,-0.2612054966522925,0.0,development
4,2023-11-01,elastic_net,standardized_linear_contribution,tpm_monthly_average,9.0,0.0,0.0,0.0,0.04233426979298744,-0.2612054966522925,0.0,development
4,2023-11-01,elastic_net,standardized_linear_contribution,tpm_change_3m_pp,-1.25,-0.1166585798309683,0.1166585798309683,0.06604120075865146,0.04233426979298744,-0.2612054966522925,0.0,development
4,2023-11-01,elastic_net,standardized_linear_contribution,usdclp_yoy_pct,-3.3191730652695983,0.0,0.0,-0.0,0.04233426979298744,-0.2612054966522925,0.0,development
4,2023-11-01,elastic_net,standardized_linear_contribution,consumer_lending_rate,27.5,0.0,0.0,0.0,0.04233426979298744,-0.2612054966522925,0.0,development
4,2023-11-01,elastic_net,standardized_linear_contribution,consumer_lending_rate_change_3m_pp,-0.9800000000000004,-0.0,0.0,0.0,0.04233426979298744,-0.2612054966522925,0.0,development
4,2023-11-01,elastic_net,standardized_linear_contribution,real_consumer_loans_yoy_pct,-0.739148092378139,-0.0,0.0,0.0,0.04233426979298744,-0.2612054966522925,0.0,development
4,2023-11-01,elastic_net,standardized_linear_contribution,real_m1_yoy_pct,-9.085280883058855,0.052037328793023106,0.052037328793023106,-0.06279618497543349,0.04233426979298744,-0.2612054966522925,0.0,development
4,2023-11-01,elastic_net,standardized_linear_contribution,month_sin,-0.8660254037844386,0.004449391743469255,0.004449391743469255,-0.00355345244480542,0.04233426979298744,-0.2612054966522925,0.0,development
4,2023-11-01,elastic_net,standardized_linear_contribution,month_cos,0.5000000000000001,0.0,0.0,0.0,0.04233426979298744,-0.2612054966522925,0.0,development
4,2023-11-01,random_forest,mean_decrease_impurity,npl90_level_t,2.87024766784452,,0.0052877784997151156,0.0052877784997151156,,-0.4859496420490074,0.0,development
4,2023-11-01,random_forest,mean_decrease_impurity,npl90_lag_1m,2.81991810184542,,0.0038444376109636673,0.0038444376109636673,,-0.4859496420490074,0.0,development
4,2023-11-01,random_forest,mean_decrease_impurity,npl90_lag_3m,2.69908619365837,,0.006143494738507464,0.006143494738507464,,-0.4859496420490074,0.0,development
4,2023-11-01,random_forest,mean_decrease_impurity,npl90_lag_6m,2.78316245663576,,0.012432327564240085,0.012432327564240085,,-0.4859496420490074,0.0,development
4,2023-11-01,random_forest,mean_decrease_impurity,npl90_lag_12m,2.40141906856362,,0.03342477799368207,0.03342477799368207,,-0.4859496420490074,0.0,development
4,2023-11-01,random_forest,mean_decrease_impurity,npl90_change_1m_pp,0.0503295659991001,,0.0024859547446715487,0.0024859547446715487,,-0.4859496420490074,0.0,development
4,2023-11-01,random_forest,mean_decrease_impurity,npl90_change_3m_pp,0.17116147418615002,,0.005119831902875348,0.005119831902875348,,-0.4859496420490074,0.0,development
4,2023-11-01,random_forest,mean_decrease_impurity,npl90_change_12m_pp,0.46882859928090026,,0.007311678246158615,0.007311678246158615,,-0.4859496420490074,0.0,development
4,2023-11-01,random_forest,mean_decrease_impurity,npl90_rolling_mean_3m,2.8167010690518564,,0.002982528674146065,0.002982528674146065,,-0.4859496420490074,0.0,development
4,2023-11-01,random_forest,mean_decrease_impurity,npl90_rolling_mean_6m,2.7640228978131933,,0.061905272356353576,0.061905272356353576,,-0.4859496420490074,0.0,development
4,2023-11-01,random_forest,mean_decrease_impurity,npl90_rolling_mean_12m,2.7345329321906924,,0.12587165920009252,0.12587165920009252,,-0.4859496420490074,0.0,development
4,2023-11-01,random_forest,mean_decrease_impurity,imacec_yoy_pct,2.0254048992658147,,0.26777595126527864,0.26777595126527864,,-0.4859496420490074,0.0,development
4,2023-11-01,random_forest,mean_decrease_impurity,ipc_yoy,4.215618051,,0.0035635272588396944,0.0035635272588396944,,-0.4859496420490074,0.0,development
4,2023-11-01,random_forest,mean_decrease_impurity,unemployment_rate,8.8864690786627,,0.016254810683046104,0.016254810683046104,,-0.4859496420490074,0.0,development
4,2023-11-01,random_forest,mean_decrease_impurity,tpm_monthly_average,9.0,,0.031871372303009834,0.031871372303009834,,-0.4859496420490074,0.0,development
4,2023-11-01,random_forest,mean_decrease_impurity,tpm_change_3m_pp,-1.25,,0.3471507416001762,0.3471507416001762,,-0.4859496420490074,0.0,development
4,2023-11-01,random_forest,mean_decrease_impurity,usdclp_yoy_pct,-3.3191730652695983,,0.015517340353368176,0.015517340353368176,,-0.4859496420490074,0.0,development
4,2023-11-01,random_forest,mean_decrease_impurity,consumer_lending_rate,27.5,,0.014676160570793746,0.014676160570793746,,-0.4859496420490074,0.0,development
4,2023-11-01,random_forest,mean_decrease_impurity,consumer_lending_rate_change_3m_pp,-0.9800000000000004,,0.0012899711318586954,0.0012899711318586954,,-0.4859496420490074,0.0,development
4,2023-11-01,random_forest,mean_decrease_impurity,real_consumer_loans_yoy_pct,-0.739148092378139,,0.010625304983262925,0.010625304983262925,,-0.4859496420490074,0.0,development
4,2023-11-01,random_forest,mean_decrease_impurity,real_m1_yoy_pct,-9.085280883058855,,0.005258934442764565,0.005258934442764565,,-0.4859496420490074,0.0,development
4,2023-11-01,random_forest,mean_decrease_impurity,month_sin,-0.8660254037844386,,0.018378006602664646,0.018378006602664646,,-0.4859496420490074,0.0,development
4,2023-11-01,random_forest,mean_decrease_impurity,month_cos,0.5000000000000001,,0.0008281372735305135,0.0008281372735305135,,-0.4859496420490074,0.0,development
4,2023-11-01,xgboost,tree_shap,npl90_level_t,2.87024766784452,-0.08764014393091202,0.08764014393091202,,0.045908622443675995,-0.2347964644432068,4.0745362639427185e-10,development
4,2023-11-01,xgboost,tree_shap,npl90_lag_1m,2.81991810184542,-0.04781762883067131,0.04781762883067131,,0.045908622443675995,-0.2347964644432068,4.0745362639427185e-10,development
4,2023-11-01,xgboost,tree_shap,npl90_lag_3m,2.69908619365837,0.033064987510442734,0.033064987510442734,,0.045908622443675995,-0.2347964644432068,4.0745362639427185e-10,development
4,2023-11-01,xgboost,tree_shap,npl90_lag_6m,2.78316245663576,0.012224002741277218,0.012224002741277218,,0.045908622443675995,-0.2347964644432068,4.0745362639427185e-10,development
4,2023-11-01,xgboost,tree_shap,npl90_lag_12m,2.40141906856362,-0.10199189931154251,0.10199189931154251,,0.045908622443675995,-0.2347964644432068,4.0745362639427185e-10,development
4,2023-11-01,xgboost,tree_shap,npl90_change_1m_pp,0.0503295659991001,-0.024270426481962204,0.024270426481962204,,0.045908622443675995,-0.2347964644432068,4.0745362639427185e-10,development
4,2023-11-01,xgboost,tree_shap,npl90_change_3m_pp,0.17116147418615002,-0.005141588393598795,0.005141588393598795,,0.045908622443675995,-0.2347964644432068,4.0745362639427185e-10,development
4,2023-11-01,xgboost,tree_shap,npl90_change_12m_pp,0.46882859928090026,0.002423953264951706,0.002423953264951706,,0.045908622443675995,-0.2347964644432068,4.0745362639427185e-10,development
4,2023-11-01,xgboost,tree_shap,npl90_rolling_mean_3m,2.8167010690518564,-0.06167327240109444,0.06167327240109444,,0.045908622443675995,-0.2347964644432068,4.0745362639427185e-10,development
4,2023-11-01,xgboost,tree_shap,npl90_rolling_mean_6m,2.7640228978131933,-0.041816480457782745,0.041816480457782745,,0.045908622443675995,-0.2347964644432068,4.0745362639427185e-10,development
4,2023-11-01,xgboost,tree_shap,npl90_rolling_mean_12m,2.7345329321906924,-0.0474662184715271,0.0474662184715271,,0.045908622443675995,-0.2347964644432068,4.0745362639427185e-10,development
4,2023-11-01,xgboost,tree_shap,imacec_yoy_pct,2.0254048992658147,0.030204983428120613,0.030204983428120613,,0.045908622443675995,-0.2347964644432068,4.0745362639427185e-10,development
4,2023-11-01,xgboost,tree_shap,ipc_yoy,4.215618051,0.01342868059873581,0.01342868059873581,,0.045908622443675995,-0.2347964644432068,4.0745362639427185e-10,development
4,2023-11-01,xgboost,tree_shap,unemployment_rate,8.8864690786627,0.03222587704658508,0.03222587704658508,,0.045908622443675995,-0.2347964644432068,4.0745362639427185e-10,development
4,2023-11-01,xgboost,tree_shap,tpm_monthly_average,9.0,0.04392899572849274,0.04392899572849274,,0.045908622443675995,-0.2347964644432068,4.0745362639427185e-10,development
4,2023-11-01,xgboost,tree_shap,tpm_change_3m_pp,-1.25,-0.09454192966222763,0.09454192966222763,,0.045908622443675995,-0.2347964644432068,4.0745362639427185e-10,development
4,2023-11-01,xgboost,tree_shap,usdclp_yoy_pct,-3.3191730652695983,-0.0028307228349149227,0.0028307228349149227,,0.045908622443675995,-0.2347964644432068,4.0745362639427185e-10,development
4,2023-11-01,xgboost,tree_shap,consumer_lending_rate,27.5,-0.0025145155377686024,0.0025145155377686024,,0.045908622443675995,-0.2347964644432068,4.0745362639427185e-10,development
4,2023-11-01,xgboost,tree_shap,consumer_lending_rate_change_3m_pp,-0.9800000000000004,-0.0003965431242249906,0.0003965431242249906,,0.045908622443675995,-0.2347964644432068,4.0745362639427185e-10,development
4,2023-11-01,xgboost,tree_shap,real_consumer_loans_yoy_pct,-0.739148092378139,-0.009319175034761429,0.009319175034761429,,0.045908622443675995,-0.2347964644432068,4.0745362639427185e-10,development
4,2023-11-01,xgboost,tree_shap,real_m1_yoy_pct,-9.085280883058855,0.049956075847148895,0.049956075847148895,,0.045908622443675995,-0.2347964644432068,4.0745362639427185e-10,development
4,2023-11-01,xgboost,tree_shap,month_sin,-0.8660254037844386,0.03975548967719078,0.03975548967719078,,0.045908622443675995,-0.2347964644432068,4.0745362639427185e-10,development
4,2023-11-01,xgboost,tree_shap,month_cos,0.5000000000000001,-0.01049758866429329,0.01049758866429329,,0.045908622443675995,-0.2347964644432068,4.0745362639427185e-10,development
4,2023-12-01,elastic_net,standardized_linear_contribution,npl90_level_t,2.88965475137746,-0.0,0.0,-0.0,0.04392089824060002,-0.20137695999477245,2.7755575615628914e-17,development
4,2023-12-01,elastic_net,standardized_linear_contribution,npl90_lag_1m,2.87024766784452,-0.0,0.0,-0.0,0.04392089824060002,-0.20137695999477245,2.7755575615628914e-17,development
4,2023-12-01,elastic_net,standardized_linear_contribution,npl90_lag_3m,2.75993743746563,-0.0,0.0,-0.0,0.04392089824060002,-0.20137695999477245,2.7755575615628914e-17,development
4,2023-12-01,elastic_net,standardized_linear_contribution,npl90_lag_6m,2.68865763682322,-0.0,0.0,-0.0,0.04392089824060002,-0.20137695999477245,2.7755575615628914e-17,development
4,2023-12-01,elastic_net,standardized_linear_contribution,npl90_lag_12m,2.48448811978105,-0.0,0.0,-0.0,0.04392089824060002,-0.20137695999477245,2.7755575615628914e-17,development
4,2023-12-01,elastic_net,standardized_linear_contribution,npl90_change_1m_pp,0.01940708353293985,0.0,0.0,0.0,0.04392089824060002,-0.20137695999477245,2.7755575615628914e-17,development
4,2023-12-01,elastic_net,standardized_linear_contribution,npl90_change_3m_pp,0.12971731391183017,-0.0,0.0,-0.0,0.04392089824060002,-0.20137695999477245,2.7755575615628914e-17,development
4,2023-12-01,elastic_net,standardized_linear_contribution,npl90_change_12m_pp,0.40516663159640975,-0.0,0.0,-0.0,0.04392089824060002,-0.20137695999477245,2.7755575615628914e-17,development
4,2023-12-01,elastic_net,standardized_linear_contribution,npl90_rolling_mean_3m,2.8599401736891337,-0.0,0.0,-0.0,0.04392089824060002,-0.20137695999477245,2.7755575615628914e-17,development
4,2023-12-01,elastic_net,standardized_linear_contribution,npl90_rolling_mean_6m,2.797522416905567,-0.0,0.0,-0.0,0.04392089824060002,-0.20137695999477245,2.7755575615628914e-17,development
4,2023-12-01,elastic_net,standardized_linear_contribution,npl90_rolling_mean_12m,2.7682968181570597,-0.18643132933926504,0.18643132933926504,-0.07670660393277011,0.04392089824060002,-0.20137695999477245,2.7755575615628914e-17,development
4,2023-12-01,elastic_net,standardized_linear_contribution,imacec_yoy_pct,2.4331941815435965,0.0015021205373571358,0.0015021205373571358,0.025688007064221325,0.04392089824060002,-0.20137695999477245,2.7755575615628914e-17,development
4,2023-12-01,elastic_net,standardized_linear_contribution,ipc_yoy,3.37450056,-0.0,0.0,0.0,0.04392089824060002,-0.20137695999477245,2.7755575615628914e-17,development
4,2023-12-01,elastic_net,standardized_linear_contribution,unemployment_rate,8.732412133756,-0.005915462176695298,0.005915462176695298,-0.009727232213859892,0.04392089824060002,-0.20137695999477245,2.7755575615628914e-17,development
4,2023-12-01,elastic_net,standardized_linear_contribution,tpm_monthly_average,8.72,0.0,0.0,0.0,0.04392089824060002,-0.20137695999477245,2.7755575615628914e-17,development
4,2023-12-01,elastic_net,standardized_linear_contribution,tpm_change_3m_pp,-0.8999999999999986,-0.10439547290407793,0.10439547290407793,0.07689962781336947,0.04392089824060002,-0.20137695999477245,2.7755575615628914e-17,development
4,2023-12-01,elastic_net,standardized_linear_contribution,usdclp_yoy_pct,-0.11370137649769907,0.0,0.0,-0.0,0.04392089824060002,-0.20137695999477245,2.7755575615628914e-17,development
4,2023-12-01,elastic_net,standardized_linear_contribution,consumer_lending_rate,27.58,0.0,0.0,0.0,0.04392089824060002,-0.20137695999477245,2.7755575615628914e-17,development
4,2023-12-01,elastic_net,standardized_linear_contribution,consumer_lending_rate_change_3m_pp,-1.4000000000000021,-0.0,0.0,0.0,0.04392089824060002,-0.20137695999477245,2.7755575615628914e-17,development
4,2023-12-01,elastic_net,standardized_linear_contribution,real_consumer_loans_yoy_pct,-0.31917629307224304,0.0,0.0,0.0,0.04392089824060002,-0.20137695999477245,2.7755575615628914e-17,development
4,2023-12-01,elastic_net,standardized_linear_contribution,real_m1_yoy_pct,-6.526905091949264,0.0489536047370277,0.0489536047370277,-0.07048152862484872,0.04392089824060002,-0.20137695999477245,2.7755575615628914e-17,development
4,2023-12-01,elastic_net,standardized_linear_contribution,month_sin,-0.5000000000000004,0.000988680910280931,0.000988680910280931,-0.001321762868205537,0.04392089824060002,-0.20137695999477245,2.7755575615628914e-17,development
4,2023-12-01,elastic_net,standardized_linear_contribution,month_cos,0.8660254037844384,-0.0,0.0,-0.0,0.04392089824060002,-0.20137695999477245,2.7755575615628914e-17,development
4,2023-12-01,random_forest,mean_decrease_impurity,npl90_level_t,2.88965475137746,,0.0036158812645397014,0.0036158812645397014,,-0.2716651774631246,0.0,development
4,2023-12-01,random_forest,mean_decrease_impurity,npl90_lag_1m,2.87024766784452,,0.003098075537604635,0.003098075537604635,,-0.2716651774631246,0.0,development
4,2023-12-01,random_forest,mean_decrease_impurity,npl90_lag_3m,2.75993743746563,,0.005907162518644252,0.005907162518644252,,-0.2716651774631246,0.0,development
4,2023-12-01,random_forest,mean_decrease_impurity,npl90_lag_6m,2.68865763682322,,0.012991944837218416,0.012991944837218416,,-0.2716651774631246,0.0,development
4,2023-12-01,random_forest,mean_decrease_impurity,npl90_lag_12m,2.48448811978105,,0.03791036102538635,0.03791036102538635,,-0.2716651774631246,0.0,development
4,2023-12-01,random_forest,mean_decrease_impurity,npl90_change_1m_pp,0.01940708353293985,,0.0035020981065283516,0.0035020981065283516,,-0.2716651774631246,0.0,development
4,2023-12-01,random_forest,mean_decrease_impurity,npl90_change_3m_pp,0.12971731391183017,,0.004493056164869991,0.004493056164869991,,-0.2716651774631246,0.0,development
4,2023-12-01,random_forest,mean_decrease_impurity,npl90_change_12m_pp,0.40516663159640975,,0.005342304653273274,0.005342304653273274,,-0.2716651774631246,0.0,development
4,2023-12-01,random_forest,mean_decrease_impurity,npl90_rolling_mean_3m,2.8599401736891337,,0.006775890125039791,0.006775890125039791,,-0.2716651774631246,0.0,development
4,2023-12-01,random_forest,mean_decrease_impurity,npl90_rolling_mean_6m,2.797522416905567,,0.025964734516498174,0.025964734516498174,,-0.2716651774631246,0.0,development
4,2023-12-01,random_forest,mean_decrease_impurity,npl90_rolling_mean_12m,2.7682968181570597,,0.045798185693914605,0.045798185693914605,,-0.2716651774631246,0.0,development
4,2023-12-01,random_forest,mean_decrease_impurity,imacec_yoy_pct,2.4331941815435965,,0.37952860913120395,0.37952860913120395,,-0.2716651774631246,0.0,development
4,2023-12-01,random_forest,mean_decrease_impurity,ipc_yoy,3.37450056,,0.0031594034129945785,0.0031594034129945785,,-0.2716651774631246,0.0,development
4,2023-12-01,random_forest,mean_decrease_impurity,unemployment_rate,8.732412133756,,0.01737512886519059,0.01737512886519059,,-0.2716651774631246,0.0,development
4,2023-12-01,random_forest,mean_decrease_impurity,tpm_monthly_average,8.72,,0.03313564589183616,0.03313564589183616,,-0.2716651774631246,0.0,development
4,2023-12-01,random_forest,mean_decrease_impurity,tpm_change_3m_pp,-0.8999999999999986,,0.34437394368441143,0.34437394368441143,,-0.2716651774631246,0.0,development
4,2023-12-01,random_forest,mean_decrease_impurity,usdclp_yoy_pct,-0.11370137649769907,,0.01565662332425384,0.01565662332425384,,-0.2716651774631246,0.0,development
4,2023-12-01,random_forest,mean_decrease_impurity,consumer_lending_rate,27.58,,0.014308135900704289,0.014308135900704289,,-0.2716651774631246,0.0,development
4,2023-12-01,random_forest,mean_decrease_impurity,consumer_lending_rate_change_3m_pp,-1.4000000000000021,,0.00537942468475035,0.00537942468475035,,-0.2716651774631246,0.0,development
4,2023-12-01,random_forest,mean_decrease_impurity,real_consumer_loans_yoy_pct,-0.31917629307224304,,0.009302470066590384,0.009302470066590384,,-0.2716651774631246,0.0,development
4,2023-12-01,random_forest,mean_decrease_impurity,real_m1_yoy_pct,-6.526905091949264,,0.006426669704388726,0.006426669704388726,,-0.2716651774631246,0.0,development
4,2023-12-01,random_forest,mean_decrease_impurity,month_sin,-0.5000000000000004,,0.014993512808596985,0.014993512808596985,,-0.2716651774631246,0.0,development
4,2023-12-01,random_forest,mean_decrease_impurity,month_cos,0.8660254037844384,,0.0009607380815611102,0.0009607380815611102,,-0.2716651774631246,0.0,development
4,2023-12-01,xgboost,tree_shap,npl90_level_t,2.88965475137746,-0.11075712740421295,0.11075712740421295,,0.04407072812318802,-0.270695298910141,1.5454133972525597e-07,development
4,2023-12-01,xgboost,tree_shap,npl90_lag_1m,2.87024766784452,-0.06058071553707123,0.06058071553707123,,0.04407072812318802,-0.270695298910141,1.5454133972525597e-07,development
4,2023-12-01,xgboost,tree_shap,npl90_lag_3m,2.75993743746563,0.033620014786720276,0.033620014786720276,,0.04407072812318802,-0.270695298910141,1.5454133972525597e-07,development
4,2023-12-01,xgboost,tree_shap,npl90_lag_6m,2.68865763682322,0.01479698158800602,0.01479698158800602,,0.04407072812318802,-0.270695298910141,1.5454133972525597e-07,development
4,2023-12-01,xgboost,tree_shap,npl90_lag_12m,2.48448811978105,-0.15347425639629364,0.15347425639629364,,0.04407072812318802,-0.270695298910141,1.5454133972525597e-07,development
4,2023-12-01,xgboost,tree_shap,npl90_change_1m_pp,0.01940708353293985,-0.009887639433145523,0.009887639433145523,,0.04407072812318802,-0.270695298910141,1.5454133972525597e-07,development
4,2023-12-01,xgboost,tree_shap,npl90_change_3m_pp,0.12971731391183017,-0.0008534268126823008,0.0008534268126823008,,0.04407072812318802,-0.270695298910141,1.5454133972525597e-07,development
4,2023-12-01,xgboost,tree_shap,npl90_change_12m_pp,0.40516663159640975,-0.02343304455280304,0.02343304455280304,,0.04407072812318802,-0.270695298910141,1.5454133972525597e-07,development
4,2023-12-01,xgboost,tree_shap,npl90_rolling_mean_3m,2.8599401736891337,-0.043399982154369354,0.043399982154369354,,0.04407072812318802,-0.270695298910141,1.5454133972525597e-07,development
4,2023-12-01,xgboost,tree_shap,npl90_rolling_mean_6m,2.797522416905567,0.008753720670938492,0.008753720670938492,,0.04407072812318802,-0.270695298910141,1.5454133972525597e-07,development
4,2023-12-01,xgboost,tree_shap,npl90_rolling_mean_12m,2.7682968181570597,-0.009150815196335316,0.009150815196335316,,0.04407072812318802,-0.270695298910141,1.5454133972525597e-07,development
4,2023-12-01,xgboost,tree_shap,imacec_yoy_pct,2.4331941815435965,0.035196542739868164,0.035196542739868164,,0.04407072812318802,-0.270695298910141,1.5454133972525597e-07,development
4,2023-12-01,xgboost,tree_shap,ipc_yoy,3.37450056,0.002022339031100273,0.002022339031100273,,0.04407072812318802,-0.270695298910141,1.5454133972525597e-07,development
4,2023-12-01,xgboost,tree_shap,unemployment_rate,8.732412133756,0.019045453518629074,0.019045453518629074,,0.04407072812318802,-0.270695298910141,1.5454133972525597e-07,development
4,2023-12-01,xgboost,tree_shap,tpm_monthly_average,8.72,0.043127644807100296,0.043127644807100296,,0.04407072812318802,-0.270695298910141,1.5454133972525597e-07,development
4,2023-12-01,xgboost,tree_shap,tpm_change_3m_pp,-0.8999999999999986,-0.09857679158449173,0.09857679158449173,,0.04407072812318802,-0.270695298910141,1.5454133972525597e-07,development
4,2023-12-01,xgboost,tree_shap,usdclp_yoy_pct,-0.11370137649769907,-0.008914303034543991,0.008914303034543991,,0.04407072812318802,-0.270695298910141,1.5454133972525597e-07,development
4,2023-12-01,xgboost,tree_shap,consumer_lending_rate,27.58,-0.0011172880185768008,0.0011172880185768008,,0.04407072812318802,-0.270695298910141,1.5454133972525597e-07,development
4,2023-12-01,xgboost,tree_shap,consumer_lending_rate_change_3m_pp,-1.4000000000000021,-0.005103855859488249,0.005103855859488249,,0.04407072812318802,-0.270695298910141,1.5454133972525597e-07,development
4,2023-12-01,xgboost,tree_shap,real_consumer_loans_yoy_pct,-0.31917629307224304,-0.003961338195949793,0.003961338195949793,,0.04407072812318802,-0.270695298910141,1.5454133972525597e-07,development
4,2023-12-01,xgboost,tree_shap,real_m1_yoy_pct,-6.526905091949264,0.03586190193891525,0.03586190193891525,,0.04407072812318802,-0.270695298910141,1.5454133972525597e-07,development
4,2023-12-01,xgboost,tree_shap,month_sin,-0.5000000000000004,0.037994515150785446,0.037994515150785446,,0.04407072812318802,-0.270695298910141,1.5454133972525597e-07,development
4,2023-12-01,xgboost,tree_shap,month_cos,0.8660254037844384,-0.015974711626768112,0.015974711626768112,,0.04407072812318802,-0.270695298910141,1.5454133972525597e-07,development
